date,city,category,weather,events,day_of_week,month,is_weekend,is_month_end,jobs
2023-08-17,Bengaluru,Caregiver,Clear,Normal day,3,8,0,0,96
2023-07-29,Bengaluru,Domestic Helper,Clear,Major event,5,7,1,1,155
2024-03-23,Mumbai,Domestic Helper,Clear,Normal day,5,3,1,0,124
2025-05-09,Mumbai,Painter,Rain,Normal day,4,5,0,0,112
2023-01-14,Mumbai,Caregiver,Clear,Normal day,5,1,1,0,103
2024-03-16,Delhi,Electrician,Clear,Holiday,5,3,1,0,118
2024-12-05,Delhi,Technician,Clear,Normal day,3,12,0,0,104
2023-09-13,Hyderabad,Electrician,Rain,Normal day,2,9,0,0,106
2025-01-10,Mumbai,Caregiver,Clear,Normal day,4,1,0,0,99
2024-08-15,Bengaluru,Technician,Clear,Holiday,3,8,0,0,84
2024-07-23,Hyderabad,Caregiver,Rain,Normal day,1,7,0,0,94
2024-12-28,Mumbai,Caregiver,Clear,Normal day,5,12,1,1,93
2023-05-27,Mumbai,Domestic Helper,Extreme heat,Normal day,5,5,1,1,140
2025-02-16,Delhi,Caregiver,Clear,Normal day,6,2,1,0,102
2024-10-26,Bengaluru,Plumber,Clear,Normal day,5,10,1,1,144
2025-04-01,Delhi,Electrician,Clear,Normal day,1,4,0,0,97
2024-10-06,Mumbai,Caregiver,Clear,Normal day,6,10,1,0,95
2025-07-28,Mumbai,Carpenter,Clear,Normal day,0,7,0,1,108
2024-06-22,Hyderabad,Domestic Helper,Clear,Normal day,5,6,1,0,103
2023-10-11,Hyderabad,Electrician,Clear,Normal day,2,10,0,0,85
2023-11-10,Mumbai,Technician,Clear,Normal day,4,11,0,0,111
2025-02-27,Hyderabad,Domestic Helper,Extreme heat,Normal day,3,2,0,1,105
2023-01-24,Bengaluru,Caregiver,Rain,Normal day,1,1,0,0,77
2024-11-27,Bengaluru,Carpenter,Clear,Normal day,2,11,0,1,85
2024-06-23,Mumbai,Domestic Helper,Rain,Normal day,6,6,1,0,137
2024-09-03,Mumbai,Plumber,Clear,Normal day,1,9,0,0,120
2025-12-22,Bengaluru,Domestic Helper,Clear,Major event,0,12,0,0,122
2025-01-13,Delhi,Plumber,Clear,Normal day,0,1,0,0,86
2023-06-11,Bengaluru,Caregiver,Rain,Holiday,6,6,1,0,117
2025-12-26,Mumbai,Plumber,Clear,Normal day,4,12,0,1,131
2023-12-05,Delhi,Domestic Helper,Rain,Normal day,1,12,0,0,104
2024-03-09,Mumbai,Caregiver,Clear,Normal day,5,3,1,0,79
2025-02-03,Hyderabad,Domestic Helper,Clear,Normal day,0,2,0,0,93
2023-05-12,Delhi,Electrician,Rain,Normal day,4,5,0,0,144
2024-03-27,Bengaluru,Electrician,Clear,Holiday,2,3,0,1,99
2023-05-19,Bengaluru,Technician,Clear,Normal day,4,5,0,0,86
2024-07-24,Hyderabad,Plumber,Rain,Normal day,2,7,0,0,114
2025-08-26,Mumbai,Technician,Rain,Normal day,1,8,0,1,141
2023-07-13,Bengaluru,Caregiver,Clear,Normal day,3,7,0,0,85
2025-08-14,Bengaluru,Caregiver,Rain,Normal day,3,8,0,0,106
2023-05-05,Hyderabad,Caregiver,Clear,Normal day,4,5,0,0,80
2024-05-24,Mumbai,Plumber,Clear,Normal day,4,5,0,0,120
2024-01-11,Delhi,Painter,Clear,Normal day,3,1,0,0,81
2025-06-26,Bengaluru,Electrician,Rain,Normal day,3,6,0,1,135
2023-01-31,Bengaluru,Technician,Clear,Holiday,1,1,0,1,100
2025-09-21,Hyderabad,Plumber,Rain,Normal day,6,9,1,0,134
2023-12-04,Hyderabad,Electrician,Extreme heat,Normal day,0,12,0,0,93
2025-07-20,Delhi,Painter,Rain,Normal day,6,7,1,0,129
2025-09-23,Mumbai,Plumber,Clear,Normal day,1,9,0,0,96
2023-05-05,Delhi,Electrician,Clear,Normal day,4,5,0,0,125
2025-12-23,Mumbai,Electrician,Extreme heat,Holiday,1,12,0,0,150
2024-01-16,Bengaluru,Domestic Helper,Clear,Normal day,1,1,0,0,84
2025-04-06,Bengaluru,Domestic Helper,Clear,Normal day,6,4,1,0,116
2023-06-17,Hyderabad,Caregiver,Rain,Normal day,5,6,1,0,104
2024-06-18,Mumbai,Caregiver,Rain,Normal day,1,6,0,0,129
2025-03-21,Mumbai,Caregiver,Clear,Normal day,4,3,0,0,106
2023-05-29,Bengaluru,Painter,Extreme heat,Normal day,0,5,0,1,108
2023-07-24,Bengaluru,Domestic Helper,Clear,Normal day,0,7,0,0,110
2024-12-15,Bengaluru,Plumber,Clear,Holiday,6,12,1,0,110
2024-09-11,Bengaluru,Caregiver,Rain,Normal day,2,9,0,0,123
2023-08-01,Mumbai,Carpenter,Clear,Holiday,1,8,0,0,121
2023-11-15,Delhi,Carpenter,Clear,Normal day,2,11,0,0,100
2024-02-21,Delhi,Domestic Helper,Clear,Normal day,2,2,0,0,86
2023-04-15,Bengaluru,Caregiver,Clear,Normal day,5,4,1,0,92
2023-01-08,Delhi,Technician,Clear,Normal day,6,1,1,0,94
2023-11-27,Hyderabad,Domestic Helper,Clear,Normal day,0,11,0,1,77
2023-08-18,Bengaluru,Caregiver,Rain,Normal day,4,8,0,0,110
2025-01-26,Mumbai,Painter,Clear,Normal day,6,1,1,1,100
2023-03-23,Delhi,Plumber,Clear,Normal day,3,3,0,0,91
2024-12-25,Hyderabad,Domestic Helper,Clear,Normal day,2,12,0,0,82
2024-04-29,Mumbai,Technician,Extreme heat,Normal day,0,4,0,1,137
2023-02-20,Mumbai,Caregiver,Rain,Normal day,0,2,0,0,102
2025-04-23,Mumbai,Carpenter,Clear,Normal day,2,4,0,0,97
2025-02-22,Bengaluru,Technician,Clear,Normal day,5,2,1,0,107
2025-07-31,Delhi,Carpenter,Rain,Normal day,3,7,0,1,145
2024-04-01,Bengaluru,Caregiver,Clear,Normal day,0,4,0,0,79
2023-05-23,Delhi,Carpenter,Extreme heat,Normal day,1,5,0,0,101
2024-11-09,Bengaluru,Electrician,Rain,Normal day,5,11,1,0,135
2024-06-27,Bengaluru,Electrician,Rain,Normal day,3,6,0,1,160
2024-10-04,Hyderabad,Domestic Helper,Extreme heat,Holiday,4,10,0,0,127
2024-01-25,Delhi,Electrician,Clear,Major event,3,1,0,0,109
2024-02-08,Delhi,Painter,Clear,Normal day,3,2,0,0,63
2024-11-07,Delhi,Caregiver,Clear,Normal day,3,11,0,0,79
2024-09-07,Delhi,Caregiver,Clear,Normal day,5,9,1,0,88
2024-08-28,Mumbai,Plumber,Clear,Normal day,2,8,0,1,116
2023-12-23,Delhi,Painter,Clear,Major event,5,12,1,0,125
2024-08-10,Mumbai,Painter,Rain,Normal day,5,8,1,0,121
2024-10-21,Hyderabad,Painter,Clear,Normal day,0,10,0,0,58
2025-08-27,Mumbai,Caregiver,Clear,Normal day,2,8,0,1,92
2024-11-17,Bengaluru,Technician,Extreme heat,Normal day,6,11,1,0,92
2024-09-27,Mumbai,Technician,Clear,Major event,4,9,0,1,126
2024-05-16,Hyderabad,Domestic Helper,Extreme heat,Holiday,3,5,0,0,141
2025-04-28,Mumbai,Caregiver,Extreme heat,Normal day,0,4,0,1,113
2024-05-14,Mumbai,Caregiver,Extreme heat,Normal day,1,5,0,0,108
2023-08-07,Hyderabad,Plumber,Clear,Normal day,0,8,0,0,90
2025-11-26,Hyderabad,Electrician,Clear,Normal day,2,11,0,1,97
2023-09-06,Hyderabad,Plumber,Rain,Normal day,2,9,0,0,104
2024-10-11,Hyderabad,Domestic Helper,Clear,Normal day,4,10,0,0,93
2025-05-23,Hyderabad,Plumber,Extreme heat,Normal day,4,5,0,0,107
2024-06-14,Mumbai,Technician,Rain,Normal day,4,6,0,0,160
2025-12-03,Hyderabad,Caregiver,Clear,Normal day,2,12,0,0,75
2024-08-08,Mumbai,Carpenter,Clear,Normal day,3,8,0,0,110
2023-06-15,Mumbai,Plumber,Clear,Normal day,3,6,0,0,108
2024-03-14,Bengaluru,Painter,Clear,Normal day,3,3,0,0,78
2025-05-01,Bengaluru,Plumber,Extreme heat,Normal day,3,5,0,0,131
2023-02-10,Hyderabad,Painter,Clear,Normal day,4,2,0,0,57
2025-03-09,Hyderabad,Domestic Helper,Clear,Normal day,6,3,1,0,94
2024-03-27,Hyderabad,Plumber,Clear,Normal day,2,3,0,1,113
2025-03-07,Delhi,Caregiver,Clear,Normal day,4,3,0,0,71
2023-12-05,Hyderabad,Plumber,Extreme heat,Normal day,1,12,0,0,98
2025-03-17,Bengaluru,Electrician,Clear,Normal day,0,3,0,0,93
2025-08-03,Mumbai,Electrician,Clear,Normal day,6,8,1,0,125
2025-07-20,Delhi,Carpenter,Rain,Normal day,6,7,1,0,124
2025-05-13,Delhi,Technician,Clear,Major event,1,5,0,0,123
2023-04-17,Delhi,Plumber,Extreme heat,Normal day,0,4,0,0,127
2023-03-24,Bengaluru,Plumber,Clear,Major event,4,3,0,0,137
2023-11-09,Mumbai,Plumber,Clear,Holiday,3,11,0,0,131
2024-03-22,Hyderabad,Caregiver,Clear,Normal day,4,3,0,0,94
2023-08-23,Mumbai,Carpenter,Clear,Major event,2,8,0,0,130
2024-09-30,Hyderabad,Painter,Rain,Normal day,0,9,0,1,98
2024-05-12,Bengaluru,Caregiver,Extreme heat,Normal day,6,5,1,0,137
2023-09-05,Bengaluru,Carpenter,Rain,Normal day,1,9,0,0,112
2023-05-22,Delhi,Electrician,Extreme heat,Normal day,0,5,0,0,129
2023-08-05,Hyderabad,Carpenter,Rain,Normal day,5,8,1,0,122
2023-11-10,Hyderabad,Plumber,Clear,Normal day,4,11,0,0,106
2024-07-07,Hyderabad,Painter,Clear,Normal day,6,7,1,0,85
2024-07-03,Delhi,Technician,Clear,Normal day,2,7,0,0,118
2024-07-25,Hyderabad,Plumber,Rain,Normal day,3,7,0,0,138
2025-02-15,Delhi,Electrician,Clear,Normal day,5,2,1,0,125
2025-09-25,Mumbai,Carpenter,Rain,Normal day,3,9,0,0,106
2024-07-19,Bengaluru,Domestic Helper,Rain,Holiday,4,7,0,0,165
2025-04-12,Hyderabad,Domestic Helper,Extreme heat,Normal day,5,4,1,0,111
2025-10-02,Hyderabad,Technician,Clear,Normal day,3,10,0,0,103
2025-04-08,Mumbai,Carpenter,Extreme heat,Normal day,1,4,0,0,128
2025-12-23,Delhi,Painter,Extreme heat,Normal day,1,12,0,0,97
2024-12-21,Hyderabad,Carpenter,Clear,Normal day,5,12,1,0,81
2024-01-30,Delhi,Electrician,Clear,Normal day,1,1,0,1,104
2024-01-15,Mumbai,Plumber,Clear,Normal day,0,1,0,0,109
2025-12-10,Delhi,Electrician,Clear,Normal day,2,12,0,0,101
2025-01-09,Mumbai,Carpenter,Clear,Normal day,3,1,0,0,94
2024-07-15,Bengaluru,Electrician,Rain,Normal day,0,7,0,0,122
2023-09-16,Hyderabad,Electrician,Rain,Normal day,5,9,1,0,139
2025-08-19,Hyderabad,Painter,Clear,Normal day,1,8,0,0,72
2024-06-01,Hyderabad,Electrician,Rain,Normal day,5,6,1,0,142
2023-06-01,Bengaluru,Plumber,Clear,Normal day,3,6,0,0,115
2024-09-14,Bengaluru,Plumber,Clear,Normal day,5,9,1,0,103
2024-04-07,Hyderabad,Painter,Extreme heat,Normal day,6,4,1,0,85
2025-05-28,Delhi,Domestic Helper,Extreme heat,Normal day,2,5,0,1,122
2023-07-23,Mumbai,Caregiver,Clear,Normal day,6,7,1,0,93
2023-11-18,Mumbai,Plumber,Clear,Holiday,5,11,1,0,147
2025-04-16,Hyderabad,Caregiver,Rain,Normal day,2,4,0,0,91
2024-04-19,Delhi,Caregiver,Clear,Normal day,4,4,0,0,94
2023-05-26,Mumbai,Carpenter,Extreme heat,Normal day,4,5,0,1,123
2024-02-10,Hyderabad,Electrician,Clear,Normal day,5,2,1,0,100
2024-06-28,Mumbai,Electrician,Clear,Normal day,4,6,0,1,143
2024-08-14,Hyderabad,Electrician,Rain,Normal day,2,8,0,0,121
2025-04-04,Delhi,Domestic Helper,Clear,Normal day,4,4,0,0,120
2023-03-23,Hyderabad,Caregiver,Clear,Normal day,3,3,0,0,59
2023-07-07,Mumbai,Caregiver,Rain,Normal day,4,7,0,0,116
2023-02-12,Delhi,Domestic Helper,Clear,Normal day,6,2,1,0,97
2025-08-21,Hyderabad,Carpenter,Clear,Normal day,3,8,0,0,100
2025-10-04,Bengaluru,Painter,Clear,Normal day,5,10,1,0,75
2023-08-03,Mumbai,Carpenter,Clear,Normal day,3,8,0,0,106
2025-03-31,Bengaluru,Painter,Clear,Normal day,0,3,0,1,84
2023-08-26,Hyderabad,Technician,Rain,Normal day,5,8,1,1,141
2025-08-04,Hyderabad,Electrician,Clear,Normal day,0,8,0,0,93
2025-10-17,Hyderabad,Technician,Clear,Normal day,4,10,0,0,100
2023-09-26,Delhi,Painter,Rain,Normal day,1,9,0,1,88
2023-03-01,Mumbai,Caregiver,Clear,Normal day,2,3,0,0,70
2025-04-15,Bengaluru,Plumber,Extreme heat,Normal day,1,4,0,0,108
2025-08-03,Bengaluru,Caregiver,Rain,Normal day,6,8,1,0,123
2024-08-20,Delhi,Painter,Rain,Normal day,1,8,0,0,100
2024-05-14,Hyderabad,Domestic Helper,Clear,Normal day,1,5,0,0,81
2025-11-06,Mumbai,Technician,Clear,Normal day,3,11,0,0,114
2025-04-29,Delhi,Technician,Clear,Normal day,1,4,0,1,104
2024-08-02,Delhi,Technician,Rain,Normal day,4,8,0,0,129
2025-09-29,Mumbai,Painter,Rain,Normal day,0,9,0,1,119
2025-02-11,Hyderabad,Carpenter,Rain,Normal day,1,2,0,0,99
2024-05-04,Hyderabad,Plumber,Extreme heat,Normal day,5,5,1,0,124
2024-10-13,Hyderabad,Caregiver,Rain,Normal day,6,10,1,0,103
2023-11-08,Hyderabad,Electrician,Clear,Normal day,2,11,0,0,91
2024-11-10,Bengaluru,Technician,Clear,Holiday,6,11,1,0,107
2025-07-24,Bengaluru,Caregiver,Clear,Normal day,3,7,0,0,80
2023-11-13,Bengaluru,Painter,Clear,Normal day,0,11,0,0,75
2025-03-25,Bengaluru,Technician,Clear,Normal day,1,3,0,0,86
2025-12-28,Hyderabad,Carpenter,Clear,Normal day,6,12,1,1,102
2025-09-26,Bengaluru,Domestic Helper,Clear,Normal day,4,9,0,1,86
2024-08-11,Mumbai,Caregiver,Clear,Normal day,6,8,1,0,113
2023-07-25,Hyderabad,Plumber,Rain,Normal day,1,7,0,0,130
2023-04-05,Delhi,Technician,Clear,Normal day,2,4,0,0,80
2025-06-01,Mumbai,Plumber,Rain,Normal day,6,6,1,0,162
2024-01-04,Mumbai,Plumber,Clear,Normal day,3,1,0,0,115
2024-05-08,Hyderabad,Domestic Helper,Clear,Normal day,2,5,0,0,91
2024-06-04,Hyderabad,Carpenter,Rain,Normal day,1,6,0,0,77
2025-08-10,Delhi,Caregiver,Rain,Holiday,6,8,1,0,143
2024-12-08,Delhi,Caregiver,Extreme heat,Normal day,6,12,1,0,115
2025-07-24,Delhi,Plumber,Extreme heat,Normal day,3,7,0,0,125
2023-08-07,Mumbai,Painter,Rain,Normal day,0,8,0,0,109
2024-08-27,Bengaluru,Technician,Rain,Normal day,1,8,0,1,129
2023-04-11,Hyderabad,Technician,Extreme heat,Normal day,1,4,0,0,116
2024-04-16,Delhi,Plumber,Extreme heat,Normal day,1,4,0,0,114
2023-10-08,Bengaluru,Caregiver,Clear,Normal day,6,10,1,0,82
2025-06-21,Bengaluru,Domestic Helper,Clear,Normal day,5,6,1,0,88
2024-08-27,Delhi,Caregiver,Clear,Normal day,1,8,0,1,88
2025-01-19,Delhi,Technician,Clear,Normal day,6,1,1,0,107
2025-09-13,Delhi,Caregiver,Rain,Normal day,5,9,1,0,138
2025-08-17,Bengaluru,Plumber,Rain,Normal day,6,8,1,0,144
2025-03-24,Delhi,Electrician,Clear,Major event,0,3,0,0,128
2023-09-11,Hyderabad,Carpenter,Rain,Normal day,0,9,0,0,96
2025-02-19,Delhi,Electrician,Clear,Normal day,2,2,0,0,91
2024-11-02,Mumbai,Caregiver,Clear,Normal day,5,11,1,0,110
2024-09-10,Hyderabad,Electrician,Clear,Normal day,1,9,0,0,90
2024-09-15,Hyderabad,Electrician,Clear,Normal day,6,9,1,0,106
2023-10-05,Hyderabad,Painter,Clear,Normal day,3,10,0,0,76
2025-05-08,Mumbai,Painter,Extreme heat,Normal day,3,5,0,0,101
2025-04-15,Delhi,Electrician,Extreme heat,Normal day,1,4,0,0,120
2025-06-29,Mumbai,Technician,Clear,Normal day,6,6,1,1,135
2025-01-22,Delhi,Electrician,Clear,Holiday,2,1,0,0,94
2023-09-08,Hyderabad,Electrician,Rain,Normal day,4,9,0,0,125
2023-02-13,Bengaluru,Technician,Clear,Normal day,0,2,0,0,100
2024-02-25,Bengaluru,Technician,Clear,Normal day,6,2,1,0,81
2024-03-18,Mumbai,Carpenter,Clear,Normal day,0,3,0,0,87
2023-01-06,Delhi,Technician,Extreme heat,Normal day,4,1,0,0,98
2024-05-28,Mumbai,Electrician,Extreme heat,Major event,1,5,0,1,179
2023-01-31,Delhi,Technician,Clear,Normal day,1,1,0,1,91
2023-02-02,Mumbai,Carpenter,Clear,Normal day,3,2,0,0,75
2025-12-13,Bengaluru,Caregiver,Clear,Normal day,5,12,1,0,84
2025-01-11,Bengaluru,Painter,Clear,Normal day,5,1,1,0,77
2023-03-30,Delhi,Painter,Clear,Major event,3,3,0,1,90
2025-09-07,Hyderabad,Painter,Rain,Normal day,6,9,1,0,102
2025-06-27,Bengaluru,Electrician,Clear,Normal day,4,6,0,1,103
2023-09-16,Delhi,Domestic Helper,Rain,Normal day,5,9,1,0,140
2024-10-27,Hyderabad,Domestic Helper,Clear,Normal day,6,10,1,1,86
2025-05-31,Bengaluru,Technician,Extreme heat,Normal day,5,5,1,1,83
2024-03-16,Hyderabad,Painter,Rain,Normal day,5,3,1,0,85
2025-07-17,Hyderabad,Painter,Rain,Normal day,3,7,0,0,110
2024-10-02,Delhi,Carpenter,Extreme heat,Normal day,2,10,0,0,109
2025-08-29,Bengaluru,Electrician,Rain,Holiday,4,8,0,1,175
2023-07-17,Delhi,Technician,Clear,Holiday,0,7,0,0,120
2024-11-06,Bengaluru,Painter,Clear,Normal day,2,11,0,0,75
2025-05-16,Bengaluru,Carpenter,Extreme heat,Normal day,4,5,0,0,118
2025-11-05,Mumbai,Plumber,Clear,Normal day,2,11,0,0,116
2023-08-10,Delhi,Technician,Rain,Holiday,3,8,0,0,160
2024-07-24,Mumbai,Technician,Clear,Normal day,2,7,0,0,105
2023-02-23,Delhi,Electrician,Clear,Normal day,3,2,0,0,82
2024-09-24,Delhi,Carpenter,Clear,Normal day,1,9,0,0,75
2025-03-31,Bengaluru,Plumber,Clear,Normal day,0,3,0,1,109
2023-07-07,Mumbai,Painter,Clear,Normal day,4,7,0,0,85
2025-01-27,Delhi,Caregiver,Clear,Normal day,0,1,0,1,72
2023-06-23,Bengaluru,Plumber,Clear,Normal day,4,6,0,0,103
2023-06-17,Delhi,Painter,Rain,Normal day,5,6,1,0,124
2025-06-24,Hyderabad,Carpenter,Clear,Normal day,1,6,0,0,90
2024-12-07,Hyderabad,Electrician,Clear,Normal day,5,12,1,0,101
2025-09-23,Delhi,Electrician,Clear,Normal day,1,9,0,0,111
2023-04-23,Bengaluru,Plumber,Clear,Normal day,6,4,1,0,110
2023-10-09,Delhi,Carpenter,Clear,Major event,0,10,0,0,155
2025-05-31,Mumbai,Plumber,Clear,Normal day,5,5,1,1,120
2025-10-21,Delhi,Electrician,Clear,Normal day,1,10,0,0,121
2025-06-12,Bengaluru,Painter,Rain,Normal day,3,6,0,0,106
2025-05-29,Hyderabad,Caregiver,Extreme heat,Normal day,3,5,0,1,94
2025-04-09,Bengaluru,Carpenter,Clear,Normal day,2,4,0,0,93
2025-07-31,Delhi,Electrician,Clear,Holiday,3,7,0,1,125
2025-06-11,Hyderabad,Domestic Helper,Clear,Normal day,2,6,0,0,98
2024-11-26,Mumbai,Carpenter,Clear,Holiday,1,11,0,1,113
2023-08-22,Mumbai,Technician,Clear,Normal day,1,8,0,0,99
2023-10-30,Mumbai,Electrician,Clear,Holiday,0,10,0,1,133
2023-11-10,Bengaluru,Plumber,Extreme heat,Normal day,4,11,0,0,125
2025-08-08,Hyderabad,Caregiver,Rain,Normal day,4,8,0,0,112
2024-10-23,Delhi,Plumber,Clear,Normal day,2,10,0,0,106
2024-09-12,Delhi,Domestic Helper,Clear,Normal day,3,9,0,0,119
2024-09-27,Hyderabad,Painter,Clear,Normal day,4,9,0,1,69
2024-08-10,Bengaluru,Caregiver,Rain,Normal day,5,8,1,0,106
2025-11-04,Hyderabad,Painter,Clear,Normal day,1,11,0,0,72
2023-03-26,Hyderabad,Technician,Clear,Normal day,6,3,1,1,89
2025-09-01,Mumbai,Electrician,Rain,Normal day,0,9,0,0,113
2024-12-04,Bengaluru,Domestic Helper,Clear,Major event,2,12,0,0,109
2025-06-15,Hyderabad,Domestic Helper,Rain,Normal day,6,6,1,0,126
2025-02-02,Delhi,Painter,Clear,Normal day,6,2,1,0,80
2023-04-18,Delhi,Electrician,Clear,Normal day,1,4,0,0,106
2025-03-02,Delhi,Carpenter,Clear,Normal day,6,3,1,0,93
2023-11-04,Delhi,Electrician,Clear,Holiday,5,11,1,0,148
2024-12-17,Delhi,Caregiver,Clear,Normal day,1,12,0,0,66
2023-06-23,Delhi,Domestic Helper,Clear,Normal day,4,6,0,0,101
2023-09-19,Bengaluru,Caregiver,Rain,Normal day,1,9,0,0,91
2023-02-07,Delhi,Carpenter,Clear,Normal day,1,2,0,0,97
2025-09-22,Mumbai,Plumber,Extreme heat,Normal day,0,9,0,0,116
2024-08-28,Bengaluru,Domestic Helper,Rain,Normal day,2,8,0,1,146
2025-12-14,Bengaluru,Caregiver,Clear,Normal day,6,12,1,0,87
2023-09-26,Hyderabad,Plumber,Clear,Normal day,1,9,0,1,89
2023-12-06,Hyderabad,Electrician,Clear,Normal day,2,12,0,0,90
2024-05-01,Hyderabad,Domestic Helper,Clear,Normal day,2,5,0,0,90
2025-07-08,Mumbai,Domestic Helper,Clear,Normal day,1,7,0,0,129
2025-08-18,Mumbai,Carpenter,Rain,Normal day,0,8,0,0,115
2025-06-21,Hyderabad,Technician,Clear,Normal day,5,6,1,0,103
2025-12-16,Hyderabad,Plumber,Clear,Normal day,1,12,0,0,78
2023-10-11,Delhi,Electrician,Clear,Normal day,2,10,0,0,84
2023-07-30,Bengaluru,Carpenter,Clear,Normal day,6,7,1,1,112
2025-07-09,Mumbai,Technician,Clear,Normal day,2,7,0,0,104
2024-03-30,Hyderabad,Carpenter,Rain,Normal day,5,3,1,1,93
2025-03-22,Delhi,Plumber,Clear,Holiday,5,3,1,0,126
2024-04-04,Bengaluru,Carpenter,Extreme heat,Normal day,3,4,0,0,108
2024-11-17,Mumbai,Plumber,Clear,Normal day,6,11,1,0,122
2025-08-25,Mumbai,Technician,Rain,Normal day,0,8,0,0,115
2023-01-11,Bengaluru,Electrician,Clear,Normal day,2,1,0,0,82
2025-12-16,Hyderabad,Electrician,Clear,Normal day,1,12,0,0,105
2023-09-07,Bengaluru,Plumber,Clear,Normal day,3,9,0,0,108
2025-07-25,Bengaluru,Electrician,Rain,Normal day,4,7,0,0,169
2023-02-03,Mumbai,Caregiver,Clear,Normal day,4,2,0,0,89
2024-12-23,Mumbai,Domestic Helper,Clear,Normal day,0,12,0,0,102
2023-06-25,Delhi,Electrician,Extreme heat,Normal day,6,6,1,0,141
2025-11-05,Bengaluru,Painter,Rain,Holiday,2,11,0,0,106
2025-03-03,Delhi,Carpenter,Clear,Normal day,0,3,0,0,92
2023-05-19,Delhi,Plumber,Extreme heat,Normal day,4,5,0,0,115
2024-11-11,Mumbai,Electrician,Clear,Normal day,0,11,0,0,101
2023-12-25,Hyderabad,Caregiver,Clear,Holiday,0,12,0,0,78
2023-10-04,Bengaluru,Caregiver,Clear,Normal day,2,10,0,0,88
2024-08-23,Mumbai,Electrician,Rain,Normal day,4,8,0,0,149
2024-10-08,Delhi,Domestic Helper,Clear,Normal day,1,10,0,0,106
2025-08-27,Delhi,Electrician,Rain,Holiday,2,8,0,1,162
2025-01-01,Bengaluru,Technician,Clear,Normal day,2,1,0,0,83
2025-01-23,Hyderabad,Painter,Clear,Normal day,3,1,0,0,69
2025-03-02,Delhi,Plumber,Clear,Normal day,6,3,1,0,115
2025-11-29,Delhi,Technician,Clear,Normal day,5,11,1,1,120
2025-05-31,Mumbai,Domestic Helper,Clear,Holiday,5,5,1,1,160
2024-11-02,Delhi,Carpenter,Clear,Normal day,5,11,1,0,127
2023-12-08,Hyderabad,Carpenter,Clear,Normal day,4,12,0,0,82
2024-12-23,Hyderabad,Carpenter,Clear,Normal day,0,12,0,0,71
2023-04-28,Bengaluru,Caregiver,Extreme heat,Normal day,4,4,0,1,96
2023-11-24,Bengaluru,Plumber,Clear,Normal day,4,11,0,0,124
2025-06-16,Bengaluru,Plumber,Clear,Normal day,0,6,0,0,104
2025-01-20,Delhi,Painter,Rain,Major event,0,1,0,0,106
2023-11-11,Hyderabad,Carpenter,Clear,Normal day,5,11,1,0,89
2023-10-09,Delhi,Painter,Clear,Normal day,0,10,0,0,91
2023-08-21,Bengaluru,Caregiver,Clear,Normal day,0,8,0,0,66
2023-08-30,Delhi,Technician,Clear,Normal day,2,8,0,1,97
2024-08-07,Hyderabad,Plumber,Clear,Normal day,2,8,0,0,89
2025-07-14,Mumbai,Caregiver,Clear,Holiday,0,7,0,0,104
2024-10-16,Delhi,Caregiver,Clear,Normal day,2,10,0,0,93
2024-09-06,Mumbai,Caregiver,Rain,Normal day,4,9,0,0,103
2023-12-23,Delhi,Domestic Helper,Clear,Normal day,5,12,1,0,111
2023-10-12,Mumbai,Technician,Clear,Normal day,3,10,0,0,95
2025-01-25,Hyderabad,Technician,Extreme heat,Holiday,5,1,1,0,134
2023-06-26,Bengaluru,Carpenter,Clear,Normal day,0,6,0,1,93
2025-09-07,Hyderabad,Technician,Clear,Normal day,6,9,1,0,108
2023-09-14,Delhi,Caregiver,Clear,Normal day,3,9,0,0,73
2025-11-25,Delhi,Plumber,Rain,Normal day,1,11,0,0,113
2024-01-08,Mumbai,Painter,Clear,Normal day,0,1,0,0,74
2023-09-12,Mumbai,Carpenter,Clear,Normal day,1,9,0,0,97
2024-04-06,Delhi,Domestic Helper,Extreme heat,Normal day,5,4,1,0,113
2024-05-28,Mumbai,Caregiver,Extreme heat,Normal day,1,5,0,1,114
2024-09-12,Bengaluru,Domestic Helper,Rain,Normal day,3,9,0,0,111
2023-11-12,Mumbai,Caregiver,Clear,Normal day,6,11,1,0,110
2024-11-22,Bengaluru,Technician,Rain,Holiday,4,11,0,0,122
2024-06-26,Mumbai,Technician,Rain,Normal day,2,6,0,1,124
2023-03-04,Hyderabad,Caregiver,Clear,Normal day,5,3,1,0,72
2024-09-10,Hyderabad,Plumber,Rain,Normal day,1,9,0,0,132
2024-09-01,Hyderabad,Electrician,Rain,Normal day,6,9,1,0,114
2025-05-01,Hyderabad,Painter,Clear,Normal day,3,5,0,0,74
2024-10-02,Delhi,Caregiver,Extreme heat,Normal day,2,10,0,0,110
2025-03-27,Mumbai,Technician,Clear,Normal day,3,3,0,1,101
2024-10-15,Mumbai,Painter,Clear,Normal day,1,10,0,0,97
2023-10-16,Bengaluru,Electrician,Clear,Normal day,0,10,0,0,103
2025-05-06,Mumbai,Technician,Extreme heat,Normal day,1,5,0,0,114
2024-10-02,Mumbai,Technician,Clear,Normal day,2,10,0,0,94
2025-08-14,Hyderabad,Carpenter,Rain,Holiday,3,8,0,0,123
2025-03-16,Hyderabad,Plumber,Clear,Normal day,6,3,1,0,108
2023-04-14,Delhi,Painter,Rain,Normal day,4,4,0,0,109
2025-08-21,Delhi,Domestic Helper,Clear,Holiday,3,8,0,0,114
2023-10-02,Delhi,Caregiver,Clear,Normal day,0,10,0,0,86
2023-04-03,Hyderabad,Electrician,Rain,Normal day,0,4,0,0,94
2024-08-14,Bengaluru,Painter,Rain,Normal day,2,8,0,0,91
2024-07-26,Bengaluru,Plumber,Extreme heat,Normal day,4,7,0,1,120
2024-11-25,Delhi,Technician,Clear,Normal day,0,11,0,0,83
2025-04-02,Bengaluru,Electrician,Clear,Normal day,2,4,0,0,87
2025-08-28,Hyderabad,Plumber,Rain,Normal day,3,8,0,1,134
2024-11-02,Delhi,Plumber,Clear,Normal day,5,11,1,0,143
2024-09-04,Delhi,Domestic Helper,Rain,Normal day,2,9,0,0,101
2024-09-05,Hyderabad,Technician,Clear,Normal day,3,9,0,0,101
2023-08-13,Hyderabad,Domestic Helper,Clear,Normal day,6,8,1,0,81
2023-02-24,Hyderabad,Carpenter,Extreme heat,Normal day,4,2,0,0,114
2024-04-11,Bengaluru,Domestic Helper,Clear,Normal day,3,4,0,0,85
2025-02-17,Mumbai,Technician,Clear,Major event,0,2,0,0,107
2023-08-14,Mumbai,Electrician,Clear,Normal day,0,8,0,0,100
2025-04-25,Mumbai,Painter,Clear,Normal day,4,4,0,0,89
2025-08-23,Bengaluru,Caregiver,Clear,Normal day,5,8,1,0,93
2024-10-27,Hyderabad,Domestic Helper,Clear,Normal day,6,10,1,1,121
2025-07-30,Delhi,Domestic Helper,Clear,Normal day,2,7,0,1,108
2024-06-25,Hyderabad,Plumber,Extreme heat,Normal day,1,6,0,0,114
2024-09-03,Mumbai,Carpenter,Rain,Normal day,1,9,0,0,116
2025-09-28,Delhi,Painter,Clear,Normal day,6,9,1,1,85
2024-07-14,Delhi,Electrician,Rain,Normal day,6,7,1,0,142
2025-03-19,Delhi,Technician,Clear,Normal day,2,3,0,0,86
2024-08-12,Bengaluru,Carpenter,Rain,Normal day,0,8,0,0,115
2025-09-08,Mumbai,Plumber,Rain,Normal day,0,9,0,0,162
2024-07-10,Mumbai,Electrician,Rain,Normal day,2,7,0,0,142
2024-05-11,Bengaluru,Caregiver,Extreme heat,Normal day,5,5,1,0,110
2024-04-21,Bengaluru,Electrician,Clear,Normal day,6,4,1,0,106
2023-07-25,Mumbai,Electrician,Extreme heat,Normal day,1,7,0,0,131
2023-11-20,Hyderabad,Caregiver,Rain,Normal day,0,11,0,0,94
2025-09-04,Mumbai,Technician,Extreme heat,Normal day,3,9,0,0,114
2023-05-02,Bengaluru,Caregiver,Rain,Normal day,1,5,0,0,106
2023-03-18,Mumbai,Painter,Rain,Normal day,5,3,1,0,122
2023-03-16,Hyderabad,Technician,Clear,Normal day,3,3,0,0,84
2024-08-15,Bengaluru,Electrician,Clear,Normal day,3,8,0,0,113
2024-11-17,Delhi,Painter,Extreme heat,Normal day,6,11,1,0,103
2025-10-08,Mumbai,Technician,Clear,Normal day,2,10,0,0,87
2023-08-19,Delhi,Plumber,Rain,Normal day,5,8,1,0,166
2024-01-17,Bengaluru,Caregiver,Clear,Normal day,2,1,0,0,71
2024-01-31,Mumbai,Domestic Helper,Rain,Normal day,2,1,0,1,123
2025-05-25,Delhi,Electrician,Clear,Holiday,6,5,1,0,134
2023-10-15,Hyderabad,Carpenter,Rain,Major event,6,10,1,0,138
2025-02-24,Mumbai,Painter,Clear,Normal day,0,2,0,0,97
2024-09-10,Bengaluru,Carpenter,Rain,Normal day,1,9,0,0,139
2023-05-08,Bengaluru,Painter,Clear,Normal day,0,5,0,0,82
2025-10-26,Delhi,Caregiver,Clear,Normal day,6,10,1,1,102
2024-08-27,Delhi,Domestic Helper,Clear,Normal day,1,8,0,1,103
2025-09-06,Mumbai,Painter,Rain,Normal day,5,9,1,0,142
2025-05-01,Hyderabad,Technician,Clear,Normal day,3,5,0,0,95
2024-03-23,Mumbai,Caregiver,Clear,Normal day,5,3,1,0,114
2023-06-17,Hyderabad,Domestic Helper,Rain,Holiday,5,6,1,0,135
2023-08-18,Bengaluru,Technician,Rain,Normal day,4,8,0,0,117
2023-11-03,Mumbai,Carpenter,Rain,Normal day,4,11,0,0,164
2024-02-25,Hyderabad,Electrician,Rain,Normal day,6,2,1,0,128
2023-04-24,Hyderabad,Plumber,Clear,Normal day,0,4,0,0,82
2023-04-29,Hyderabad,Caregiver,Extreme heat,Normal day,5,4,1,1,112
2025-03-21,Delhi,Technician,Clear,Normal day,4,3,0,0,103
2023-05-30,Bengaluru,Painter,Clear,Holiday,1,5,0,1,87
2023-05-04,Bengaluru,Painter,Clear,Normal day,3,5,0,0,64
2023-10-05,Hyderabad,Carpenter,Extreme heat,Normal day,3,10,0,0,101
2025-02-12,Hyderabad,Electrician,Clear,Normal day,2,2,0,0,56
2023-09-30,Delhi,Electrician,Clear,Normal day,5,9,1,1,122
2025-12-19,Mumbai,Caregiver,Extreme heat,Normal day,4,12,0,0,96
2023-02-16,Delhi,Painter,Clear,Normal day,3,2,0,0,61
2025-12-25,Hyderabad,Technician,Clear,Normal day,3,12,0,0,98
2023-11-14,Delhi,Plumber,Rain,Normal day,1,11,0,0,135
2023-08-20,Bengaluru,Technician,Rain,Normal day,6,8,1,0,133
2023-02-02,Mumbai,Plumber,Clear,Normal day,3,2,0,0,106
2025-07-03,Bengaluru,Plumber,Rain,Normal day,3,7,0,0,147
2024-04-24,Mumbai,Technician,Extreme heat,Holiday,2,4,0,0,116
2025-10-28,Delhi,Plumber,Clear,Normal day,1,10,0,1,121
2024-10-15,Delhi,Plumber,Clear,Holiday,1,10,0,0,109
2025-12-03,Mumbai,Painter,Clear,Holiday,2,12,0,0,92
2023-12-25,Hyderabad,Domestic Helper,Clear,Normal day,0,12,0,0,84
2025-02-19,Delhi,Caregiver,Clear,Normal day,2,2,0,0,82
2025-02-09,Mumbai,Technician,Clear,Normal day,6,2,1,0,100
2024-04-06,Delhi,Technician,Extreme heat,Normal day,5,4,1,0,102
2023-04-29,Hyderabad,Painter,Rain,Normal day,5,4,1,1,114
2024-05-12,Delhi,Plumber,Clear,Holiday,6,5,1,0,166
2025-07-10,Delhi,Electrician,Rain,Normal day,3,7,0,0,141
2023-04-16,Delhi,Painter,Extreme heat,Normal day,6,4,1,0,102
2023-05-30,Mumbai,Technician,Extreme heat,Normal day,1,5,0,1,113
2024-03-20,Hyderabad,Plumber,Rain,Normal day,2,3,0,0,103
2023-02-01,Mumbai,Plumber,Extreme heat,Normal day,2,2,0,0,99
2025-09-07,Mumbai,Caregiver,Rain,Normal day,6,9,1,0,148
2024-05-05,Delhi,Technician,Clear,Normal day,6,5,1,0,141
2025-01-05,Delhi,Carpenter,Clear,Normal day,6,1,1,0,89
2025-08-12,Bengaluru,Technician,Extreme heat,Normal day,1,8,0,0,109
2024-10-17,Mumbai,Carpenter,Clear,Holiday,3,10,0,0,110
2024-03-29,Mumbai,Electrician,Clear,Normal day,4,3,0,1,110
2025-05-05,Delhi,Plumber,Clear,Normal day,0,5,0,0,107
2024-05-18,Hyderabad,Domestic Helper,Extreme heat,Normal day,5,5,1,0,111
2024-06-11,Hyderabad,Caregiver,Rain,Normal day,1,6,0,0,102
2023-12-11,Delhi,Plumber,Clear,Normal day,0,12,0,0,97
2024-01-12,Bengaluru,Domestic Helper,Clear,Normal day,4,1,0,0,84
2023-04-10,Bengaluru,Painter,Clear,Normal day,0,4,0,0,79
2023-05-20,Mumbai,Electrician,Clear,Normal day,5,5,1,0,116
2023-05-04,Hyderabad,Caregiver,Clear,Major event,3,5,0,0,96
2025-04-22,Bengaluru,Electrician,Clear,Normal day,1,4,0,0,111
2024-08-10,Bengaluru,Domestic Helper,Rain,Normal day,5,8,1,0,141
2024-01-03,Bengaluru,Electrician,Clear,Normal day,2,1,0,0,105
2025-12-14,Delhi,Technician,Clear,Normal day,6,12,1,0,105
2023-06-11,Delhi,Painter,Rain,Normal day,6,6,1,0,125
2024-04-07,Delhi,Caregiver,Extreme heat,Holiday,6,4,1,0,105
2023-03-06,Bengaluru,Painter,Clear,Normal day,0,3,0,0,83
2023-04-25,Bengaluru,Caregiver,Clear,Normal day,1,4,0,0,70
2025-06-07,Delhi,Domestic Helper,Extreme heat,Normal day,5,6,1,0,134
2025-12-17,Bengaluru,Plumber,Clear,Normal day,2,12,0,0,85
2025-08-31,Delhi,Electrician,Rain,Normal day,6,8,1,1,178
2024-07-28,Bengaluru,Plumber,Rain,Normal day,6,7,1,1,169
2024-02-29,Mumbai,Technician,Clear,Normal day,3,2,0,1,107
2023-06-07,Delhi,Plumber,Rain,Normal day,2,6,0,0,117
2025-03-07,Delhi,Painter,Clear,Normal day,4,3,0,0,72
2023-06-10,Delhi,Electrician,Clear,Normal day,5,6,1,0,111
2023-06-05,Delhi,Domestic Helper,Rain,Normal day,0,6,0,0,117
2025-03-23,Delhi,Electrician,Clear,Normal day,6,3,1,0,103
2025-07-11,Hyderabad,Plumber,Clear,Normal day,4,7,0,0,103
2025-06-03,Mumbai,Caregiver,Rain,Normal day,1,6,0,0,88
2024-08-27,Mumbai,Caregiver,Clear,Normal day,1,8,0,1,90
2025-02-17,Mumbai,Caregiver,Clear,Normal day,0,2,0,0,74
2023-07-07,Bengaluru,Carpenter,Clear,Normal day,4,7,0,0,102
2023-07-29,Mumbai,Electrician,Clear,Normal day,5,7,1,1,141
2025-11-15,Hyderabad,Electrician,Clear,Normal day,5,11,1,0,101
2023-07-10,Delhi,Technician,Clear,Normal day,0,7,0,0,79
2025-03-05,Bengaluru,Caregiver,Rain,Normal day,2,3,0,0,85
2024-05-12,Mumbai,Caregiver,Clear,Normal day,6,5,1,0,109
2024-09-08,Delhi,Painter,Clear,Normal day,6,9,1,0,81
2024-07-19,Hyderabad,Carpenter,Rain,Holiday,4,7,0,0,115
2024-05-30,Mumbai,Caregiver,Extreme heat,Normal day,3,5,0,1,109
2024-02-05,Hyderabad,Electrician,Clear,Major event,0,2,0,0,116
2025-03-21,Delhi,Technician,Clear,Normal day,4,3,0,0,103
2024-11-05,Hyderabad,Carpenter,Clear,Normal day,1,11,0,0,76
2023-10-06,Delhi,Carpenter,Clear,Normal day,4,10,0,0,96
2025-09-08,Delhi,Plumber,Extreme heat,Normal day,0,9,0,0,112
2024-08-19,Hyderabad,Domestic Helper,Rain,Normal day,0,8,0,0,118
2024-07-28,Hyderabad,Carpenter,Clear,Normal day,6,7,1,1,104
2024-01-04,Bengaluru,Caregiver,Clear,Normal day,3,1,0,0,85
2025-06-16,Delhi,Technician,Rain,Normal day,0,6,0,0,108
2025-04-17,Hyderabad,Plumber,Extreme heat,Normal day,3,4,0,0,110
2023-11-12,Hyderabad,Technician,Clear,Normal day,6,11,1,0,114
2025-09-08,Hyderabad,Domestic Helper,Rain,Normal day,0,9,0,0,103
2025-05-06,Bengaluru,Technician,Extreme heat,Normal day,1,5,0,0,109
2023-06-24,Bengaluru,Technician,Clear,Normal day,5,6,1,0,90
2023-12-07,Bengaluru,Domestic Helper,Extreme heat,Normal day,3,12,0,0,98
2025-03-29,Delhi,Technician,Clear,Major event,5,3,1,1,127
2024-06-13,Mumbai,Domestic Helper,Rain,Normal day,3,6,0,0,133
2024-03-28,Hyderabad,Carpenter,Clear,Normal day,3,3,0,1,92
2025-10-21,Mumbai,Carpenter,Extreme heat,Normal day,1,10,0,0,86
2024-08-28,Hyderabad,Electrician,Clear,Normal day,2,8,0,1,116
2023-10-18,Delhi,Carpenter,Clear,Normal day,2,10,0,0,108
2025-12-03,Hyderabad,Carpenter,Clear,Normal day,2,12,0,0,69
2025-07-15,Delhi,Electrician,Clear,Normal day,1,7,0,0,104
2023-08-24,Bengaluru,Technician,Clear,Holiday,3,8,0,0,113
2023-12-03,Mumbai,Domestic Helper,Clear,Holiday,6,12,1,0,130
2025-05-23,Hyderabad,Plumber,Extreme heat,Normal day,4,5,0,0,105
2024-01-17,Hyderabad,Painter,Clear,Normal day,2,1,0,0,63
2024-02-09,Hyderabad,Domestic Helper,Clear,Major event,4,2,0,0,133
2024-03-15,Mumbai,Carpenter,Clear,Normal day,4,3,0,0,82
2023-05-09,Bengaluru,Technician,Extreme heat,Normal day,1,5,0,0,79
2024-10-29,Mumbai,Painter,Clear,Normal day,1,10,0,1,94
2025-09-29,Delhi,Domestic Helper,Clear,Normal day,0,9,0,1,116
2023-08-22,Delhi,Carpenter,Rain,Normal day,1,8,0,0,126
2024-09-01,Bengaluru,Caregiver,Clear,Normal day,6,9,1,0,85
2024-09-17,Bengaluru,Plumber,Clear,Normal day,1,9,0,0,97
2025-03-06,Hyderabad,Domestic Helper,Clear,Normal day,3,3,0,0,99
2024-01-16,Hyderabad,Caregiver,Clear,Normal day,1,1,0,0,81
2023-12-21,Mumbai,Painter,Clear,Holiday,3,12,0,0,86
2025-07-12,Bengaluru,Technician,Clear,Major event,5,7,1,0,156
2023-10-07,Mumbai,Technician,Clear,Normal day,5,10,1,0,121
2025-10-10,Hyderabad,Caregiver,Clear,Normal day,4,10,0,0,87
2025-06-28,Hyderabad,Plumber,Clear,Major event,5,6,1,1,160
2024-03-27,Delhi,Electrician,Clear,Normal day,2,3,0,1,87
2023-12-11,Hyderabad,Domestic Helper,Clear,Normal day,0,12,0,0,66
2025-11-12,Bengaluru,Domestic Helper,Clear,Normal day,2,11,0,0,101
2025-01-21,Bengaluru,Technician,Clear,Normal day,1,1,0,0,79
2025-05-20,Bengaluru,Caregiver,Extreme heat,Normal day,1,5,0,0,91
2024-09-01,Bengaluru,Painter,Clear,Normal day,6,9,1,0,79
2023-06-28,Hyderabad,Technician,Extreme heat,Normal day,2,6,0,1,112
2024-04-30,Mumbai,Technician,Extreme heat,Normal day,1,4,0,1,119
2025-05-26,Mumbai,Domestic Helper,Clear,Normal day,0,5,0,1,100
2024-02-28,Bengaluru,Domestic Helper,Clear,Normal day,2,2,0,1,76
2023-12-11,Delhi,Caregiver,Clear,Normal day,0,12,0,0,88
2025-11-19,Bengaluru,Plumber,Extreme heat,Normal day,2,11,0,0,117
2023-05-02,Delhi,Technician,Extreme heat,Normal day,1,5,0,0,98
2023-09-29,Mumbai,Plumber,Rain,Normal day,4,9,0,1,163
2025-03-15,Hyderabad,Plumber,Clear,Normal day,5,3,1,0,111
2025-04-28,Hyderabad,Painter,Clear,Normal day,0,4,0,1,67
2023-07-10,Hyderabad,Domestic Helper,Rain,Normal day,0,7,0,0,121
2025-01-25,Hyderabad,Painter,Clear,Major event,5,1,1,0,87
2023-07-10,Hyderabad,Caregiver,Rain,Normal day,0,7,0,0,97
2023-05-10,Hyderabad,Plumber,Extreme heat,Normal day,2,5,0,0,115
2025-10-10,Delhi,Carpenter,Clear,Normal day,4,10,0,0,102
2023-09-25,Hyderabad,Technician,Clear,Normal day,0,9,0,0,90
2023-04-10,Bengaluru,Electrician,Extreme heat,Normal day,0,4,0,0,101
2023-02-03,Bengaluru,Technician,Clear,Normal day,4,2,0,0,74
2025-05-26,Mumbai,Caregiver,Extreme heat,Normal day,0,5,0,1,93
2024-09-10,Mumbai,Technician,Rain,Normal day,1,9,0,0,106
2025-01-08,Delhi,Electrician,Clear,Normal day,2,1,0,0,77
2023-12-05,Bengaluru,Painter,Clear,Normal day,1,12,0,0,64
2024-04-24,Hyderabad,Caregiver,Clear,Holiday,2,4,0,0,86
2024-03-13,Hyderabad,Electrician,Clear,Normal day,2,3,0,0,101
2025-06-30,Bengaluru,Electrician,Rain,Normal day,0,6,0,1,145
2025-05-14,Mumbai,Painter,Clear,Normal day,2,5,0,0,73
2023-07-29,Bengaluru,Carpenter,Clear,Normal day,5,7,1,1,118
2025-02-22,Mumbai,Caregiver,Extreme heat,Normal day,5,2,1,0,108
2025-12-22,Bengaluru,Domestic Helper,Clear,Normal day,0,12,0,0,84
2024-03-12,Mumbai,Painter,Clear,Normal day,1,3,0,0,75
2024-03-20,Bengaluru,Electrician,Clear,Normal day,2,3,0,0,103
2025-02-25,Delhi,Painter,Clear,Normal day,1,2,0,0,58
2024-07-21,Bengaluru,Plumber,Rain,Normal day,6,7,1,0,136
2024-08-06,Bengaluru,Technician,Rain,Normal day,1,8,0,0,109
2024-02-25,Mumbai,Caregiver,Clear,Normal day,6,2,1,0,116
2024-05-05,Hyderabad,Painter,Clear,Normal day,6,5,1,0,68
2023-05-26,Bengaluru,Carpenter,Extreme heat,Normal day,4,5,0,1,117
2025-05-11,Delhi,Domestic Helper,Extreme heat,Normal day,6,5,1,0,110
2023-05-30,Bengaluru,Domestic Helper,Clear,Normal day,1,5,0,1,109
2023-03-23,Bengaluru,Technician,Clear,Normal day,3,3,0,0,84
2025-10-23,Hyderabad,Painter,Clear,Holiday,3,10,0,0,96
2023-11-09,Delhi,Electrician,Clear,Normal day,3,11,0,0,97
2024-02-21,Mumbai,Domestic Helper,Clear,Normal day,2,2,0,0,110
2023-05-16,Delhi,Caregiver,Clear,Normal day,1,5,0,0,80
2024-05-03,Bengaluru,Plumber,Clear,Normal day,4,5,0,0,113
2025-07-17,Bengaluru,Carpenter,Rain,Normal day,3,7,0,0,96
2023-12-26,Bengaluru,Electrician,Clear,Normal day,1,12,0,1,102
2023-12-02,Hyderabad,Carpenter,Clear,Normal day,5,12,1,0,91
2024-06-14,Mumbai,Carpenter,Clear,Normal day,4,6,0,0,111
2024-07-04,Bengaluru,Technician,Rain,Normal day,3,7,0,0,115
2025-05-29,Delhi,Domestic Helper,Clear,Normal day,3,5,0,1,92
2023-06-07,Hyderabad,Painter,Rain,Holiday,2,6,0,0,87
2023-12-08,Delhi,Plumber,Clear,Holiday,4,12,0,0,104
2023-08-25,Mumbai,Caregiver,Rain,Holiday,4,8,0,0,136
2023-01-26,Mumbai,Electrician,Clear,Normal day,3,1,0,1,110
2023-11-04,Mumbai,Technician,Clear,Normal day,5,11,1,0,104
2025-05-08,Mumbai,Carpenter,Clear,Normal day,3,5,0,0,93
2024-10-17,Delhi,Technician,Clear,Normal day,3,10,0,0,95
2025-10-25,Bengaluru,Plumber,Clear,Normal day,5,10,1,0,112
2023-04-05,Hyderabad,Electrician,Extreme heat,Normal day,2,4,0,0,113
2024-09-28,Delhi,Electrician,Rain,Major event,5,9,1,1,242
2024-02-15,Delhi,Domestic Helper,Clear,Normal day,3,2,0,0,91
2024-05-11,Hyderabad,Carpenter,Rain,Normal day,5,5,1,0,115
2024-02-05,Mumbai,Plumber,Clear,Normal day,0,2,0,0,103
2024-04-22,Delhi,Caregiver,Extreme heat,Normal day,0,4,0,0,96
2024-11-17,Bengaluru,Technician,Clear,Normal day,6,11,1,0,116
2024-09-21,Bengaluru,Plumber,Rain,Normal day,5,9,1,0,127
2025-10-04,Bengaluru,Plumber,Clear,Holiday,5,10,1,0,124
2024-04-19,Hyderabad,Caregiver,Extreme heat,Normal day,4,4,0,0,93
2023-06-23,Bengaluru,Domestic Helper,Clear,Normal day,4,6,0,0,91
2023-06-03,Bengaluru,Painter,Rain,Normal day,5,6,1,0,104
2024-08-20,Delhi,Technician,Clear,Normal day,1,8,0,0,90
2024-10-30,Delhi,Painter,Clear,Holiday,2,10,0,1,106
2024-02-20,Mumbai,Technician,Clear,Holiday,1,2,0,0,98
2023-08-05,Mumbai,Painter,Rain,Normal day,5,8,1,0,129
2025-01-03,Mumbai,Painter,Clear,Normal day,4,1,0,0,76
2023-09-03,Bengaluru,Plumber,Rain,Normal day,6,9,1,0,124
2023-03-24,Mumbai,Technician,Rain,Normal day,4,3,0,0,121
2024-05-23,Delhi,Painter,Clear,Normal day,3,5,0,0,72
2024-06-16,Mumbai,Electrician,Extreme heat,Normal day,6,6,1,0,131
2024-05-26,Bengaluru,Painter,Clear,Normal day,6,5,1,1,106
2023-09-06,Bengaluru,Electrician,Rain,Normal day,2,9,0,0,101
2023-09-25,Mumbai,Technician,Clear,Normal day,0,9,0,0,86
2023-06-22,Delhi,Technician,Clear,Normal day,3,6,0,0,97
2024-02-09,Hyderabad,Technician,Clear,Normal day,4,2,0,0,98
2024-11-10,Bengaluru,Electrician,Rain,Holiday,6,11,1,0,149
2025-06-06,Hyderabad,Painter,Clear,Normal day,4,6,0,0,79
2023-12-20,Delhi,Plumber,Rain,Normal day,2,12,0,0,115
2025-07-02,Mumbai,Electrician,Rain,Normal day,2,7,0,0,127
2024-08-27,Hyderabad,Painter,Rain,Normal day,1,8,0,1,110
2023-06-29,Delhi,Painter,Clear,Normal day,3,6,0,1,103
2025-12-12,Mumbai,Caregiver,Extreme heat,Normal day,4,12,0,0,107
2023-02-09,Hyderabad,Technician,Clear,Normal day,3,2,0,0,72
2025-09-19,Delhi,Domestic Helper,Rain,Normal day,4,9,0,0,146
2024-01-04,Bengaluru,Carpenter,Clear,Major event,3,1,0,0,100
2024-07-29,Bengaluru,Technician,Extreme heat,Normal day,0,7,0,1,109
2024-04-21,Mumbai,Electrician,Clear,Normal day,6,4,1,0,105
2025-12-28,Bengaluru,Technician,Extreme heat,Normal day,6,12,1,1,114
2025-03-06,Delhi,Technician,Extreme heat,Normal day,3,3,0,0,96
2024-04-29,Delhi,Technician,Extreme heat,Normal day,0,4,0,1,122
2023-02-27,Delhi,Domestic Helper,Clear,Normal day,0,2,0,1,116
2024-01-21,Hyderabad,Domestic Helper,Clear,Normal day,6,1,1,0,95
2023-07-04,Bengaluru,Plumber,Rain,Major event,1,7,0,0,196
2025-09-05,Bengaluru,Carpenter,Rain,Normal day,4,9,0,0,98
2023-09-25,Delhi,Caregiver,Clear,Normal day,0,9,0,0,103
2024-10-24,Bengaluru,Electrician,Clear,Normal day,3,10,0,0,101
2023-10-18,Bengaluru,Technician,Clear,Normal day,2,10,0,0,87
2023-05-29,Delhi,Caregiver,Extreme heat,Normal day,0,5,0,1,118
2023-07-26,Delhi,Carpenter,Clear,Normal day,2,7,0,1,80
2025-06-13,Hyderabad,Caregiver,Clear,Normal day,4,6,0,0,99
2024-12-31,Mumbai,Caregiver,Clear,Holiday,1,12,0,1,97
2024-09-20,Delhi,Plumber,Clear,Major event,4,9,0,0,171
2025-03-12,Bengaluru,Plumber,Clear,Normal day,2,3,0,0,77
2024-03-28,Bengaluru,Painter,Clear,Normal day,3,3,0,1,68
2024-05-02,Delhi,Carpenter,Clear,Normal day,3,5,0,0,114
2023-07-01,Delhi,Painter,Clear,Normal day,5,7,1,0,95
2023-05-19,Delhi,Carpenter,Extreme heat,Normal day,4,5,0,0,108
2023-04-09,Hyderabad,Painter,Extreme heat,Normal day,6,4,1,0,87
2025-04-27,Hyderabad,Painter,Clear,Normal day,6,4,1,1,74
2025-09-08,Mumbai,Plumber,Rain,Normal day,0,9,0,0,128
2023-03-10,Delhi,Electrician,Clear,Normal day,4,3,0,0,119
2023-06-01,Delhi,Plumber,Rain,Normal day,3,6,0,0,164
2023-06-03,Bengaluru,Carpenter,Rain,Normal day,5,6,1,0,125
2025-09-15,Bengaluru,Painter,Rain,Normal day,0,9,0,0,85
2025-06-08,Mumbai,Electrician,Clear,Normal day,6,6,1,0,111
2024-01-25,Hyderabad,Caregiver,Clear,Normal day,3,1,0,0,75
2024-06-27,Delhi,Carpenter,Clear,Holiday,3,6,0,1,128
2025-10-02,Mumbai,Electrician,Clear,Normal day,3,10,0,0,127
2024-08-26,Hyderabad,Plumber,Clear,Normal day,0,8,0,1,105
2024-08-20,Bengaluru,Painter,Rain,Normal day,1,8,0,0,87
2025-03-25,Hyderabad,Painter,Rain,Normal day,1,3,0,0,68
2025-03-04,Mumbai,Carpenter,Rain,Normal day,1,3,0,0,103
2025-07-01,Bengaluru,Carpenter,Clear,Normal day,1,7,0,0,99
2024-07-04,Bengaluru,Plumber,Rain,Normal day,3,7,0,0,120
2023-06-25,Delhi,Technician,Rain,Normal day,6,6,1,0,111
2024-04-10,Bengaluru,Technician,Clear,Normal day,2,4,0,0,110
2025-08-30,Mumbai,Painter,Clear,Normal day,5,8,1,1,103
2023-03-13,Mumbai,Electrician,Rain,Normal day,0,3,0,0,130
2023-12-09,Mumbai,Technician,Clear,Holiday,5,12,1,0,107
2023-06-10,Hyderabad,Plumber,Extreme heat,Normal day,5,6,1,0,130
2024-06-12,Delhi,Caregiver,Rain,Holiday,2,6,0,0,130
2025-03-05,Hyderabad,Domestic Helper,Clear,Normal day,2,3,0,0,58
2025-07-27,Bengaluru,Technician,Rain,Normal day,6,7,1,1,103
2025-05-09,Bengaluru,Painter,Clear,Normal day,4,5,0,0,70
2023-07-25,Bengaluru,Domestic Helper,Rain,Normal day,1,7,0,0,120
2024-12-05,Hyderabad,Carpenter,Clear,Normal day,3,12,0,0,91
2025-08-26,Bengaluru,Plumber,Clear,Holiday,1,8,0,1,146
2025-04-02,Bengaluru,Painter,Extreme heat,Normal day,2,4,0,0,88
2024-05-01,Bengaluru,Caregiver,Clear,Normal day,2,5,0,0,62
2025-02-01,Bengaluru,Carpenter,Clear,Normal day,5,2,1,0,107
2024-07-28,Hyderabad,Technician,Rain,Holiday,6,7,1,1,160
2024-04-11,Mumbai,Carpenter,Extreme heat,Normal day,3,4,0,0,100
2024-10-19,Delhi,Caregiver,Clear,Normal day,5,10,1,0,113
2024-01-20,Hyderabad,Plumber,Rain,Normal day,5,1,1,0,148
2025-09-19,Delhi,Technician,Clear,Normal day,4,9,0,0,118
2023-05-15,Delhi,Caregiver,Clear,Normal day,0,5,0,0,85
2025-12-09,Bengaluru,Plumber,Clear,Normal day,1,12,0,0,103
2023-04-29,Mumbai,Electrician,Clear,Normal day,5,4,1,1,113
2024-02-12,Delhi,Carpenter,Clear,Normal day,0,2,0,0,88
2023-09-11,Bengaluru,Plumber,Clear,Normal day,0,9,0,0,111
2023-12-30,Hyderabad,Domestic Helper,Clear,Normal day,5,12,1,1,86
2024-06-13,Bengaluru,Carpenter,Clear,Holiday,3,6,0,0,99
2024-03-14,Mumbai,Caregiver,Clear,Normal day,3,3,0,0,79
2025-04-18,Bengaluru,Technician,Extreme heat,Normal day,4,4,0,0,109
2023-01-19,Hyderabad,Plumber,Clear,Normal day,3,1,0,0,97
2023-01-18,Mumbai,Carpenter,Clear,Normal day,2,1,0,0,93
2024-07-17,Hyderabad,Painter,Rain,Normal day,2,7,0,0,107
2024-03-22,Hyderabad,Carpenter,Clear,Normal day,4,3,0,0,87
2025-03-24,Bengaluru,Electrician,Clear,Normal day,0,3,0,0,76
2025-02-05,Delhi,Carpenter,Clear,Normal day,2,2,0,0,71
2024-11-19,Delhi,Caregiver,Clear,Normal day,1,11,0,0,90
2024-09-03,Mumbai,Plumber,Rain,Normal day,1,9,0,0,139
2023-04-27,Hyderabad,Caregiver,Clear,Normal day,3,4,0,1,84
2023-02-22,Hyderabad,Carpenter,Clear,Normal day,2,2,0,0,79
2025-03-06,Bengaluru,Domestic Helper,Clear,Normal day,3,3,0,0,80
2024-01-24,Delhi,Caregiver,Clear,Normal day,2,1,0,0,79
2025-09-01,Delhi,Domestic Helper,Clear,Normal day,0,9,0,0,97
2024-01-06,Delhi,Electrician,Clear,Normal day,5,1,1,0,120
2024-01-10,Delhi,Caregiver,Clear,Normal day,2,1,0,0,91
2024-09-20,Hyderabad,Technician,Rain,Normal day,4,9,0,0,113
2024-08-25,Hyderabad,Technician,Clear,Holiday,6,8,1,0,111
2023-05-26,Hyderabad,Plumber,Clear,Normal day,4,5,0,1,87
2025-02-20,Delhi,Painter,Clear,Normal day,3,2,0,0,88
2023-10-09,Mumbai,Carpenter,Clear,Normal day,0,10,0,0,100
2025-07-26,Mumbai,Carpenter,Rain,Normal day,5,7,1,1,165
2023-06-15,Hyderabad,Carpenter,Rain,Normal day,3,6,0,0,98
2023-04-29,Bengaluru,Painter,Clear,Normal day,5,4,1,1,79
2023-12-12,Mumbai,Painter,Clear,Normal day,1,12,0,0,76
2023-09-23,Hyderabad,Caregiver,Clear,Normal day,5,9,1,0,83
2025-09-04,Hyderabad,Electrician,Clear,Normal day,3,9,0,0,98
2025-02-03,Bengaluru,Carpenter,Clear,Normal day,0,2,0,0,74
2023-02-06,Bengaluru,Caregiver,Clear,Normal day,0,2,0,0,81
2024-12-06,Delhi,Plumber,Clear,Normal day,4,12,0,0,116
2024-09-18,Mumbai,Electrician,Rain,Normal day,2,9,0,0,127
2024-08-18,Hyderabad,Caregiver,Rain,Normal day,6,8,1,0,129
2025-06-07,Mumbai,Carpenter,Extreme heat,Normal day,5,6,1,0,118
2024-01-21,Mumbai,Technician,Clear,Normal day,6,1,1,0,83
2023-09-26,Mumbai,Caregiver,Clear,Normal day,1,9,0,1,79
2023-09-10,Delhi,Caregiver,Rain,Major event,6,9,1,0,158
2024-06-07,Bengaluru,Domestic Helper,Extreme heat,Normal day,4,6,0,0,110
2023-02-10,Bengaluru,Caregiver,Clear,Normal day,4,2,0,0,92
2023-09-11,Delhi,Painter,Rain,Normal day,0,9,0,0,103
2023-01-20,Delhi,Painter,Clear,Normal day,4,1,0,0,83
2024-07-06,Mumbai,Painter,Rain,Holiday,5,7,1,0,154
2023-08-30,Delhi,Electrician,Rain,Normal day,2,8,0,1,133
2024-02-14,Delhi,Technician,Clear,Normal day,2,2,0,0,121
2025-04-19,Delhi,Plumber,Clear,Normal day,5,4,1,0,128
2024-03-01,Hyderabad,Carpenter,Clear,Major event,4,3,0,0,100
2023-07-02,Bengaluru,Technician,Rain,Normal day,6,7,1,0,123
2023-07-04,Bengaluru,Caregiver,Rain,Normal day,1,7,0,0,112
2024-04-18,Hyderabad,Carpenter,Clear,Holiday,3,4,0,0,91
2023-12-24,Bengaluru,Technician,Clear,Normal day,6,12,1,0,73
2024-10-02,Hyderabad,Caregiver,Clear,Normal day,2,10,0,0,85
2023-04-04,Bengaluru,Technician,Clear,Normal day,1,4,0,0,86
2024-11-04,Delhi,Painter,Extreme heat,Normal day,0,11,0,0,106
2023-07-10,Delhi,Technician,Clear,Normal day,0,7,0,0,82
2025-03-30,Hyderabad,Carpenter,Clear,Normal day,6,3,1,1,87
2025-09-06,Hyderabad,Caregiver,Rain,Normal day,5,9,1,0,106
2023-09-29,Bengaluru,Technician,Clear,Normal day,4,9,0,1,119
2025-09-15,Hyderabad,Plumber,Rain,Normal day,0,9,0,0,135
2023-03-01,Mumbai,Painter,Rain,Normal day,2,3,0,0,98
2025-04-22,Hyderabad,Electrician,Clear,Normal day,1,4,0,0,96
2023-01-26,Mumbai,Caregiver,Rain,Normal day,3,1,0,1,115
2023-07-15,Hyderabad,Caregiver,Rain,Normal day,5,7,1,0,108
2025-02-27,Mumbai,Technician,Clear,Normal day,3,2,0,1,97
2023-04-22,Bengaluru,Caregiver,Extreme heat,Normal day,5,4,1,0,109
2025-08-19,Hyderabad,Technician,Clear,Normal day,1,8,0,0,91
2024-10-18,Mumbai,Carpenter,Extreme heat,Holiday,4,10,0,0,143
2024-04-01,Hyderabad,Painter,Extreme heat,Holiday,0,4,0,0,74
2025-06-28,Hyderabad,Electrician,Rain,Normal day,5,6,1,1,143
2023-09-01,Hyderabad,Caregiver,Rain,Holiday,4,9,0,0,117
2025-04-24,Bengaluru,Domestic Helper,Clear,Normal day,3,4,0,0,84
2024-09-15,Mumbai,Caregiver,Rain,Normal day,6,9,1,0,128
2025-01-14,Bengaluru,Technician,Clear,Normal day,1,1,0,0,95
2025-08-26,Delhi,Caregiver,Rain,Holiday,1,8,0,1,149
2024-03-30,Bengaluru,Carpenter,Clear,Normal day,5,3,1,1,90
2024-08-20,Delhi,Caregiver,Clear,Normal day,1,8,0,0,89
2025-10-05,Mumbai,Technician,Clear,Normal day,6,10,1,0,114
2023-08-08,Delhi,Domestic Helper,Clear,Holiday,1,8,0,0,132
2025-03-15,Mumbai,Painter,Clear,Normal day,5,3,1,0,83
2024-11-23,Bengaluru,Technician,Clear,Normal day,5,11,1,0,114
2023-09-10,Hyderabad,Painter,Rain,Normal day,6,9,1,0,94
2023-10-03,Hyderabad,Electrician,Clear,Holiday,1,10,0,0,102
2025-06-05,Hyderabad,Domestic Helper,Rain,Normal day,3,6,0,0,110
2023-12-22,Mumbai,Electrician,Clear,Normal day,4,12,0,0,118
2024-10-21,Hyderabad,Painter,Extreme heat,Normal day,0,10,0,0,92
2024-05-23,Delhi,Painter,Extreme heat,Normal day,3,5,0,0,93
2025-07-16,Mumbai,Plumber,Clear,Normal day,2,7,0,0,127
2025-11-15,Delhi,Technician,Clear,Normal day,5,11,1,0,137
2024-03-21,Mumbai,Plumber,Clear,Normal day,3,3,0,0,98
2024-12-08,Mumbai,Caregiver,Clear,Normal day,6,12,1,0,92
2025-10-28,Delhi,Caregiver,Clear,Normal day,1,10,0,1,91
2025-09-10,Hyderabad,Caregiver,Rain,Normal day,2,9,0,0,96
2024-08-08,Hyderabad,Technician,Clear,Holiday,3,8,0,0,95
2025-02-19,Mumbai,Electrician,Clear,Normal day,2,2,0,0,98
2023-11-26,Delhi,Caregiver,Clear,Normal day,6,11,1,1,93
2024-08-27,Mumbai,Technician,Rain,Normal day,1,8,0,1,128
2025-07-15,Bengaluru,Domestic Helper,Rain,Normal day,1,7,0,0,110
2024-04-04,Hyderabad,Plumber,Clear,Normal day,3,4,0,0,104
2024-08-12,Bengaluru,Painter,Clear,Normal day,0,8,0,0,88
2024-10-02,Bengaluru,Electrician,Clear,Normal day,2,10,0,0,101
2025-06-26,Mumbai,Caregiver,Rain,Normal day,3,6,0,1,122
2024-02-07,Mumbai,Carpenter,Clear,Normal day,2,2,0,0,86
2023-06-02,Mumbai,Plumber,Rain,Normal day,4,6,0,0,167
2023-03-25,Hyderabad,Carpenter,Clear,Normal day,5,3,1,0,80
2024-06-06,Bengaluru,Carpenter,Rain,Normal day,3,6,0,0,96
2023-03-23,Mumbai,Carpenter,Clear,Normal day,3,3,0,0,79
2024-09-08,Hyderabad,Technician,Rain,Normal day,6,9,1,0,95
2024-10-12,Mumbai,Plumber,Clear,Normal day,5,10,1,0,156
2023-11-23,Hyderabad,Domestic Helper,Clear,Holiday,3,11,0,0,101
2024-03-29,Mumbai,Caregiver,Clear,Normal day,4,3,0,1,84
2024-03-23,Hyderabad,Domestic Helper,Clear,Normal day,5,3,1,0,118
2023-01-19,Bengaluru,Caregiver,Clear,Normal day,3,1,0,0,66
2024-05-14,Bengaluru,Caregiver,Extreme heat,Normal day,1,5,0,0,86
2023-08-21,Hyderabad,Carpenter,Rain,Normal day,0,8,0,0,97
2025-11-24,Delhi,Domestic Helper,Clear,Normal day,0,11,0,0,89
2023-03-31,Delhi,Caregiver,Clear,Normal day,4,3,0,1,82
2023-07-16,Mumbai,Technician,Rain,Major event,6,7,1,0,201
2023-05-15,Mumbai,Caregiver,Extreme heat,Normal day,0,5,0,0,106
2025-05-18,Bengaluru,Plumber,Clear,Normal day,6,5,1,0,115
2025-06-10,Bengaluru,Caregiver,Rain,Major event,1,6,0,0,157
2024-11-10,Bengaluru,Electrician,Clear,Holiday,6,11,1,0,130
2024-05-30,Bengaluru,Domestic Helper,Extreme heat,Normal day,3,5,0,1,104
2025-04-14,Hyderabad,Painter,Extreme heat,Normal day,0,4,0,0,82
2023-02-04,Hyderabad,Caregiver,Clear,Major event,5,2,1,0,108
2023-05-10,Bengaluru,Caregiver,Extreme heat,Normal day,2,5,0,0,96
2025-10-26,Bengaluru,Carpenter,Clear,Normal day,6,10,1,1,103
2023-06-27,Delhi,Technician,Rain,Normal day,1,6,0,1,128
2023-03-05,Hyderabad,Plumber,Clear,Normal day,6,3,1,0,99
2025-03-11,Delhi,Caregiver,Clear,Normal day,1,3,0,0,91
2025-02-03,Bengaluru,Domestic Helper,Rain,Normal day,0,2,0,0,103
2023-03-27,Bengaluru,Domestic Helper,Clear,Normal day,0,3,0,1,94
2023-06-24,Delhi,Plumber,Rain,Normal day,5,6,1,0,153
2024-12-05,Mumbai,Painter,Rain,Normal day,3,12,0,0,106
2023-10-19,Mumbai,Plumber,Clear,Normal day,3,10,0,0,116
2024-02-02,Bengaluru,Plumber,Clear,Normal day,4,2,0,0,81
2023-04-22,Hyderabad,Caregiver,Clear,Normal day,5,4,1,0,82
2023-05-18,Delhi,Electrician,Clear,Normal day,3,5,0,0,99
2024-11-08,Delhi,Plumber,Clear,Normal day,4,11,0,0,128
2024-08-06,Bengaluru,Plumber,Clear,Normal day,1,8,0,0,105
2024-09-18,Mumbai,Domestic Helper,Rain,Normal day,2,9,0,0,113
2025-05-27,Mumbai,Electrician,Clear,Normal day,1,5,0,1,108
2025-06-12,Delhi,Technician,Clear,Normal day,3,6,0,0,94
2024-11-10,Hyderabad,Painter,Clear,Normal day,6,11,1,0,73
2025-09-24,Bengaluru,Plumber,Rain,Holiday,2,9,0,0,138
2024-07-28,Mumbai,Domestic Helper,Clear,Normal day,6,7,1,1,117
2023-06-06,Bengaluru,Electrician,Rain,Normal day,1,6,0,0,123
2025-04-09,Mumbai,Electrician,Rain,Normal day,2,4,0,0,154
2025-08-24,Mumbai,Carpenter,Clear,Normal day,6,8,1,0,125
2024-08-18,Mumbai,Painter,Rain,Holiday,6,8,1,0,124
2025-01-15,Bengaluru,Caregiver,Clear,Normal day,2,1,0,0,77
2023-12-06,Mumbai,Painter,Clear,Normal day,2,12,0,0,104
2023-10-27,Hyderabad,Carpenter,Clear,Normal day,4,10,0,1,95
2024-04-19,Bengaluru,Carpenter,Clear,Holiday,4,4,0,0,101
2024-02-28,Delhi,Painter,Clear,Normal day,2,2,0,1,83
2023-04-06,Bengaluru,Caregiver,Clear,Normal day,3,4,0,0,73
2025-12-03,Delhi,Technician,Clear,Normal day,2,12,0,0,79
2023-12-23,Hyderabad,Caregiver,Clear,Normal day,5,12,1,0,85
2023-06-09,Delhi,Painter,Extreme heat,Normal day,4,6,0,0,93
2025-04-11,Delhi,Technician,Extreme heat,Normal day,4,4,0,0,104
2025-09-14,Bengaluru,Domestic Helper,Rain,Normal day,6,9,1,0,128
2024-04-16,Bengaluru,Domestic Helper,Extreme heat,Normal day,1,4,0,0,86
2024-01-18,Mumbai,Carpenter,Clear,Normal day,3,1,0,0,101
2024-04-16,Hyderabad,Technician,Clear,Normal day,1,4,0,0,81
2025-09-07,Hyderabad,Plumber,Rain,Normal day,6,9,1,0,119
2025-04-21,Bengaluru,Plumber,Clear,Normal day,0,4,0,0,110
2023-11-26,Mumbai,Caregiver,Clear,Normal day,6,11,1,1,93
2023-10-28,Bengaluru,Plumber,Clear,Holiday,5,10,1,1,193
2025-04-10,Bengaluru,Caregiver,Extreme heat,Normal day,3,4,0,0,87
2023-06-25,Mumbai,Painter,Rain,Normal day,6,6,1,0,116
2025-09-13,Mumbai,Plumber,Rain,Normal day,5,9,1,0,159
2024-01-08,Delhi,Plumber,Clear,Normal day,0,1,0,0,113
2025-07-17,Bengaluru,Plumber,Clear,Normal day,3,7,0,0,124
2023-02-03,Mumbai,Domestic Helper,Rain,Normal day,4,2,0,0,143
2025-05-09,Mumbai,Domestic Helper,Clear,Normal day,4,5,0,0,102
2023-03-21,Bengaluru,Electrician,Clear,Normal day,1,3,0,0,82
2023-01-03,Hyderabad,Domestic Helper,Clear,Normal day,1,1,0,0,69
2025-12-21,Hyderabad,Plumber,Rain,Normal day,6,12,1,0,146
2025-02-19,Delhi,Domestic Helper,Clear,Normal day,2,2,0,0,93
2023-07-20,Hyderabad,Plumber,Clear,Normal day,3,7,0,0,86
2023-06-21,Delhi,Domestic Helper,Rain,Normal day,2,6,0,0,124
2024-01-23,Bengaluru,Caregiver,Clear,Major event,1,1,0,0,109
2025-12-06,Bengaluru,Domestic Helper,Clear,Normal day,5,12,1,0,86
2024-10-08,Hyderabad,Carpenter,Clear,Normal day,1,10,0,0,101
2024-06-03,Delhi,Technician,Rain,Normal day,0,6,0,0,115
2024-07-18,Hyderabad,Technician,Clear,Normal day,3,7,0,0,75
2025-09-15,Mumbai,Carpenter,Rain,Normal day,0,9,0,0,114
2024-09-20,Delhi,Technician,Rain,Normal day,4,9,0,0,118
2023-09-01,Mumbai,Painter,Rain,Normal day,4,9,0,0,122
2023-07-25,Mumbai,Domestic Helper,Clear,Normal day,1,7,0,0,119
2023-04-17,Mumbai,Painter,Extreme heat,Major event,0,4,0,0,125
2023-07-06,Mumbai,Painter,Rain,Normal day,3,7,0,0,101
2023-05-12,Delhi,Plumber,Clear,Normal day,4,5,0,0,139
2025-02-26,Hyderabad,Domestic Helper,Clear,Normal day,2,2,0,1,83
2023-04-28,Mumbai,Caregiver,Clear,Major event,4,4,0,1,125
2025-11-27,Delhi,Plumber,Clear,Normal day,3,11,0,1,119
2025-11-22,Mumbai,Domestic Helper,Clear,Major event,5,11,1,0,159
2024-05-04,Bengaluru,Plumber,Clear,Normal day,5,5,1,0,115
2025-03-29,Delhi,Caregiver,Clear,Normal day,5,3,1,1,99
2025-11-26,Bengaluru,Caregiver,Clear,Normal day,2,11,0,1,80
2024-08-05,Delhi,Carpenter,Extreme heat,Normal day,0,8,0,0,98
2024-02-03,Hyderabad,Painter,Clear,Normal day,5,2,1,0,81
2025-04-13,Bengaluru,Domestic Helper,Clear,Normal day,6,4,1,0,109
2023-08-28,Delhi,Domestic Helper,Rain,Normal day,0,8,0,1,141
2025-06-25,Hyderabad,Domestic Helper,Rain,Normal day,2,6,0,0,94
2024-11-26,Hyderabad,Caregiver,Clear,Normal day,1,11,0,1,86
2023-02-26,Hyderabad,Electrician,Clear,Normal day,6,2,1,1,102
2024-03-27,Mumbai,Technician,Clear,Normal day,2,3,0,1,104
2025-11-23,Bengaluru,Caregiver,Clear,Normal day,6,11,1,0,119
2023-07-10,Hyderabad,Caregiver,Rain,Normal day,0,7,0,0,80
2024-01-01,Hyderabad,Carpenter,Clear,Normal day,0,1,0,0,90
2024-07-05,Mumbai,Caregiver,Rain,Normal day,4,7,0,0,136
2025-10-18,Mumbai,Plumber,Clear,Normal day,5,10,1,0,138
2024-02-28,Mumbai,Plumber,Clear,Normal day,2,2,0,1,131
2024-12-30,Mumbai,Technician,Clear,Normal day,0,12,0,1,111
2025-10-05,Bengaluru,Technician,Rain,Normal day,6,10,1,0,127
2025-09-14,Delhi,Domestic Helper,Clear,Normal day,6,9,1,0,106
2024-07-16,Hyderabad,Plumber,Extreme heat,Normal day,1,7,0,0,117
2024-07-27,Hyderabad,Plumber,Rain,Normal day,5,7,1,1,138
2025-12-12,Hyderabad,Painter,Rain,Major event,4,12,0,0,106
2024-12-12,Hyderabad,Technician,Clear,Holiday,3,12,0,0,91
2023-09-04,Hyderabad,Carpenter,Rain,Major event,0,9,0,0,141
2024-03-07,Hyderabad,Domestic Helper,Clear,Normal day,3,3,0,0,95
2024-06-15,Mumbai,Domestic Helper,Clear,Normal day,5,6,1,0,104
2024-12-03,Delhi,Plumber,Clear,Normal day,1,12,0,0,119
2025-02-01,Delhi,Technician,Clear,Normal day,5,2,1,0,86
2023-09-26,Mumbai,Technician,Clear,Normal day,1,9,0,1,97
2024-04-27,Hyderabad,Technician,Clear,Normal day,5,4,1,1,95
2023-11-03,Hyderabad,Technician,Clear,Normal day,4,11,0,0,103
2023-10-03,Delhi,Technician,Clear,Normal day,1,10,0,0,130
2023-04-08,Hyderabad,Electrician,Extreme heat,Holiday,5,4,1,0,146
2024-06-04,Hyderabad,Technician,Rain,Normal day,1,6,0,0,90
2024-11-16,Delhi,Carpenter,Clear,Normal day,5,11,1,0,117
2024-06-11,Delhi,Electrician,Clear,Normal day,1,6,0,0,103
2024-02-12,Mumbai,Technician,Clear,Normal day,0,2,0,0,102
2025-11-11,Hyderabad,Technician,Clear,Normal day,1,11,0,0,79
2025-02-19,Delhi,Painter,Clear,Normal day,2,2,0,0,82
2023-12-10,Delhi,Painter,Clear,Normal day,6,12,1,0,81
2023-05-27,Bengaluru,Plumber,Clear,Normal day,5,5,1,1,129
2024-08-19,Delhi,Domestic Helper,Rain,Normal day,0,8,0,0,125
2025-06-30,Delhi,Caregiver,Rain,Normal day,0,6,0,1,100
2025-04-27,Mumbai,Plumber,Extreme heat,Normal day,6,4,1,1,176
2024-04-25,Delhi,Caregiver,Extreme heat,Holiday,3,4,0,0,131
2023-12-08,Hyderabad,Electrician,Clear,Normal day,4,12,0,0,74
2025-08-27,Bengaluru,Electrician,Rain,Normal day,2,8,0,1,130
2023-06-20,Bengaluru,Carpenter,Rain,Holiday,1,6,0,0,137
2025-03-09,Delhi,Plumber,Clear,Normal day,6,3,1,0,116
2023-09-16,Mumbai,Domestic Helper,Rain,Major event,5,9,1,0,216
2024-12-31,Delhi,Technician,Clear,Normal day,1,12,0,1,109
2024-07-11,Hyderabad,Plumber,Extreme heat,Normal day,3,7,0,0,121
2023-12-29,Hyderabad,Caregiver,Clear,Normal day,4,12,0,1,66
2025-06-09,Delhi,Carpenter,Rain,Normal day,0,6,0,0,102
2023-07-03,Hyderabad,Carpenter,Clear,Normal day,0,7,0,0,75
2024-09-13,Bengaluru,Electrician,Rain,Normal day,4,9,0,0,139
2023-10-07,Delhi,Carpenter,Clear,Major event,5,10,1,0,139
2025-10-04,Hyderabad,Carpenter,Clear,Normal day,5,10,1,0,92
2024-08-22,Mumbai,Technician,Clear,Normal day,3,8,0,0,109
2025-04-23,Hyderabad,Painter,Clear,Normal day,2,4,0,0,65
2025-03-09,Hyderabad,Plumber,Clear,Normal day,6,3,1,0,110
2024-05-05,Delhi,Carpenter,Extreme heat,Normal day,6,5,1,0,112
2024-07-04,Hyderabad,Plumber,Rain,Normal day,3,7,0,0,133
2024-08-16,Bengaluru,Caregiver,Rain,Normal day,4,8,0,0,101
2025-10-04,Mumbai,Carpenter,Clear,Holiday,5,10,1,0,138
2023-02-15,Mumbai,Electrician,Clear,Normal day,2,2,0,0,112
2025-06-16,Bengaluru,Plumber,Clear,Major event,0,6,0,0,134
2024-03-20,Delhi,Painter,Clear,Normal day,2,3,0,0,83
2025-01-30,Hyderabad,Caregiver,Clear,Normal day,3,1,0,1,63
2023-10-27,Bengaluru,Carpenter,Clear,Holiday,4,10,0,1,112
2025-08-20,Mumbai,Plumber,Rain,Normal day,2,8,0,0,135
2025-02-20,Bengaluru,Electrician,Extreme heat,Normal day,3,2,0,0,111
2025-02-27,Hyderabad,Plumber,Clear,Major event,3,2,0,1,124
2025-08-01,Bengaluru,Domestic Helper,Rain,Normal day,4,8,0,0,151
2025-03-07,Delhi,Carpenter,Clear,Normal day,4,3,0,0,69
2025-12-02,Bengaluru,Carpenter,Clear,Normal day,1,12,0,0,86
2025-01-08,Bengaluru,Technician,Clear,Normal day,2,1,0,0,104
2024-04-28,Hyderabad,Carpenter,Clear,Normal day,6,4,1,1,83
2023-09-03,Hyderabad,Technician,Clear,Normal day,6,9,1,0,80
2025-08-31,Mumbai,Carpenter,Rain,Normal day,6,8,1,1,143
2025-10-20,Bengaluru,Caregiver,Clear,Normal day,0,10,0,0,96
2023-05-03,Bengaluru,Carpenter,Extreme heat,Normal day,2,5,0,0,100
2023-08-08,Mumbai,Painter,Clear,Normal day,1,8,0,0,79
2024-12-12,Hyderabad,Caregiver,Clear,Normal day,3,12,0,0,71
2025-01-03,Mumbai,Carpenter,Rain,Normal day,4,1,0,0,132
2025-06-15,Delhi,Domestic Helper,Rain,Normal day,6,6,1,0,138
2024-01-18,Delhi,Carpenter,Clear,Normal day,3,1,0,0,72
2023-11-25,Bengaluru,Domestic Helper,Clear,Normal day,5,11,1,0,118
2024-06-23,Delhi,Painter,Clear,Normal day,6,6,1,0,84
2025-02-15,Mumbai,Electrician,Clear,Normal day,5,2,1,0,81
2024-05-04,Delhi,Caregiver,Clear,Normal day,5,5,1,0,103
2025-03-04,Mumbai,Domestic Helper,Clear,Normal day,1,3,0,0,108
2023-11-12,Delhi,Carpenter,Clear,Normal day,6,11,1,0,94
2023-07-17,Bengaluru,Electrician,Rain,Normal day,0,7,0,0,113
2023-03-06,Mumbai,Electrician,Clear,Holiday,0,3,0,0,119
2025-03-06,Hyderabad,Domestic Helper,Clear,Normal day,3,3,0,0,101
2023-04-11,Delhi,Plumber,Extreme heat,Holiday,1,4,0,0,123
2024-03-03,Hyderabad,Technician,Clear,Normal day,6,3,1,0,92
2023-05-05,Delhi,Domestic Helper,Extreme heat,Normal day,4,5,0,0,119
2025-01-25,Bengaluru,Technician,Clear,Normal day,5,1,1,0,100
2023-05-25,Delhi,Electrician,Extreme heat,Normal day,3,5,0,0,119
2023-07-18,Bengaluru,Caregiver,Clear,Normal day,1,7,0,0,112
2024-01-31,Mumbai,Domestic Helper,Clear,Holiday,2,1,0,1,128
2025-04-30,Bengaluru,Technician,Extreme heat,Normal day,2,4,0,1,114
2025-07-28,Hyderabad,Electrician,Clear,Normal day,0,7,0,1,117
2025-04-02,Delhi,Caregiver,Clear,Normal day,2,4,0,0,96
2025-06-26,Delhi,Carpenter,Rain,Normal day,3,6,0,1,106
2025-01-31,Hyderabad,Technician,Clear,Normal day,4,1,0,1,93
2024-10-24,Mumbai,Domestic Helper,Clear,Normal day,3,10,0,0,84
2024-06-04,Delhi,Painter,Clear,Normal day,1,6,0,0,89
2023-03-12,Delhi,Domestic Helper,Clear,Normal day,6,3,1,0,103
2024-09-10,Bengaluru,Carpenter,Extreme heat,Normal day,1,9,0,0,80
2024-10-06,Bengaluru,Technician,Clear,Normal day,6,10,1,0,112
2024-07-19,Mumbai,Electrician,Clear,Normal day,4,7,0,0,101
2023-10-11,Delhi,Carpenter,Rain,Normal day,2,10,0,0,99
2024-06-08,Delhi,Electrician,Rain,Normal day,5,6,1,0,147
2024-03-21,Bengaluru,Caregiver,Clear,Normal day,3,3,0,0,73
2025-09-26,Bengaluru,Domestic Helper,Rain,Major event,4,9,0,1,181
2025-02-20,Bengaluru,Technician,Clear,Normal day,3,2,0,0,91
2024-12-13,Hyderabad,Painter,Rain,Holiday,4,12,0,0,124
2024-04-09,Bengaluru,Caregiver,Extreme heat,Normal day,1,4,0,0,94
2024-09-16,Bengaluru,Carpenter,Rain,Normal day,0,9,0,0,100
2025-10-25,Mumbai,Plumber,Clear,Normal day,5,10,1,0,122
2025-03-15,Hyderabad,Technician,Clear,Normal day,5,3,1,0,93
2024-03-30,Hyderabad,Carpenter,Clear,Normal day,5,3,1,1,90
2024-11-19,Bengaluru,Painter,Clear,Holiday,1,11,0,0,101
2025-03-28,Delhi,Electrician,Clear,Normal day,4,3,0,1,114
2023-09-25,Mumbai,Painter,Rain,Normal day,0,9,0,0,104
2024-02-06,Mumbai,Plumber,Clear,Normal day,1,2,0,0,112
2024-10-24,Bengaluru,Electrician,Clear,Normal day,3,10,0,0,116
2024-12-14,Mumbai,Carpenter,Clear,Normal day,5,12,1,0,117
2024-09-16,Mumbai,Carpenter,Rain,Normal day,0,9,0,0,109
2025-06-24,Mumbai,Painter,Clear,Normal day,1,6,0,0,88
2024-02-13,Delhi,Plumber,Clear,Normal day,1,2,0,0,119
2023-08-19,Bengaluru,Plumber,Rain,Normal day,5,8,1,0,167
2024-08-12,Bengaluru,Carpenter,Rain,Holiday,0,8,0,0,132
2025-07-10,Hyderabad,Electrician,Clear,Normal day,3,7,0,0,90
2024-03-09,Mumbai,Domestic Helper,Clear,Normal day,5,3,1,0,125
2025-09-16,Mumbai,Caregiver,Rain,Major event,1,9,0,0,141
2025-12-14,Bengaluru,Carpenter,Clear,Normal day,6,12,1,0,77
2024-07-09,Bengaluru,Painter,Rain,Major event,1,7,0,0,133
2025-03-06,Delhi,Caregiver,Rain,Normal day,3,3,0,0,109
2023-08-09,Bengaluru,Carpenter,Rain,Normal day,2,8,0,0,113
2024-04-18,Hyderabad,Domestic Helper,Extreme heat,Holiday,3,4,0,0,101
2024-10-08,Hyderabad,Technician,Clear,Holiday,1,10,0,0,94
2024-02-12,Hyderabad,Domestic Helper,Rain,Major event,0,2,0,0,132
2024-05-21,Delhi,Carpenter,Clear,Normal day,1,5,0,0,105
2023-02-07,Delhi,Caregiver,Clear,Normal day,1,2,0,0,77
2024-04-28,Delhi,Technician,Clear,Normal day,6,4,1,1,125
2025-03-03,Bengaluru,Domestic Helper,Rain,Normal day,0,3,0,0,114
2024-11-30,Hyderabad,Caregiver,Clear,Normal day,5,11,1,1,98
2025-12-02,Mumbai,Painter,Clear,Holiday,1,12,0,0,107
2024-10-01,Delhi,Painter,Clear,Normal day,1,10,0,0,77
2023-10-11,Mumbai,Technician,Clear,Normal day,2,10,0,0,96
2025-12-08,Mumbai,Painter,Extreme heat,Normal day,0,12,0,0,88
2023-10-25,Mumbai,Carpenter,Clear,Normal day,2,10,0,0,104
2023-08-31,Mumbai,Carpenter,Rain,Holiday,3,8,0,1,168
2023-03-02,Delhi,Painter,Extreme heat,Normal day,3,3,0,0,107
2024-07-14,Mumbai,Technician,Clear,Normal day,6,7,1,0,120
2023-02-23,Delhi,Domestic Helper,Clear,Normal day,3,2,0,0,106
2024-04-20,Mumbai,Caregiver,Clear,Holiday,5,4,1,0,102
2025-09-03,Mumbai,Domestic Helper,Rain,Normal day,2,9,0,0,142
2025-02-04,Mumbai,Technician,Clear,Normal day,1,2,0,0,89
2023-12-02,Mumbai,Plumber,Clear,Normal day,5,12,1,0,125
2023-01-31,Delhi,Painter,Clear,Normal day,1,1,0,1,77
2024-02-20,Mumbai,Electrician,Clear,Normal day,1,2,0,0,98
2025-06-18,Hyderabad,Caregiver,Clear,Normal day,2,6,0,0,90
2024-05-20,Hyderabad,Painter,Extreme heat,Normal day,0,5,0,0,77
2025-02-18,Delhi,Painter,Clear,Normal day,1,2,0,0,66
2025-12-11,Bengaluru,Domestic Helper,Clear,Normal day,3,12,0,0,96
2023-03-28,Mumbai,Domestic Helper,Clear,Normal day,1,3,0,1,106
2023-03-22,Hyderabad,Domestic Helper,Clear,Normal day,2,3,0,0,69
2024-01-24,Delhi,Painter,Clear,Normal day,2,1,0,0,70
2024-08-08,Hyderabad,Plumber,Clear,Normal day,3,8,0,0,118
2023-04-22,Mumbai,Painter,Extreme heat,Normal day,5,4,1,0,113
2025-10-22,Bengaluru,Plumber,Clear,Normal day,2,10,0,0,119
2023-10-05,Hyderabad,Painter,Clear,Major event,3,10,0,0,104
2025-07-18,Mumbai,Painter,Clear,Normal day,4,7,0,0,92
2023-12-02,Bengaluru,Electrician,Clear,Normal day,5,12,1,0,103
2025-01-13,Bengaluru,Domestic Helper,Clear,Normal day,0,1,0,0,81
2025-11-13,Mumbai,Painter,Clear,Holiday,3,11,0,0,95
2023-12-16,Delhi,Domestic Helper,Rain,Normal day,5,12,1,0,129
2023-11-29,Mumbai,Plumber,Clear,Holiday,2,11,0,1,151
2024-09-22,Delhi,Caregiver,Rain,Normal day,6,9,1,0,107
2024-01-06,Bengaluru,Plumber,Extreme heat,Major event,5,1,1,0,157
2024-06-02,Bengaluru,Painter,Rain,Normal day,6,6,1,0,98
2023-01-12,Hyderabad,Plumber,Clear,Normal day,3,1,0,0,113
2025-07-18,Hyderabad,Painter,Clear,Normal day,4,7,0,0,82
2024-05-16,Delhi,Domestic Helper,Extreme heat,Normal day,3,5,0,0,98
2024-03-01,Bengaluru,Plumber,Clear,Normal day,4,3,0,0,102
2023-03-17,Mumbai,Technician,Clear,Normal day,4,3,0,0,124
2024-09-03,Delhi,Electrician,Clear,Normal day,1,9,0,0,87
2024-01-01,Mumbai,Caregiver,Clear,Normal day,0,1,0,0,77
2023-12-30,Hyderabad,Caregiver,Clear,Normal day,5,12,1,1,108
2023-07-10,Delhi,Carpenter,Clear,Normal day,0,7,0,0,101
2023-05-19,Hyderabad,Technician,Rain,Normal day,4,5,0,0,102
2023-10-03,Bengaluru,Caregiver,Rain,Normal day,1,10,0,0,107
2025-04-27,Mumbai,Caregiver,Clear,Holiday,6,4,1,1,135
2025-12-19,Bengaluru,Painter,Clear,Normal day,4,12,0,0,77
2024-08-11,Hyderabad,Domestic Helper,Rain,Normal day,6,8,1,0,147
2024-12-25,Mumbai,Domestic Helper,Clear,Normal day,2,12,0,0,93
2025-10-16,Hyderabad,Technician,Clear,Normal day,3,10,0,0,101
2024-08-17,Mumbai,Electrician,Clear,Normal day,5,8,1,0,142
2023-08-30,Mumbai,Technician,Rain,Normal day,2,8,0,1,126
2023-04-04,Delhi,Carpenter,Rain,Normal day,1,4,0,0,109
2023-01-24,Mumbai,Caregiver,Clear,Normal day,1,1,0,0,101
2024-09-22,Delhi,Domestic Helper,Rain,Normal day,6,9,1,0,144
2023-08-22,Delhi,Carpenter,Clear,Normal day,1,8,0,0,90
2023-03-01,Mumbai,Plumber,Clear,Normal day,2,3,0,0,109
2025-09-08,Hyderabad,Technician,Clear,Normal day,0,9,0,0,81
2023-11-15,Hyderabad,Technician,Clear,Normal day,2,11,0,0,78
2025-04-27,Bengaluru,Technician,Clear,Normal day,6,4,1,1,106
2024-10-08,Bengaluru,Plumber,Clear,Normal day,1,10,0,0,103
2024-12-25,Bengaluru,Plumber,Clear,Major event,2,12,0,0,135
2025-02-07,Mumbai,Domestic Helper,Clear,Normal day,4,2,0,0,106
2023-08-28,Delhi,Caregiver,Rain,Normal day,0,8,0,1,93
2024-07-10,Hyderabad,Electrician,Rain,Normal day,2,7,0,0,106
2025-07-14,Delhi,Plumber,Rain,Normal day,0,7,0,0,165
2025-02-05,Bengaluru,Technician,Clear,Holiday,2,2,0,0,101
2025-11-02,Bengaluru,Technician,Clear,Normal day,6,11,1,0,102
2024-01-25,Delhi,Painter,Clear,Normal day,3,1,0,0,84
2024-11-01,Mumbai,Technician,Rain,Normal day,4,11,0,0,128
2025-11-23,Mumbai,Plumber,Clear,Normal day,6,11,1,0,117
2025-12-05,Bengaluru,Electrician,Clear,Holiday,4,12,0,0,141
2023-06-28,Delhi,Painter,Rain,Holiday,2,6,0,1,110
2024-10-01,Bengaluru,Domestic Helper,Clear,Normal day,1,10,0,0,94
2024-03-05,Delhi,Plumber,Clear,Normal day,1,3,0,0,108
2024-10-15,Hyderabad,Caregiver,Clear,Holiday,1,10,0,0,94
2024-07-14,Bengaluru,Electrician,Extreme heat,Normal day,6,7,1,0,125
2023-07-29,Mumbai,Domestic Helper,Clear,Normal day,5,7,1,1,164
2023-10-17,Delhi,Domestic Helper,Clear,Holiday,1,10,0,0,113
2024-11-24,Hyderabad,Electrician,Clear,Normal day,6,11,1,0,104
2023-04-14,Bengaluru,Painter,Clear,Normal day,4,4,0,0,72
2024-01-02,Hyderabad,Domestic Helper,Clear,Normal day,1,1,0,0,86
2024-02-10,Bengaluru,Technician,Clear,Normal day,5,2,1,0,95
2023-07-10,Hyderabad,Electrician,Rain,Normal day,0,7,0,0,112
2025-08-11,Hyderabad,Plumber,Rain,Holiday,0,8,0,0,139
2024-06-12,Delhi,Painter,Clear,Normal day,2,6,0,0,78
2024-11-07,Delhi,Painter,Clear,Holiday,3,11,0,0,97
2023-08-20,Delhi,Painter,Rain,Holiday,6,8,1,0,122
2024-12-14,Mumbai,Domestic Helper,Clear,Normal day,5,12,1,0,111
2023-08-08,Delhi,Domestic Helper,Rain,Normal day,1,8,0,0,121
2025-12-27,Hyderabad,Painter,Clear,Normal day,5,12,1,1,68
2024-05-14,Mumbai,Painter,Clear,Normal day,1,5,0,0,87
2025-06-01,Hyderabad,Domestic Helper,Rain,Normal day,6,6,1,0,130
2024-04-28,Mumbai,Caregiver,Extreme heat,Normal day,6,4,1,1,137
2025-09-23,Bengaluru,Domestic Helper,Rain,Normal day,1,9,0,0,117
2023-07-19,Hyderabad,Plumber,Clear,Normal day,2,7,0,0,117
2023-08-11,Hyderabad,Carpenter,Rain,Normal day,4,8,0,0,108
2023-07-05,Mumbai,Technician,Clear,Normal day,2,7,0,0,91
2023-01-01,Mumbai,Caregiver,Clear,Normal day,6,1,1,0,92
2025-03-09,Hyderabad,Plumber,Clear,Normal day,6,3,1,0,104
2024-09-05,Delhi,Painter,Rain,Normal day,3,9,0,0,99
2023-07-02,Bengaluru,Domestic Helper,Extreme heat,Normal day,6,7,1,0,122
2023-09-19,Delhi,Electrician,Clear,Normal day,1,9,0,0,105
2023-04-19,Bengaluru,Caregiver,Rain,Normal day,2,4,0,0,94
2023-08-13,Delhi,Technician,Clear,Normal day,6,8,1,0,138
2025-03-18,Delhi,Caregiver,Clear,Normal day,1,3,0,0,82
2024-03-08,Mumbai,Painter,Clear,Normal day,4,3,0,0,95
2025-01-07,Hyderabad,Plumber,Clear,Normal day,1,1,0,0,97
2023-09-15,Mumbai,Electrician,Clear,Major event,4,9,0,0,138
2025-09-23,Hyderabad,Plumber,Clear,Normal day,1,9,0,0,92
2025-05-01,Hyderabad,Technician,Extreme heat,Normal day,3,5,0,0,83
2024-01-04,Hyderabad,Domestic Helper,Clear,Normal day,3,1,0,0,76
2025-02-26,Delhi,Plumber,Clear,Normal day,2,2,0,1,96
2025-10-17,Mumbai,Caregiver,Clear,Normal day,4,10,0,0,128
2025-01-21,Bengaluru,Electrician,Clear,Normal day,1,1,0,0,111
2023-08-20,Hyderabad,Caregiver,Clear,Normal day,6,8,1,0,81
2025-12-14,Delhi,Painter,Clear,Normal day,6,12,1,0,78
2023-07-01,Mumbai,Painter,Rain,Normal day,5,7,1,0,121
2023-06-09,Delhi,Domestic Helper,Clear,Normal day,4,6,0,0,104
2023-01-23,Hyderabad,Painter,Clear,Normal day,0,1,0,0,49
2024-11-09,Hyderabad,Carpenter,Extreme heat,Normal day,5,11,1,0,93
2024-08-15,Mumbai,Electrician,Rain,Normal day,3,8,0,0,117
2024-09-14,Delhi,Electrician,Rain,Normal day,5,9,1,0,132
2023-04-16,Delhi,Technician,Extreme heat,Major event,6,4,1,0,135
2025-09-19,Bengaluru,Plumber,Rain,Normal day,4,9,0,0,132
2024-07-23,Delhi,Plumber,Rain,Normal day,1,7,0,0,123
2024-06-10,Bengaluru,Caregiver,Clear,Normal day,0,6,0,0,76
2023-11-06,Hyderabad,Carpenter,Clear,Normal day,0,11,0,0,91
2024-04-28,Hyderabad,Plumber,Extreme heat,Normal day,6,4,1,1,113
2024-12-03,Bengaluru,Plumber,Clear,Normal day,1,12,0,0,97
2025-10-12,Hyderabad,Technician,Clear,Normal day,6,10,1,0,103
2023-12-09,Mumbai,Domestic Helper,Clear,Normal day,5,12,1,0,132
2024-06-25,Bengaluru,Electrician,Clear,Normal day,1,6,0,0,104
2024-09-09,Hyderabad,Caregiver,Rain,Normal day,0,9,0,0,70
2024-04-23,Hyderabad,Caregiver,Extreme heat,Normal day,1,4,0,0,77
2023-10-25,Hyderabad,Electrician,Clear,Normal day,2,10,0,0,105
2025-02-21,Delhi,Domestic Helper,Clear,Holiday,4,2,0,0,138
2025-12-24,Delhi,Technician,Clear,Normal day,2,12,0,0,94
2024-07-12,Delhi,Carpenter,Clear,Holiday,4,7,0,0,112
2025-03-12,Hyderabad,Technician,Clear,Normal day,2,3,0,0,89
2024-02-04,Delhi,Caregiver,Clear,Normal day,6,2,1,0,88
2023-01-22,Bengaluru,Technician,Clear,Normal day,6,1,1,0,79
2025-12-11,Bengaluru,Caregiver,Clear,Normal day,3,12,0,0,97
2024-08-03,Delhi,Plumber,Clear,Normal day,5,8,1,0,139
2023-04-27,Mumbai,Domestic Helper,Extreme heat,Normal day,3,4,0,1,118
2023-09-03,Bengaluru,Technician,Rain,Normal day,6,9,1,0,122
2024-01-14,Bengaluru,Caregiver,Clear,Normal day,6,1,1,0,72
2023-06-05,Hyderabad,Carpenter,Rain,Normal day,0,6,0,0,87
2024-10-24,Delhi,Plumber,Clear,Normal day,3,10,0,0,115
2023-05-08,Hyderabad,Painter,Clear,Holiday,0,5,0,0,73
2024-06-26,Mumbai,Painter,Clear,Normal day,2,6,0,1,77
2024-02-15,Hyderabad,Plumber,Clear,Holiday,3,2,0,0,93
2025-06-02,Mumbai,Domestic Helper,Rain,Normal day,0,6,0,0,127
2024-06-14,Bengaluru,Electrician,Clear,Normal day,4,6,0,0,108
2024-05-28,Hyderabad,Electrician,Extreme heat,Normal day,1,5,0,1,93
2023-01-02,Bengaluru,Caregiver,Clear,Holiday,0,1,0,0,77
2024-11-06,Hyderabad,Domestic Helper,Clear,Normal day,2,11,0,0,97
2025-10-01,Hyderabad,Painter,Clear,Normal day,2,10,0,0,90
2023-05-24,Mumbai,Electrician,Clear,Normal day,2,5,0,0,113
2025-09-14,Bengaluru,Domestic Helper,Rain,Normal day,6,9,1,0,115
2024-11-13,Delhi,Painter,Clear,Normal day,2,11,0,0,104
2023-07-05,Delhi,Domestic Helper,Rain,Normal day,2,7,0,0,143
2025-07-30,Delhi,Caregiver,Clear,Normal day,2,7,0,1,99
2025-02-25,Mumbai,Carpenter,Clear,Normal day,1,2,0,0,94
2025-01-05,Hyderabad,Electrician,Rain,Normal day,6,1,1,0,127
2024-01-24,Mumbai,Electrician,Clear,Normal day,2,1,0,0,92
2024-05-03,Hyderabad,Painter,Clear,Normal day,4,5,0,0,81
2024-09-22,Hyderabad,Domestic Helper,Extreme heat,Normal day,6,9,1,0,111
2023-02-03,Bengaluru,Carpenter,Clear,Normal day,4,2,0,0,80
2023-03-29,Hyderabad,Electrician,Clear,Normal day,2,3,0,1,100
2025-12-07,Hyderabad,Caregiver,Rain,Normal day,6,12,1,0,102
2024-04-22,Bengaluru,Electrician,Extreme heat,Normal day,0,4,0,0,114
2023-02-09,Hyderabad,Domestic Helper,Clear,Normal day,3,2,0,0,79
2023-09-25,Bengaluru,Plumber,Rain,Normal day,0,9,0,0,120
2023-07-19,Hyderabad,Domestic Helper,Clear,Normal day,2,7,0,0,107
2023-08-06,Bengaluru,Painter,Rain,Normal day,6,8,1,0,100
2023-05-10,Mumbai,Painter,Clear,Normal day,2,5,0,0,96
2025-04-03,Delhi,Electrician,Extreme heat,Normal day,3,4,0,0,110
2023-10-09,Delhi,Technician,Extreme heat,Normal day,0,10,0,0,107
2023-04-04,Mumbai,Carpenter,Clear,Normal day,1,4,0,0,83
2025-04-30,Mumbai,Caregiver,Clear,Normal day,2,4,0,1,101
2024-05-13,Bengaluru,Plumber,Clear,Normal day,0,5,0,0,80
2025-02-09,Mumbai,Electrician,Rain,Holiday,6,2,1,0,195
2023-01-15,Mumbai,Electrician,Clear,Normal day,6,1,1,0,95
2024-08-04,Hyderabad,Caregiver,Rain,Normal day,6,8,1,0,93
2023-09-17,Mumbai,Plumber,Rain,Normal day,6,9,1,0,167
2025-04-23,Mumbai,Plumber,Extreme heat,Major event,2,4,0,0,140
2024-01-04,Hyderabad,Domestic Helper,Extreme heat,Normal day,3,1,0,0,84
2024-09-08,Delhi,Painter,Clear,Normal day,6,9,1,0,80
2023-08-29,Bengaluru,Domestic Helper,Clear,Normal day,1,8,0,1,112
2025-11-05,Mumbai,Painter,Clear,Normal day,2,11,0,0,81
2024-07-20,Bengaluru,Plumber,Clear,Normal day,5,7,1,0,126
2025-08-29,Hyderabad,Plumber,Clear,Normal day,4,8,0,1,114
2023-04-21,Delhi,Carpenter,Clear,Normal day,4,4,0,0,101
2025-07-17,Bengaluru,Electrician,Rain,Normal day,3,7,0,0,123
2023-12-27,Mumbai,Technician,Clear,Normal day,2,12,0,1,111
2023-05-26,Mumbai,Caregiver,Clear,Normal day,4,5,0,1,99
2025-05-08,Mumbai,Caregiver,Extreme heat,Normal day,3,5,0,0,113
2023-08-14,Delhi,Plumber,Clear,Normal day,0,8,0,0,108
2024-02-14,Hyderabad,Plumber,Clear,Normal day,2,2,0,0,99
2023-04-22,Hyderabad,Plumber,Clear,Normal day,5,4,1,0,119
2023-12-31,Hyderabad,Carpenter,Clear,Normal day,6,12,1,1,84
2025-01-04,Delhi,Plumber,Clear,Major event,5,1,1,0,136
2023-05-03,Delhi,Plumber,Clear,Normal day,2,5,0,0,98
2025-05-06,Mumbai,Technician,Clear,Normal day,1,5,0,0,112
2023-11-18,Mumbai,Domestic Helper,Extreme heat,Normal day,5,11,1,0,142
2023-06-27,Hyderabad,Technician,Rain,Normal day,1,6,0,1,100
2024-03-19,Hyderabad,Technician,Clear,Major event,1,3,0,0,106
2025-05-26,Mumbai,Plumber,Clear,Normal day,0,5,0,1,124
2023-11-02,Bengaluru,Painter,Extreme heat,Holiday,3,11,0,0,116
2025-08-21,Bengaluru,Painter,Rain,Normal day,3,8,0,0,92
2023-07-20,Hyderabad,Painter,Clear,Normal day,3,7,0,0,78
2023-01-26,Hyderabad,Plumber,Clear,Normal day,3,1,0,1,103
2023-07-05,Bengaluru,Painter,Rain,Normal day,2,7,0,0,103
2025-07-29,Bengaluru,Painter,Rain,Normal day,1,7,0,1,82
2025-04-10,Mumbai,Technician,Extreme heat,Normal day,3,4,0,0,101
2023-01-03,Bengaluru,Painter,Rain,Normal day,1,1,0,0,79
2023-03-08,Delhi,Painter,Clear,Normal day,2,3,0,0,73
2024-02-29,Bengaluru,Domestic Helper,Rain,Normal day,3,2,0,1,113
2023-04-23,Delhi,Electrician,Clear,Normal day,6,4,1,0,123
2023-03-25,Delhi,Carpenter,Clear,Normal day,5,3,1,0,93
2023-05-18,Mumbai,Plumber,Extreme heat,Normal day,3,5,0,0,140
2023-08-21,Hyderabad,Caregiver,Rain,Normal day,0,8,0,0,113
2024-03-05,Mumbai,Carpenter,Clear,Normal day,1,3,0,0,86
2025-05-16,Delhi,Electrician,Clear,Normal day,4,5,0,0,104
2025-09-22,Bengaluru,Painter,Rain,Normal day,0,9,0,0,99
2025-12-27,Delhi,Painter,Clear,Normal day,5,12,1,1,83
2023-05-15,Mumbai,Painter,Clear,Normal day,0,5,0,0,67
2024-01-02,Delhi,Electrician,Clear,Normal day,1,1,0,0,97
2023-10-31,Hyderabad,Plumber,Rain,Normal day,1,10,0,1,109
2023-02-16,Delhi,Painter,Extreme heat,Normal day,3,2,0,0,86
2023-09-28,Hyderabad,Carpenter,Clear,Normal day,3,9,0,1,67
2023-02-13,Delhi,Plumber,Clear,Normal day,0,2,0,0,110
2024-04-20,Delhi,Painter,Rain,Normal day,5,4,1,0,112
2024-10-30,Hyderabad,Domestic Helper,Clear,Normal day,2,10,0,1,90
2025-06-30,Hyderabad,Carpenter,Rain,Normal day,0,6,0,1,88
2024-09-19,Mumbai,Technician,Clear,Normal day,3,9,0,0,89
2024-08-13,Bengaluru,Plumber,Clear,Normal day,1,8,0,0,86
2023-12-07,Mumbai,Caregiver,Clear,Holiday,3,12,0,0,111
2023-12-26,Mumbai,Plumber,Clear,Holiday,1,12,0,1,125
2024-10-10,Mumbai,Painter,Clear,Holiday,3,10,0,0,98
2023-03-13,Delhi,Carpenter,Clear,Normal day,0,3,0,0,87
2023-11-29,Delhi,Electrician,Rain,Normal day,2,11,0,1,141
2025-10-19,Mumbai,Painter,Rain,Holiday,6,10,1,0,138
2025-11-05,Delhi,Caregiver,Clear,Normal day,2,11,0,0,82
2024-08-16,Mumbai,Technician,Rain,Normal day,4,8,0,0,134
2025-06-24,Delhi,Caregiver,Clear,Normal day,1,6,0,0,75
2023-03-24,Mumbai,Caregiver,Clear,Normal day,4,3,0,0,96
2025-04-02,Mumbai,Painter,Clear,Normal day,2,4,0,0,80
2024-02-04,Mumbai,Technician,Rain,Normal day,6,2,1,0,122
2023-02-16,Bengaluru,Domestic Helper,Clear,Normal day,3,2,0,0,76
2023-06-28,Hyderabad,Plumber,Rain,Normal day,2,6,0,1,115
2025-11-13,Bengaluru,Caregiver,Clear,Holiday,3,11,0,0,93
2025-05-25,Delhi,Painter,Clear,Normal day,6,5,1,0,91
2024-12-20,Delhi,Painter,Rain,Holiday,4,12,0,0,115
2025-06-28,Hyderabad,Technician,Clear,Normal day,5,6,1,1,102
2025-05-18,Hyderabad,Plumber,Extreme heat,Normal day,6,5,1,0,131
2023-10-22,Mumbai,Carpenter,Clear,Normal day,6,10,1,0,119
2024-11-17,Bengaluru,Domestic Helper,Clear,Holiday,6,11,1,0,108
2025-04-18,Delhi,Painter,Clear,Normal day,4,4,0,0,62
2023-10-08,Mumbai,Plumber,Clear,Normal day,6,10,1,0,159
2025-10-01,Bengaluru,Technician,Clear,Normal day,2,10,0,0,86
2024-09-14,Hyderabad,Domestic Helper,Rain,Normal day,5,9,1,0,123
2023-01-06,Mumbai,Carpenter,Clear,Normal day,4,1,0,0,79
2025-08-25,Bengaluru,Caregiver,Rain,Normal day,0,8,0,0,108
2024-01-03,Hyderabad,Caregiver,Clear,Major event,2,1,0,0,79
2024-07-21,Hyderabad,Electrician,Rain,Normal day,6,7,1,0,131
2025-09-11,Hyderabad,Technician,Clear,Normal day,3,9,0,0,81
2023-09-02,Delhi,Domestic Helper,Rain,Major event,5,9,1,0,168
2024-06-15,Mumbai,Domestic Helper,Clear,Normal day,5,6,1,0,121
2023-10-05,Delhi,Plumber,Clear,Normal day,3,10,0,0,109
2024-12-30,Bengaluru,Carpenter,Clear,Normal day,0,12,0,1,96
2023-06-07,Mumbai,Technician,Rain,Normal day,2,6,0,0,128
2023-12-09,Delhi,Technician,Clear,Normal day,5,12,1,0,97
2024-09-08,Delhi,Caregiver,Rain,Normal day,6,9,1,0,117
2025-12-30,Delhi,Technician,Clear,Holiday,1,12,0,1,115
2024-07-30,Delhi,Technician,Rain,Normal day,1,7,0,1,135
2023-11-30,Bengaluru,Plumber,Clear,Normal day,3,11,0,1,118
2024-01-21,Bengaluru,Painter,Clear,Holiday,6,1,1,0,84
2023-09-26,Bengaluru,Painter,Clear,Normal day,1,9,0,1,68
2023-10-12,Hyderabad,Domestic Helper,Clear,Normal day,3,10,0,0,85
2023-12-19,Delhi,Electrician,Clear,Holiday,1,12,0,0,98
2023-09-21,Mumbai,Caregiver,Clear,Normal day,3,9,0,0,104
2023-09-24,Bengaluru,Painter,Rain,Normal day,6,9,1,0,105
2023-06-09,Bengaluru,Technician,Rain,Normal day,4,6,0,0,114
2024-02-07,Bengaluru,Electrician,Clear,Normal day,2,2,0,0,94
2023-05-02,Hyderabad,Electrician,Extreme heat,Holiday,1,5,0,0,103
2024-09-09,Bengaluru,Technician,Clear,Normal day,0,9,0,0,81
2024-02-25,Mumbai,Plumber,Clear,Major event,6,2,1,0,133
2023-10-26,Delhi,Domestic Helper,Clear,Holiday,3,10,0,1,120
2025-10-22,Mumbai,Domestic Helper,Clear,Holiday,2,10,0,0,103
2023-01-29,Mumbai,Caregiver,Clear,Normal day,6,1,1,1,101
2023-01-09,Bengaluru,Plumber,Rain,Normal day,0,1,0,0,124
2025-08-30,Delhi,Caregiver,Rain,Normal day,5,8,1,1,123
2023-08-08,Mumbai,Technician,Clear,Normal day,1,8,0,0,91
2024-03-14,Mumbai,Painter,Clear,Normal day,3,3,0,0,84
2023-09-11,Hyderabad,Electrician,Rain,Normal day,0,9,0,0,95
2025-01-09,Delhi,Domestic Helper,Clear,Holiday,3,1,0,0,105
2025-10-08,Bengaluru,Painter,Clear,Normal day,2,10,0,0,80
2024-09-30,Hyderabad,Plumber,Rain,Normal day,0,9,0,1,135
2025-05-26,Mumbai,Technician,Clear,Normal day,0,5,0,1,108
2025-09-01,Delhi,Plumber,Clear,Normal day,0,9,0,0,124
2023-08-04,Hyderabad,Painter,Rain,Normal day,4,8,0,0,86
2023-09-02,Mumbai,Painter,Clear,Normal day,5,9,1,0,94
2023-07-28,Mumbai,Electrician,Clear,Normal day,4,7,0,1,125
2024-02-15,Hyderabad,Electrician,Clear,Normal day,3,2,0,0,82
2025-10-19,Delhi,Technician,Clear,Normal day,6,10,1,0,123
2024-07-13,Hyderabad,Carpenter,Rain,Normal day,5,7,1,0,108
2025-04-08,Hyderabad,Domestic Helper,Clear,Normal day,1,4,0,0,93
2023-08-10,Bengaluru,Carpenter,Rain,Normal day,3,8,0,0,108
2023-10-03,Bengaluru,Electrician,Clear,Normal day,1,10,0,0,84
2025-10-17,Bengaluru,Plumber,Clear,Normal day,4,10,0,0,117
2023-11-09,Delhi,Domestic Helper,Clear,Normal day,3,11,0,0,100
2025-11-30,Hyderabad,Technician,Clear,Normal day,6,11,1,1,102
2025-10-16,Hyderabad,Domestic Helper,Clear,Normal day,3,10,0,0,84
2023-02-06,Bengaluru,Painter,Rain,Normal day,0,2,0,0,81
2025-07-10,Delhi,Technician,Clear,Normal day,3,7,0,0,114
2023-03-09,Mumbai,Domestic Helper,Clear,Normal day,3,3,0,0,115
2023-12-03,Hyderabad,Painter,Clear,Normal day,6,12,1,0,70
2025-09-25,Bengaluru,Domestic Helper,Rain,Normal day,3,9,0,0,83
2025-08-20,Hyderabad,Domestic Helper,Rain,Normal day,2,8,0,0,132
2025-03-12,Delhi,Painter,Clear,Normal day,2,3,0,0,78
2024-12-23,Delhi,Carpenter,Clear,Normal day,0,12,0,0,73
2023-09-20,Delhi,Carpenter,Rain,Normal day,2,9,0,0,119
2024-11-29,Hyderabad,Electrician,Clear,Normal day,4,11,0,1,106
2025-04-23,Delhi,Electrician,Extreme heat,Normal day,2,4,0,0,145
2024-10-01,Bengaluru,Caregiver,Clear,Normal day,1,10,0,0,87
2024-11-22,Mumbai,Electrician,Clear,Major event,4,11,0,0,144
2025-05-15,Hyderabad,Carpenter,Clear,Normal day,3,5,0,0,72
2023-02-15,Delhi,Painter,Clear,Normal day,2,2,0,0,69
2023-07-20,Hyderabad,Electrician,Rain,Normal day,3,7,0,0,110
2025-10-14,Delhi,Plumber,Clear,Normal day,1,10,0,0,110
2025-06-11,Mumbai,Painter,Rain,Normal day,2,6,0,0,114
2023-06-04,Mumbai,Carpenter,Clear,Normal day,6,6,1,0,103
2025-04-03,Mumbai,Domestic Helper,Extreme heat,Holiday,3,4,0,0,133
2023-07-14,Delhi,Carpenter,Clear,Normal day,4,7,0,0,105
2025-08-31,Hyderabad,Plumber,Clear,Holiday,6,8,1,1,131
2024-09-10,Delhi,Painter,Rain,Normal day,1,9,0,0,92
2025-04-28,Hyderabad,Carpenter,Extreme heat,Normal day,0,4,0,1,83
2024-01-05,Bengaluru,Caregiver,Clear,Normal day,4,1,0,0,72
2025-10-19,Mumbai,Caregiver,Extreme heat,Normal day,6,10,1,0,130
2025-08-15,Delhi,Caregiver,Rain,Normal day,4,8,0,0,121
2025-06-07,Bengaluru,Domestic Helper,Clear,Normal day,5,6,1,0,110
2024-05-07,Mumbai,Caregiver,Extreme heat,Normal day,1,5,0,0,99
2025-06-10,Hyderabad,Carpenter,Rain,Normal day,1,6,0,0,118
2024-02-21,Hyderabad,Carpenter,Clear,Normal day,2,2,0,0,69
2024-06-09,Mumbai,Painter,Clear,Normal day,6,6,1,0,89
2023-02-26,Mumbai,Technician,Clear,Normal day,6,2,1,1,112
2025-06-12,Hyderabad,Caregiver,Rain,Normal day,3,6,0,0,87
2024-07-12,Mumbai,Electrician,Clear,Normal day,4,7,0,0,113
2023-12-27,Bengaluru,Caregiver,Clear,Major event,2,12,0,1,82
2023-06-21,Delhi,Domestic Helper,Clear,Holiday,2,6,0,0,117
2025-04-13,Delhi,Caregiver,Extreme heat,Holiday,6,4,1,0,107
2023-10-15,Mumbai,Electrician,Clear,Normal day,6,10,1,0,124
2023-09-05,Delhi,Painter,Rain,Normal day,1,9,0,0,93
2023-09-08,Delhi,Carpenter,Rain,Normal day,4,9,0,0,138
2024-04-28,Hyderabad,Plumber,Clear,Normal day,6,4,1,1,127
2024-07-16,Hyderabad,Painter,Clear,Normal day,1,7,0,0,66
2025-10-01,Delhi,Caregiver,Rain,Normal day,2,10,0,0,97
2025-05-17,Hyderabad,Caregiver,Clear,Normal day,5,5,1,0,82
2023-10-24,Delhi,Painter,Clear,Normal day,1,10,0,0,81
2023-02-13,Bengaluru,Technician,Clear,Normal day,0,2,0,0,92
2023-04-22,Mumbai,Carpenter,Rain,Normal day,5,4,1,0,155
2025-01-13,Bengaluru,Domestic Helper,Rain,Normal day,0,1,0,0,105
2025-03-06,Bengaluru,Painter,Rain,Normal day,3,3,0,0,95
2024-09-08,Bengaluru,Technician,Rain,Normal day,6,9,1,0,110
2023-11-25,Hyderabad,Caregiver,Clear,Normal day,5,11,1,0,89
2025-04-12,Bengaluru,Carpenter,Extreme heat,Normal day,5,4,1,0,104
2025-10-03,Hyderabad,Caregiver,Clear,Normal day,4,10,0,0,78
2025-05-15,Bengaluru,Technician,Clear,Normal day,3,5,0,0,92
2023-05-16,Delhi,Painter,Extreme heat,Normal day,1,5,0,0,91
2024-10-31,Hyderabad,Caregiver,Clear,Holiday,3,10,0,1,100
2024-01-12,Hyderabad,Technician,Clear,Major event,4,1,0,0,106
2024-02-14,Delhi,Carpenter,Clear,Normal day,2,2,0,0,93
2024-05-26,Mumbai,Technician,Rain,Normal day,6,5,1,1,149
2024-10-16,Hyderabad,Painter,Rain,Holiday,2,10,0,0,94
2023-12-22,Delhi,Technician,Clear,Holiday,4,12,0,0,125
2025-01-22,Mumbai,Painter,Rain,Normal day,2,1,0,0,105
2024-04-04,Bengaluru,Electrician,Extreme heat,Normal day,3,4,0,0,123
2024-04-13,Bengaluru,Painter,Clear,Normal day,5,4,1,0,73
2023-12-12,Bengaluru,Painter,Clear,Normal day,1,12,0,0,73
2023-11-02,Bengaluru,Carpenter,Clear,Normal day,3,11,0,0,85
2023-01-29,Hyderabad,Technician,Rain,Normal day,6,1,1,1,118
2025-10-09,Bengaluru,Plumber,Clear,Holiday,3,10,0,0,110
2024-06-29,Delhi,Caregiver,Rain,Normal day,5,6,1,1,122
2024-02-28,Mumbai,Technician,Clear,Normal day,2,2,0,1,95
2025-05-06,Mumbai,Painter,Extreme heat,Major event,1,5,0,0,114
2024-06-20,Mumbai,Domestic Helper,Rain,Normal day,3,6,0,0,129
2025-07-27,Bengaluru,Electrician,Rain,Normal day,6,7,1,1,124
2025-03-25,Mumbai,Caregiver,Clear,Normal day,1,3,0,0,84
2024-06-08,Bengaluru,Electrician,Rain,Holiday,5,6,1,0,148
2024-04-25,Hyderabad,Carpenter,Extreme heat,Normal day,3,4,0,0,88
2023-04-04,Bengaluru,Carpenter,Clear,Normal day,1,4,0,0,96
2025-03-19,Delhi,Plumber,Extreme heat,Normal day,2,3,0,0,111
2024-01-03,Delhi,Plumber,Clear,Normal day,2,1,0,0,102
2025-08-16,Mumbai,Electrician,Clear,Normal day,5,8,1,0,117
2023-10-18,Delhi,Electrician,Clear,Normal day,2,10,0,0,101
2025-10-19,Delhi,Caregiver,Clear,Normal day,6,10,1,0,100
2024-06-23,Delhi,Domestic Helper,Clear,Normal day,6,6,1,0,114
2024-10-08,Hyderabad,Technician,Extreme heat,Normal day,1,10,0,0,99
2025-06-20,Bengaluru,Plumber,Clear,Normal day,4,6,0,0,119
2023-03-15,Hyderabad,Carpenter,Clear,Normal day,2,3,0,0,90
2023-08-26,Hyderabad,Electrician,Clear,Normal day,5,8,1,1,113
2025-09-20,Hyderabad,Painter,Clear,Normal day,5,9,1,0,76
2023-10-31,Bengaluru,Carpenter,Clear,Normal day,1,10,0,1,103
2024-01-05,Mumbai,Caregiver,Clear,Normal day,4,1,0,0,105
2024-03-10,Bengaluru,Domestic Helper,Clear,Normal day,6,3,1,0,96
2023-06-07,Mumbai,Technician,Rain,Holiday,2,6,0,0,147
2024-11-04,Bengaluru,Carpenter,Clear,Normal day,0,11,0,0,90
2025-03-18,Delhi,Domestic Helper,Rain,Holiday,1,3,0,0,136
2024-10-24,Mumbai,Electrician,Clear,Normal day,3,10,0,0,109
2025-09-09,Hyderabad,Caregiver,Extreme heat,Normal day,1,9,0,0,93
2023-01-12,Delhi,Electrician,Clear,Normal day,3,1,0,0,109
2024-10-27,Mumbai,Plumber,Rain,Normal day,6,10,1,1,181
2024-08-02,Delhi,Technician,Clear,Holiday,4,8,0,0,117
2025-02-20,Bengaluru,Painter,Clear,Normal day,3,2,0,0,74
2025-03-27,Bengaluru,Electrician,Rain,Normal day,3,3,0,1,110
2025-04-04,Delhi,Caregiver,Extreme heat,Normal day,4,4,0,0,100
2023-09-04,Delhi,Painter,Rain,Normal day,0,9,0,0,82
2024-09-27,Mumbai,Carpenter,Rain,Normal day,4,9,0,1,120
2025-11-15,Mumbai,Painter,Clear,Normal day,5,11,1,0,98
2024-07-03,Hyderabad,Electrician,Rain,Normal day,2,7,0,0,122
2024-01-17,Hyderabad,Caregiver,Clear,Holiday,2,1,0,0,71
2024-11-30,Hyderabad,Caregiver,Clear,Normal day,5,11,1,1,88
2023-11-14,Hyderabad,Domestic Helper,Clear,Normal day,1,11,0,0,106
2024-08-18,Hyderabad,Painter,Clear,Normal day,6,8,1,0,70
2024-09-07,Mumbai,Plumber,Rain,Normal day,5,9,1,0,163
2024-05-24,Hyderabad,Carpenter,Rain,Normal day,4,5,0,0,85
2023-04-03,Bengaluru,Domestic Helper,Clear,Holiday,0,4,0,0,103
2024-06-02,Delhi,Carpenter,Rain,Normal day,6,6,1,0,122
2023-02-03,Bengaluru,Caregiver,Clear,Normal day,4,2,0,0,72
2024-01-09,Hyderabad,Electrician,Clear,Normal day,1,1,0,0,88
2024-09-01,Delhi,Domestic Helper,Rain,Normal day,6,9,1,0,106
2025-07-10,Delhi,Carpenter,Extreme heat,Normal day,3,7,0,0,116
2024-01-19,Mumbai,Plumber,Clear,Normal day,4,1,0,0,99
2024-06-15,Bengaluru,Painter,Rain,Major event,5,6,1,0,155
2023-08-27,Bengaluru,Plumber,Rain,Normal day,6,8,1,1,163
2025-04-09,Hyderabad,Carpenter,Extreme heat,Normal day,2,4,0,0,81
2025-01-08,Hyderabad,Technician,Clear,Holiday,2,1,0,0,103
2023-01-29,Mumbai,Electrician,Clear,Normal day,6,1,1,1,129
2024-01-21,Bengaluru,Plumber,Clear,Holiday,6,1,1,0,124
2024-05-10,Hyderabad,Technician,Extreme heat,Normal day,4,5,0,0,117
2024-01-26,Bengaluru,Carpenter,Clear,Holiday,4,1,0,1,105
2025-05-14,Bengaluru,Electrician,Clear,Normal day,2,5,0,0,104
2025-06-30,Hyderabad,Painter,Clear,Normal day,0,6,0,1,67
2024-05-11,Mumbai,Carpenter,Rain,Normal day,5,5,1,0,155
2023-04-15,Delhi,Electrician,Clear,Normal day,5,4,1,0,106
2025-06-03,Hyderabad,Technician,Rain,Normal day,1,6,0,0,89
2024-08-18,Bengaluru,Painter,Clear,Normal day,6,8,1,0,84
2025-09-26,Mumbai,Caregiver,Clear,Major event,4,9,0,1,106
2024-10-08,Bengaluru,Carpenter,Rain,Normal day,1,10,0,0,96
2025-08-27,Bengaluru,Painter,Rain,Normal day,2,8,0,1,108
2025-07-07,Hyderabad,Electrician,Clear,Normal day,0,7,0,0,93
2025-08-19,Delhi,Painter,Clear,Normal day,1,8,0,0,80
2024-11-25,Hyderabad,Plumber,Rain,Normal day,0,11,0,0,107
2025-03-10,Hyderabad,Technician,Rain,Normal day,0,3,0,0,99
2025-01-07,Hyderabad,Technician,Extreme heat,Holiday,1,1,0,0,96
2024-02-29,Delhi,Caregiver,Clear,Normal day,3,2,0,1,83
2023-09-22,Mumbai,Plumber,Clear,Normal day,4,9,0,0,145
2025-05-01,Hyderabad,Carpenter,Clear,Normal day,3,5,0,0,93
2023-02-07,Delhi,Carpenter,Clear,Normal day,1,2,0,0,90
2025-10-28,Bengaluru,Technician,Clear,Normal day,1,10,0,1,112
2024-04-09,Bengaluru,Domestic Helper,Clear,Normal day,1,4,0,0,102
2024-11-27,Delhi,Technician,Clear,Normal day,2,11,0,1,95
2024-07-01,Mumbai,Technician,Rain,Normal day,0,7,0,0,114
2023-08-02,Bengaluru,Painter,Rain,Normal day,2,8,0,0,117
2023-08-16,Bengaluru,Technician,Rain,Normal day,2,8,0,0,120
2023-07-28,Bengaluru,Domestic Helper,Clear,Normal day,4,7,0,1,112
2024-02-25,Delhi,Plumber,Clear,Normal day,6,2,1,0,114
2025-11-02,Hyderabad,Caregiver,Rain,Holiday,6,11,1,0,87
2025-01-14,Delhi,Technician,Clear,Normal day,1,1,0,0,79
2025-06-18,Hyderabad,Technician,Rain,Normal day,2,6,0,0,105
2025-08-28,Delhi,Carpenter,Rain,Holiday,3,8,0,1,114
2025-02-01,Hyderabad,Carpenter,Clear,Normal day,5,2,1,0,99
2025-12-20,Hyderabad,Technician,Clear,Normal day,5,12,1,0,89
2025-04-26,Hyderabad,Painter,Extreme heat,Normal day,5,4,1,1,97
2025-01-10,Bengaluru,Painter,Clear,Major event,4,1,0,0,106
2025-11-25,Bengaluru,Electrician,Clear,Normal day,1,11,0,0,89
2023-12-03,Hyderabad,Electrician,Clear,Major event,6,12,1,0,127
2023-11-06,Bengaluru,Caregiver,Extreme heat,Normal day,0,11,0,0,106
2025-11-30,Delhi,Painter,Clear,Normal day,6,11,1,1,94
2024-09-15,Delhi,Carpenter,Clear,Normal day,6,9,1,0,105
2025-12-16,Mumbai,Caregiver,Clear,Normal day,1,12,0,0,96
2025-06-24,Delhi,Technician,Rain,Normal day,1,6,0,0,97
2024-02-09,Delhi,Electrician,Clear,Normal day,4,2,0,0,94
2023-09-16,Delhi,Plumber,Clear,Normal day,5,9,1,0,127
2025-12-03,Delhi,Technician,Clear,Major event,2,12,0,0,140
2024-06-13,Mumbai,Technician,Rain,Normal day,3,6,0,0,130
2025-10-31,Bengaluru,Caregiver,Clear,Normal day,4,10,0,1,92
2025-11-05,Delhi,Electrician,Clear,Normal day,2,11,0,0,112
2023-09-13,Hyderabad,Carpenter,Rain,Major event,2,9,0,0,118
2024-11-25,Mumbai,Technician,Clear,Normal day,0,11,0,0,112
2025-12-28,Mumbai,Carpenter,Clear,Normal day,6,12,1,1,116
2023-10-14,Hyderabad,Domestic Helper,Clear,Holiday,5,10,1,0,132
2025-11-23,Mumbai,Technician,Clear,Normal day,6,11,1,0,108
2023-10-28,Hyderabad,Technician,Clear,Holiday,5,10,1,1,104
2025-05-20,Mumbai,Painter,Clear,Holiday,1,5,0,0,85
2025-12-13,Hyderabad,Domestic Helper,Clear,Normal day,5,12,1,0,98
2024-06-24,Hyderabad,Caregiver,Clear,Normal day,0,6,0,0,66
2025-09-29,Hyderabad,Technician,Clear,Normal day,0,9,0,1,101
2025-09-19,Hyderabad,Plumber,Extreme heat,Normal day,4,9,0,0,128
2025-12-19,Bengaluru,Caregiver,Clear,Normal day,4,12,0,0,72
2023-11-18,Delhi,Electrician,Clear,Normal day,5,11,1,0,114
2023-09-05,Delhi,Domestic Helper,Clear,Normal day,1,9,0,0,90
2023-08-30,Delhi,Carpenter,Extreme heat,Normal day,2,8,0,1,122
2025-09-22,Bengaluru,Technician,Clear,Normal day,0,9,0,0,97
2025-05-13,Bengaluru,Carpenter,Extreme heat,Normal day,1,5,0,0,88
2025-09-28,Bengaluru,Electrician,Rain,Holiday,6,9,1,1,172
2023-04-02,Hyderabad,Painter,Rain,Normal day,6,4,1,0,96
2024-11-22,Hyderabad,Painter,Clear,Normal day,4,11,0,0,79
2023-09-29,Mumbai,Domestic Helper,Rain,Normal day,4,9,0,1,144
2025-07-08,Mumbai,Technician,Rain,Holiday,1,7,0,0,145
2025-04-18,Hyderabad,Plumber,Extreme heat,Normal day,4,4,0,0,127
2023-04-04,Hyderabad,Caregiver,Clear,Holiday,1,4,0,0,93
2023-12-06,Bengaluru,Domestic Helper,Clear,Normal day,2,12,0,0,82
2024-09-24,Bengaluru,Caregiver,Rain,Normal day,1,9,0,0,98
2023-04-19,Mumbai,Technician,Clear,Normal day,2,4,0,0,103
2023-09-04,Mumbai,Electrician,Clear,Normal day,0,9,0,0,113
2025-06-28,Bengaluru,Technician,Rain,Normal day,5,6,1,1,151
2023-04-03,Hyderabad,Technician,Extreme heat,Normal day,0,4,0,0,91
2024-01-05,Hyderabad,Electrician,Rain,Normal day,4,1,0,0,111
2024-06-10,Bengaluru,Electrician,Extreme heat,Normal day,0,6,0,0,107
2024-08-07,Mumbai,Plumber,Clear,Holiday,2,8,0,0,127
2024-09-20,Hyderabad,Caregiver,Clear,Normal day,4,9,0,0,73
2024-10-28,Mumbai,Electrician,Clear,Normal day,0,10,0,1,114
2023-07-22,Delhi,Plumber,Clear,Normal day,5,7,1,0,165
2025-02-08,Bengaluru,Electrician,Clear,Normal day,5,2,1,0,84
2024-04-29,Hyderabad,Domestic Helper,Extreme heat,Normal day,0,4,0,1,78
2023-08-24,Delhi,Electrician,Clear,Normal day,3,8,0,0,110
2023-05-15,Hyderabad,Electrician,Clear,Normal day,0,5,0,0,81
2023-02-08,Delhi,Domestic Helper,Extreme heat,Normal day,2,2,0,0,93
2024-05-19,Mumbai,Carpenter,Rain,Normal day,6,5,1,0,136
2025-10-21,Mumbai,Technician,Extreme heat,Normal day,1,10,0,0,124
2023-12-11,Mumbai,Domestic Helper,Extreme heat,Normal day,0,12,0,0,119
2025-07-14,Bengaluru,Electrician,Rain,Normal day,0,7,0,0,134
2024-08-15,Mumbai,Electrician,Clear,Normal day,3,8,0,0,127
2024-07-13,Delhi,Technician,Rain,Normal day,5,7,1,0,153
2024-03-11,Delhi,Electrician,Clear,Normal day,0,3,0,0,94
2023-05-24,Delhi,Electrician,Clear,Normal day,2,5,0,0,110
2023-10-14,Delhi,Painter,Clear,Normal day,5,10,1,0,117
2024-10-13,Delhi,Caregiver,Clear,Normal day,6,10,1,0,101
2025-07-16,Delhi,Plumber,Rain,Normal day,2,7,0,0,154
2024-03-07,Hyderabad,Domestic Helper,Clear,Normal day,3,3,0,0,85
2023-10-01,Bengaluru,Domestic Helper,Clear,Normal day,6,10,1,0,107
2023-12-22,Hyderabad,Domestic Helper,Rain,Normal day,4,12,0,0,118
2025-03-15,Bengaluru,Technician,Rain,Normal day,5,3,1,0,121
2023-03-05,Hyderabad,Caregiver,Clear,Normal day,6,3,1,0,92
2025-02-09,Delhi,Painter,Clear,Normal day,6,2,1,0,80
2023-01-18,Bengaluru,Painter,Clear,Holiday,2,1,0,0,71
2023-01-20,Mumbai,Caregiver,Clear,Normal day,4,1,0,0,90
2025-01-02,Mumbai,Electrician,Clear,Normal day,3,1,0,0,100
2024-03-28,Mumbai,Painter,Extreme heat,Major event,3,3,0,1,134
2025-10-06,Mumbai,Electrician,Clear,Normal day,0,10,0,0,106
2025-03-22,Bengaluru,Technician,Clear,Normal day,5,3,1,0,90
2023-12-16,Mumbai,Caregiver,Clear,Normal day,5,12,1,0,113
2023-12-26,Bengaluru,Domestic Helper,Clear,Holiday,1,12,0,1,107
2024-06-15,Mumbai,Domestic Helper,Rain,Normal day,5,6,1,0,146
2023-02-17,Delhi,Caregiver,Clear,Normal day,4,2,0,0,74
2025-05-24,Bengaluru,Technician,Extreme heat,Normal day,5,5,1,0,117
2025-04-13,Delhi,Electrician,Extreme heat,Normal day,6,4,1,0,149
2025-01-10,Bengaluru,Caregiver,Clear,Normal day,4,1,0,0,88
2025-05-10,Hyderabad,Carpenter,Clear,Normal day,5,5,1,0,102
2023-06-17,Bengaluru,Caregiver,Clear,Normal day,5,6,1,0,77
2023-06-02,Mumbai,Plumber,Clear,Normal day,4,6,0,0,149
2023-07-18,Bengaluru,Painter,Clear,Major event,1,7,0,0,118
2024-11-15,Delhi,Plumber,Clear,Normal day,4,11,0,0,152
2024-11-28,Bengaluru,Technician,Clear,Normal day,3,11,0,1,90
2023-05-30,Hyderabad,Technician,Clear,Normal day,1,5,0,1,97
2023-09-13,Bengaluru,Electrician,Rain,Normal day,2,9,0,0,121
2023-05-14,Mumbai,Electrician,Extreme heat,Normal day,6,5,1,0,134
2024-09-09,Hyderabad,Electrician,Clear,Holiday,0,9,0,0,91
2023-04-17,Delhi,Technician,Clear,Holiday,0,4,0,0,115
2025-04-21,Mumbai,Technician,Rain,Normal day,0,4,0,0,96
2023-01-22,Hyderabad,Painter,Clear,Normal day,6,1,1,0,95
2023-07-27,Delhi,Caregiver,Rain,Normal day,3,7,0,1,108
2025-07-18,Delhi,Domestic Helper,Clear,Holiday,4,7,0,0,95
2023-05-19,Mumbai,Domestic Helper,Clear,Normal day,4,5,0,0,105
2024-12-28,Hyderabad,Painter,Clear,Normal day,5,12,1,1,99
2024-05-12,Mumbai,Technician,Clear,Normal day,6,5,1,0,120
2025-06-11,Delhi,Carpenter,Rain,Normal day,2,6,0,0,113
2023-10-26,Mumbai,Painter,Clear,Normal day,3,10,0,1,89
2025-01-25,Bengaluru,Domestic Helper,Clear,Normal day,5,1,1,0,93
2023-04-28,Mumbai,Domestic Helper,Extreme heat,Normal day,4,4,0,1,144
2023-04-22,Hyderabad,Carpenter,Clear,Normal day,5,4,1,0,84
2024-02-17,Bengaluru,Carpenter,Clear,Normal day,5,2,1,0,91
2025-08-15,Delhi,Technician,Rain,Normal day,4,8,0,0,136
2024-09-05,Hyderabad,Carpenter,Clear,Normal day,3,9,0,0,77
2023-03-28,Hyderabad,Plumber,Rain,Normal day,1,3,0,1,113
2024-04-16,Hyderabad,Domestic Helper,Clear,Normal day,1,4,0,0,92
2024-11-09,Hyderabad,Plumber,Clear,Normal day,5,11,1,0,111
2023-01-14,Delhi,Electrician,Clear,Major event,5,1,1,0,166
2023-08-24,Mumbai,Carpenter,Clear,Normal day,3,8,0,0,96
2025-01-07,Bengaluru,Electrician,Clear,Normal day,1,1,0,0,101
2024-03-24,Delhi,Caregiver,Clear,Normal day,6,3,1,0,84
2024-05-18,Mumbai,Plumber,Clear,Normal day,5,5,1,0,141
2023-07-27,Bengaluru,Technician,Rain,Normal day,3,7,0,1,133
2023-08-16,Delhi,Plumber,Clear,Normal day,2,8,0,0,124
2025-02-01,Mumbai,Domestic Helper,Extreme heat,Normal day,5,2,1,0,125
2025-06-07,Bengaluru,Electrician,Clear,Normal day,5,6,1,0,105
2024-01-24,Mumbai,Domestic Helper,Clear,Normal day,2,1,0,0,89
2025-05-29,Mumbai,Electrician,Extreme heat,Normal day,3,5,0,1,132
2024-08-25,Mumbai,Carpenter,Clear,Normal day,6,8,1,0,126
2024-07-27,Mumbai,Technician,Rain,Normal day,5,7,1,1,144
2025-09-28,Mumbai,Caregiver,Clear,Normal day,6,9,1,1,93
2023-05-13,Mumbai,Domestic Helper,Clear,Normal day,5,5,1,0,135
2025-11-08,Delhi,Painter,Clear,Holiday,5,11,1,0,128
2025-02-04,Hyderabad,Caregiver,Extreme heat,Normal day,1,2,0,0,73
2025-04-01,Bengaluru,Plumber,Clear,Normal day,1,4,0,0,94
2024-04-25,Hyderabad,Plumber,Clear,Normal day,3,4,0,0,104
2023-11-18,Delhi,Carpenter,Clear,Holiday,5,11,1,0,120
2023-06-22,Delhi,Painter,Rain,Normal day,3,6,0,0,110
2023-03-26,Hyderabad,Domestic Helper,Clear,Normal day,6,3,1,1,104
2025-08-15,Hyderabad,Painter,Clear,Normal day,4,8,0,0,94
2024-07-13,Hyderabad,Electrician,Clear,Normal day,5,7,1,0,89
2023-06-05,Delhi,Electrician,Clear,Normal day,0,6,0,0,108
2023-06-10,Delhi,Plumber,Clear,Holiday,5,6,1,0,142
2023-03-20,Mumbai,Carpenter,Clear,Normal day,0,3,0,0,83
2024-09-11,Delhi,Plumber,Rain,Normal day,2,9,0,0,131
2024-06-18,Bengaluru,Technician,Clear,Normal day,1,6,0,0,77
2025-04-07,Hyderabad,Technician,Rain,Normal day,0,4,0,0,103
2025-08-24,Mumbai,Technician,Clear,Normal day,6,8,1,0,107
2024-03-05,Hyderabad,Plumber,Clear,Normal day,1,3,0,0,85
2025-08-17,Hyderabad,Carpenter,Rain,Normal day,6,8,1,0,115
2024-01-20,Hyderabad,Technician,Rain,Normal day,5,1,1,0,88
2025-06-17,Hyderabad,Technician,Rain,Normal day,1,6,0,0,114
2023-09-20,Delhi,Caregiver,Clear,Normal day,2,9,0,0,83
2024-12-27,Delhi,Plumber,Clear,Normal day,4,12,0,1,100
2025-04-06,Delhi,Carpenter,Rain,Normal day,6,4,1,0,141
2023-03-07,Mumbai,Plumber,Extreme heat,Normal day,1,3,0,0,121
2025-03-11,Hyderabad,Plumber,Rain,Holiday,1,3,0,0,144
2025-03-02,Mumbai,Painter,Clear,Normal day,6,3,1,0,98
2025-07-13,Delhi,Electrician,Clear,Normal day,6,7,1,0,123
2023-12-30,Bengaluru,Technician,Clear,Normal day,5,12,1,1,113
2024-01-18,Mumbai,Electrician,Rain,Normal day,3,1,0,0,127
2024-02-26,Mumbai,Carpenter,Clear,Holiday,0,2,0,1,110
2023-04-28,Delhi,Domestic Helper,Clear,Normal day,4,4,0,1,115
2025-04-21,Hyderabad,Plumber,Extreme heat,Normal day,0,4,0,0,115
2025-05-06,Hyderabad,Caregiver,Clear,Normal day,1,5,0,0,87
2024-02-27,Mumbai,Technician,Clear,Normal day,1,2,0,1,97
2025-08-30,Mumbai,Domestic Helper,Rain,Normal day,5,8,1,1,139
2024-02-20,Hyderabad,Carpenter,Clear,Normal day,1,2,0,0,87
2025-07-01,Bengaluru,Technician,Clear,Normal day,1,7,0,0,100
2025-12-12,Delhi,Domestic Helper,Rain,Normal day,4,12,0,0,144
2023-03-22,Bengaluru,Carpenter,Clear,Normal day,2,3,0,0,66
2024-12-11,Delhi,Painter,Clear,Normal day,2,12,0,0,79
2023-12-25,Hyderabad,Plumber,Clear,Normal day,0,12,0,0,108
2025-06-03,Hyderabad,Painter,Rain,Normal day,1,6,0,0,95
2023-07-15,Hyderabad,Caregiver,Rain,Normal day,5,7,1,0,122
2023-11-20,Delhi,Caregiver,Clear,Normal day,0,11,0,0,72
2023-05-17,Mumbai,Painter,Clear,Normal day,2,5,0,0,66
2023-09-06,Delhi,Electrician,Rain,Normal day,2,9,0,0,134
2024-10-29,Hyderabad,Painter,Clear,Normal day,1,10,0,1,71
2023-04-02,Hyderabad,Electrician,Clear,Normal day,6,4,1,0,106
2025-08-03,Hyderabad,Carpenter,Rain,Normal day,6,8,1,0,143
2025-03-23,Bengaluru,Electrician,Clear,Normal day,6,3,1,0,115
2023-10-07,Delhi,Caregiver,Clear,Normal day,5,10,1,0,109
2023-05-20,Bengaluru,Domestic Helper,Extreme heat,Normal day,5,5,1,0,125
2025-06-15,Mumbai,Painter,Rain,Normal day,6,6,1,0,150
2023-12-16,Bengaluru,Domestic Helper,Clear,Normal day,5,12,1,0,115
2025-12-30,Hyderabad,Plumber,Clear,Normal day,1,12,0,1,105
2024-07-13,Mumbai,Painter,Clear,Normal day,5,7,1,0,101
2023-03-12,Mumbai,Painter,Clear,Normal day,6,3,1,0,109
2025-12-06,Bengaluru,Painter,Clear,Normal day,5,12,1,0,90
2023-01-10,Bengaluru,Technician,Clear,Normal day,1,1,0,0,76
2024-05-26,Delhi,Plumber,Clear,Major event,6,5,1,1,164
2023-02-27,Bengaluru,Carpenter,Clear,Normal day,0,2,0,1,84
2023-05-10,Mumbai,Electrician,Extreme heat,Normal day,2,5,0,0,119
2023-12-10,Mumbai,Electrician,Clear,Holiday,6,12,1,0,146
2024-10-31,Delhi,Domestic Helper,Clear,Normal day,3,10,0,1,126
2025-03-20,Hyderabad,Electrician,Clear,Holiday,3,3,0,0,100
2024-10-24,Mumbai,Electrician,Clear,Normal day,3,10,0,0,126
2025-03-08,Mumbai,Painter,Clear,Normal day,5,3,1,0,108
2024-07-24,Delhi,Electrician,Clear,Normal day,2,7,0,0,109
2024-09-09,Hyderabad,Electrician,Rain,Normal day,0,9,0,0,108
2023-12-18,Delhi,Electrician,Clear,Normal day,0,12,0,0,108
2025-03-06,Mumbai,Carpenter,Clear,Normal day,3,3,0,0,98
2024-10-13,Hyderabad,Electrician,Clear,Normal day,6,10,1,0,115
2025-07-08,Hyderabad,Domestic Helper,Rain,Normal day,1,7,0,0,121
2023-01-28,Mumbai,Electrician,Clear,Normal day,5,1,1,1,116
2024-09-24,Mumbai,Caregiver,Clear,Normal day,1,9,0,0,104
2023-06-12,Bengaluru,Plumber,Clear,Normal day,0,6,0,0,94
2023-11-07,Hyderabad,Plumber,Clear,Normal day,1,11,0,0,89
2025-06-27,Delhi,Plumber,Clear,Normal day,4,6,0,1,146
2023-03-23,Hyderabad,Caregiver,Clear,Normal day,3,3,0,0,75
2024-04-14,Delhi,Carpenter,Clear,Normal day,6,4,1,0,118
2024-05-23,Mumbai,Domestic Helper,Extreme heat,Normal day,3,5,0,0,106
2024-01-11,Hyderabad,Caregiver,Clear,Normal day,3,1,0,0,67
2023-05-24,Mumbai,Electrician,Extreme heat,Normal day,2,5,0,0,116
2024-02-23,Mumbai,Electrician,Clear,Normal day,4,2,0,0,114
2024-02-23,Mumbai,Domestic Helper,Clear,Normal day,4,2,0,0,96
2024-09-29,Mumbai,Caregiver,Clear,Normal day,6,9,1,1,107
2024-05-24,Delhi,Carpenter,Rain,Normal day,4,5,0,0,103
2024-02-17,Delhi,Technician,Clear,Holiday,5,2,1,0,103
2025-01-06,Hyderabad,Painter,Clear,Normal day,0,1,0,0,61
2025-10-31,Hyderabad,Technician,Clear,Normal day,4,10,0,1,92
2025-09-14,Bengaluru,Technician,Clear,Normal day,6,9,1,0,90
2024-09-06,Mumbai,Domestic Helper,Rain,Normal day,4,9,0,0,132
2025-08-07,Delhi,Painter,Clear,Normal day,3,8,0,0,108
2025-09-11,Bengaluru,Carpenter,Clear,Normal day,3,9,0,0,79
2023-11-13,Mumbai,Electrician,Clear,Normal day,0,11,0,0,107
2025-02-05,Hyderabad,Painter,Rain,Normal day,2,2,0,0,70
2025-02-03,Hyderabad,Painter,Clear,Normal day,0,2,0,0,48
2023-05-26,Hyderabad,Electrician,Extreme heat,Normal day,4,5,0,1,113
2023-11-29,Mumbai,Technician,Clear,Normal day,2,11,0,1,127
2024-12-14,Hyderabad,Caregiver,Clear,Normal day,5,12,1,0,84
2025-02-28,Hyderabad,Caregiver,Clear,Normal day,4,2,0,1,66
2025-01-10,Bengaluru,Caregiver,Clear,Holiday,4,1,0,0,82
2025-07-21,Mumbai,Carpenter,Clear,Normal day,0,7,0,0,92
2023-11-27,Bengaluru,Electrician,Clear,Normal day,0,11,0,1,107
2025-02-26,Hyderabad,Caregiver,Clear,Normal day,2,2,0,1,68
2025-11-27,Mumbai,Painter,Clear,Normal day,3,11,0,1,111
2024-09-10,Hyderabad,Domestic Helper,Clear,Normal day,1,9,0,0,86
2023-07-02,Bengaluru,Caregiver,Rain,Normal day,6,7,1,0,120
2023-10-20,Delhi,Caregiver,Clear,Normal day,4,10,0,0,103
2024-09-22,Bengaluru,Plumber,Rain,Major event,6,9,1,0,192
2023-05-24,Hyderabad,Domestic Helper,Clear,Normal day,2,5,0,0,62
2025-06-01,Mumbai,Plumber,Clear,Normal day,6,6,1,0,140
2024-02-10,Hyderabad,Plumber,Clear,Normal day,5,2,1,0,102
2024-03-11,Mumbai,Plumber,Clear,Normal day,0,3,0,0,81
2024-01-28,Delhi,Technician,Clear,Normal day,6,1,1,1,105
2023-08-12,Mumbai,Electrician,Clear,Normal day,5,8,1,0,125
2024-07-20,Bengaluru,Carpenter,Clear,Normal day,5,7,1,0,108
2025-09-20,Bengaluru,Electrician,Clear,Normal day,5,9,1,0,102
2023-01-15,Bengaluru,Electrician,Clear,Normal day,6,1,1,0,106
2025-02-08,Delhi,Painter,Clear,Normal day,5,2,1,0,74
2025-05-29,Delhi,Carpenter,Extreme heat,Normal day,3,5,0,1,100
2024-10-07,Mumbai,Carpenter,Clear,Normal day,0,10,0,0,100
2023-04-28,Delhi,Technician,Clear,Holiday,4,4,0,1,130
2025-07-24,Hyderabad,Caregiver,Rain,Normal day,3,7,0,0,101
2023-02-22,Bengaluru,Technician,Clear,Normal day,2,2,0,0,67
2024-05-24,Delhi,Painter,Extreme heat,Normal day,4,5,0,0,115
2025-08-31,Hyderabad,Caregiver,Clear,Normal day,6,8,1,1,102
2024-10-21,Bengaluru,Caregiver,Clear,Holiday,0,10,0,0,104
2024-10-28,Hyderabad,Plumber,Clear,Normal day,0,10,0,1,83
2023-06-16,Delhi,Painter,Rain,Normal day,4,6,0,0,132
2025-09-02,Bengaluru,Caregiver,Clear,Normal day,1,9,0,0,86
2023-10-21,Bengaluru,Plumber,Clear,Holiday,5,10,1,0,150
2025-08-14,Mumbai,Painter,Extreme heat,Normal day,3,8,0,0,96
2024-05-08,Mumbai,Plumber,Clear,Normal day,2,5,0,0,130
2023-07-03,Bengaluru,Painter,Extreme heat,Major event,0,7,0,0,106
2024-10-30,Hyderabad,Technician,Clear,Normal day,2,10,0,1,88
2025-09-02,Bengaluru,Caregiver,Clear,Normal day,1,9,0,0,69
2025-10-04,Bengaluru,Technician,Clear,Normal day,5,10,1,0,102
2023-05-13,Delhi,Painter,Extreme heat,Normal day,5,5,1,0,105
2025-02-20,Hyderabad,Technician,Clear,Normal day,3,2,0,0,81
2024-08-18,Bengaluru,Electrician,Clear,Normal day,6,8,1,0,103
2024-01-21,Bengaluru,Domestic Helper,Clear,Normal day,6,1,1,0,105
2025-02-17,Bengaluru,Carpenter,Clear,Normal day,0,2,0,0,48
2025-03-05,Hyderabad,Carpenter,Clear,Normal day,2,3,0,0,78
2023-09-16,Mumbai,Electrician,Clear,Normal day,5,9,1,0,128
2025-08-01,Delhi,Plumber,Rain,Normal day,4,8,0,0,163
2024-03-24,Hyderabad,Caregiver,Clear,Normal day,6,3,1,0,77
2023-10-26,Bengaluru,Domestic Helper,Clear,Normal day,3,10,0,1,83
2023-09-10,Delhi,Technician,Rain,Normal day,6,9,1,0,141
2024-03-17,Hyderabad,Carpenter,Clear,Normal day,6,3,1,0,77
2024-11-13,Mumbai,Technician,Clear,Normal day,2,11,0,0,93
2024-04-05,Bengaluru,Technician,Extreme heat,Normal day,4,4,0,0,91
2025-03-13,Delhi,Technician,Clear,Normal day,3,3,0,0,86
2023-02-14,Hyderabad,Carpenter,Clear,Normal day,1,2,0,0,82
2024-12-14,Hyderabad,Painter,Clear,Normal day,5,12,1,0,86
2024-08-01,Mumbai,Caregiver,Rain,Normal day,3,8,0,0,114
2023-09-26,Delhi,Technician,Rain,Normal day,1,9,0,1,121
2023-04-21,Delhi,Painter,Extreme heat,Normal day,4,4,0,0,92
2025-06-23,Hyderabad,Carpenter,Rain,Normal day,0,6,0,0,102
2024-02-05,Bengaluru,Carpenter,Clear,Normal day,0,2,0,0,68
2023-10-30,Hyderabad,Painter,Clear,Holiday,0,10,0,1,72
2023-04-26,Bengaluru,Carpenter,Extreme heat,Normal day,2,4,0,1,124
2023-04-18,Bengaluru,Domestic Helper,Extreme heat,Normal day,1,4,0,0,104
2023-11-01,Hyderabad,Plumber,Clear,Normal day,2,11,0,0,89
2025-09-27,Delhi,Caregiver,Rain,Normal day,5,9,1,1,105
2025-02-07,Bengaluru,Technician,Clear,Normal day,4,2,0,0,90
2025-02-21,Delhi,Caregiver,Clear,Normal day,4,2,0,0,90
2023-09-03,Bengaluru,Electrician,Clear,Normal day,6,9,1,0,107
2025-11-09,Mumbai,Electrician,Clear,Normal day,6,11,1,0,109
2025-09-09,Delhi,Caregiver,Rain,Normal day,1,9,0,0,99
2024-01-06,Hyderabad,Painter,Extreme heat,Normal day,5,1,1,0,93
2024-09-03,Mumbai,Electrician,Clear,Normal day,1,9,0,0,119
2024-01-14,Hyderabad,Technician,Clear,Normal day,6,1,1,0,91
2025-12-21,Hyderabad,Electrician,Clear,Normal day,6,12,1,0,99
2023-09-12,Mumbai,Caregiver,Rain,Normal day,1,9,0,0,94
2024-01-04,Bengaluru,Domestic Helper,Clear,Normal day,3,1,0,0,88
2023-03-22,Mumbai,Domestic Helper,Clear,Normal day,2,3,0,0,101
2024-06-09,Bengaluru,Electrician,Extreme heat,Normal day,6,6,1,0,124
2025-01-14,Mumbai,Painter,Extreme heat,Normal day,1,1,0,0,85
2024-05-23,Delhi,Electrician,Extreme heat,Normal day,3,5,0,0,122
2024-08-23,Hyderabad,Plumber,Rain,Normal day,4,8,0,0,130
2025-12-06,Delhi,Domestic Helper,Clear,Normal day,5,12,1,0,120
2023-07-22,Bengaluru,Plumber,Clear,Normal day,5,7,1,0,134
2024-03-16,Mumbai,Domestic Helper,Clear,Normal day,5,3,1,0,123
2024-07-22,Mumbai,Caregiver,Rain,Holiday,0,7,0,0,113
2024-06-06,Delhi,Painter,Rain,Normal day,3,6,0,0,77
2025-07-23,Bengaluru,Carpenter,Rain,Normal day,2,7,0,0,105
2023-10-21,Mumbai,Electrician,Clear,Normal day,5,10,1,0,135
2024-01-30,Delhi,Domestic Helper,Clear,Normal day,1,1,0,1,84
2023-12-02,Hyderabad,Technician,Clear,Normal day,5,12,1,0,90
2025-06-07,Hyderabad,Electrician,Extreme heat,Normal day,5,6,1,0,142
2024-07-07,Bengaluru,Domestic Helper,Clear,Normal day,6,7,1,0,106
2023-05-16,Delhi,Caregiver,Clear,Normal day,1,5,0,0,87
2024-07-13,Mumbai,Technician,Rain,Normal day,5,7,1,0,153
2023-07-20,Hyderabad,Plumber,Clear,Holiday,3,7,0,0,96
2023-09-10,Mumbai,Domestic Helper,Rain,Normal day,6,9,1,0,153
2025-09-29,Bengaluru,Domestic Helper,Clear,Normal day,0,9,0,1,86
2024-07-31,Delhi,Domestic Helper,Clear,Holiday,2,7,0,1,135
2024-10-13,Hyderabad,Plumber,Clear,Normal day,6,10,1,0,97
2025-12-24,Hyderabad,Painter,Clear,Normal day,2,12,0,0,80
2025-11-17,Mumbai,Caregiver,Clear,Normal day,0,11,0,0,77
2024-07-01,Bengaluru,Caregiver,Rain,Normal day,0,7,0,0,94
2024-05-25,Hyderabad,Caregiver,Clear,Normal day,5,5,1,0,83
2024-12-25,Hyderabad,Domestic Helper,Clear,Normal day,2,12,0,0,85
2025-12-02,Mumbai,Carpenter,Clear,Holiday,1,12,0,0,133
2024-09-17,Hyderabad,Technician,Clear,Holiday,1,9,0,0,92
2023-06-12,Bengaluru,Caregiver,Clear,Holiday,0,6,0,0,77
2023-04-28,Bengaluru,Caregiver,Clear,Normal day,4,4,0,1,82
2023-01-22,Hyderabad,Caregiver,Clear,Normal day,6,1,1,0,86
2025-09-09,Hyderabad,Domestic Helper,Rain,Normal day,1,9,0,0,108
2025-12-26,Bengaluru,Painter,Clear,Holiday,4,12,0,1,57
2023-01-15,Hyderabad,Caregiver,Clear,Normal day,6,1,1,0,75
2025-12-17,Bengaluru,Domestic Helper,Clear,Holiday,2,12,0,0,112
2025-12-08,Mumbai,Plumber,Clear,Normal day,0,12,0,0,94
2025-11-18,Delhi,Electrician,Clear,Normal day,1,11,0,0,97
2025-02-03,Bengaluru,Carpenter,Rain,Normal day,0,2,0,0,114
2023-08-30,Delhi,Carpenter,Rain,Normal day,2,8,0,1,107
2023-01-05,Hyderabad,Plumber,Rain,Normal day,3,1,0,0,107
2025-11-21,Bengaluru,Painter,Rain,Normal day,4,11,0,0,90
2023-04-28,Delhi,Electrician,Extreme heat,Normal day,4,4,0,1,114
2024-12-25,Bengaluru,Electrician,Clear,Normal day,2,12,0,0,108
2025-04-03,Delhi,Electrician,Clear,Normal day,3,4,0,0,107
2023-06-23,Mumbai,Painter,Clear,Normal day,4,6,0,0,112
2023-11-15,Delhi,Plumber,Clear,Normal day,2,11,0,0,119
2025-01-16,Hyderabad,Plumber,Clear,Normal day,3,1,0,0,82
2025-06-17,Hyderabad,Plumber,Clear,Normal day,1,6,0,0,100
2023-01-12,Delhi,Technician,Clear,Holiday,3,1,0,0,102
2024-08-06,Bengaluru,Plumber,Clear,Normal day,1,8,0,0,105
2023-03-06,Mumbai,Caregiver,Clear,Normal day,0,3,0,0,79
2024-06-28,Bengaluru,Painter,Rain,Normal day,4,6,0,1,95
2023-09-18,Delhi,Technician,Rain,Normal day,0,9,0,0,94
2025-10-24,Hyderabad,Plumber,Clear,Holiday,4,10,0,0,150
2023-02-13,Mumbai,Plumber,Clear,Major event,0,2,0,0,128
2024-04-29,Bengaluru,Caregiver,Extreme heat,Normal day,0,4,0,1,101
2023-01-17,Hyderabad,Painter,Clear,Normal day,1,1,0,0,75
2025-05-28,Mumbai,Domestic Helper,Clear,Normal day,2,5,0,1,107
2024-05-25,Delhi,Technician,Clear,Normal day,5,5,1,0,107
2024-05-21,Hyderabad,Plumber,Clear,Normal day,1,5,0,0,100
2023-07-31,Mumbai,Plumber,Extreme heat,Normal day,0,7,0,1,154
2023-11-01,Mumbai,Electrician,Clear,Major event,2,11,0,0,128
2024-01-29,Mumbai,Painter,Clear,Holiday,0,1,0,1,86
2023-04-15,Hyderabad,Painter,Clear,Normal day,5,4,1,0,97
2024-04-18,Mumbai,Carpenter,Clear,Holiday,3,4,0,0,113
2025-05-24,Bengaluru,Carpenter,Clear,Normal day,5,5,1,0,105
2024-12-19,Hyderabad,Plumber,Clear,Holiday,3,12,0,0,106
2023-03-25,Bengaluru,Electrician,Clear,Normal day,5,3,1,0,98
2024-08-07,Hyderabad,Carpenter,Rain,Holiday,2,8,0,0,118
2024-01-14,Delhi,Painter,Clear,Normal day,6,1,1,0,91
2023-07-18,Bengaluru,Caregiver,Rain,Normal day,1,7,0,0,102
2024-11-09,Delhi,Caregiver,Clear,Normal day,5,11,1,0,90
2025-12-19,Delhi,Plumber,Clear,Normal day,4,12,0,0,109
2025-02-25,Bengaluru,Electrician,Clear,Normal day,1,2,0,0,86
2023-09-04,Bengaluru,Domestic Helper,Extreme heat,Normal day,0,9,0,0,99
2024-01-26,Mumbai,Caregiver,Clear,Holiday,4,1,0,1,92
2024-12-03,Delhi,Caregiver,Clear,Normal day,1,12,0,0,91
2025-12-28,Mumbai,Electrician,Clear,Normal day,6,12,1,1,125
2024-06-01,Delhi,Carpenter,Clear,Normal day,5,6,1,0,87
2025-06-12,Bengaluru,Painter,Clear,Normal day,3,6,0,0,76
2025-10-28,Bengaluru,Plumber,Clear,Normal day,1,10,0,1,99
2023-09-22,Delhi,Electrician,Extreme heat,Holiday,4,9,0,0,164
2024-01-25,Hyderabad,Painter,Clear,Normal day,3,1,0,0,72
2023-06-03,Mumbai,Painter,Rain,Normal day,5,6,1,0,128
2025-03-10,Hyderabad,Domestic Helper,Clear,Normal day,0,3,0,0,70
2023-11-24,Mumbai,Domestic Helper,Clear,Normal day,4,11,0,0,113
2025-11-16,Hyderabad,Domestic Helper,Clear,Normal day,6,11,1,0,101
2024-09-13,Mumbai,Carpenter,Rain,Normal day,4,9,0,0,109
2023-12-17,Mumbai,Electrician,Clear,Normal day,6,12,1,0,119
2023-10-31,Delhi,Plumber,Clear,Normal day,1,10,0,1,135
2024-05-24,Mumbai,Domestic Helper,Clear,Normal day,4,5,0,0,113
2025-01-25,Delhi,Electrician,Rain,Normal day,5,1,1,0,144
2024-06-24,Mumbai,Painter,Rain,Normal day,0,6,0,0,95
2023-04-28,Bengaluru,Technician,Clear,Normal day,4,4,0,1,100
2024-07-26,Mumbai,Carpenter,Extreme heat,Normal day,4,7,0,1,137
2023-08-06,Hyderabad,Caregiver,Clear,Normal day,6,8,1,0,92
2024-02-27,Hyderabad,Plumber,Clear,Normal day,1,2,0,1,106
2025-03-20,Mumbai,Painter,Clear,Normal day,3,3,0,0,78
2025-01-24,Mumbai,Painter,Clear,Holiday,4,1,0,0,86
2024-01-14,Mumbai,Plumber,Clear,Normal day,6,1,1,0,110
2024-01-05,Delhi,Electrician,Clear,Normal day,4,1,0,0,102
2025-03-18,Mumbai,Electrician,Clear,Normal day,1,3,0,0,104
2025-07-20,Hyderabad,Electrician,Rain,Normal day,6,7,1,0,113
2023-01-25,Bengaluru,Painter,Clear,Holiday,2,1,0,0,90
2023-01-28,Bengaluru,Plumber,Clear,Holiday,5,1,1,1,137
2023-10-20,Bengaluru,Technician,Extreme heat,Normal day,4,10,0,0,127
2023-08-06,Delhi,Technician,Rain,Normal day,6,8,1,0,130
2025-09-10,Hyderabad,Technician,Clear,Normal day,2,9,0,0,78
2023-11-13,Mumbai,Electrician,Clear,Normal day,0,11,0,0,97
2023-09-10,Bengaluru,Technician,Clear,Normal day,6,9,1,0,111
2023-07-30,Hyderabad,Plumber,Clear,Normal day,6,7,1,1,109
2024-04-09,Hyderabad,Painter,Clear,Normal day,1,4,0,0,69
2024-04-07,Hyderabad,Caregiver,Extreme heat,Normal day,6,4,1,0,94
2023-08-19,Hyderabad,Plumber,Extreme heat,Normal day,5,8,1,0,154
2024-07-31,Delhi,Electrician,Rain,Normal day,2,7,0,1,132
2023-06-23,Bengaluru,Domestic Helper,Clear,Normal day,4,6,0,0,86
2024-11-16,Mumbai,Caregiver,Clear,Normal day,5,11,1,0,100
2024-09-09,Delhi,Carpenter,Rain,Normal day,0,9,0,0,101
2025-10-19,Delhi,Carpenter,Clear,Normal day,6,10,1,0,133
2023-06-06,Bengaluru,Technician,Rain,Normal day,1,6,0,0,106
2023-10-28,Delhi,Plumber,Clear,Normal day,5,10,1,1,156
2025-09-06,Bengaluru,Electrician,Rain,Normal day,5,9,1,0,138
2024-07-24,Mumbai,Electrician,Clear,Normal day,2,7,0,0,120
2025-02-27,Delhi,Carpenter,Clear,Normal day,3,2,0,1,106
2025-04-27,Delhi,Plumber,Extreme heat,Normal day,6,4,1,1,132
2024-05-18,Hyderabad,Painter,Clear,Normal day,5,5,1,0,95
2025-10-05,Mumbai,Painter,Clear,Normal day,6,10,1,0,99
2025-12-15,Mumbai,Caregiver,Clear,Normal day,0,12,0,0,74
2024-02-21,Bengaluru,Carpenter,Clear,Normal day,2,2,0,0,80
2023-08-14,Bengaluru,Carpenter,Clear,Normal day,0,8,0,0,83
2023-10-13,Delhi,Painter,Clear,Normal day,4,10,0,0,80
2025-05-12,Mumbai,Plumber,Extreme heat,Holiday,0,5,0,0,134
2023-10-10,Bengaluru,Caregiver,Clear,Normal day,1,10,0,0,80
2023-02-23,Hyderabad,Carpenter,Clear,Holiday,3,2,0,0,86
2023-06-01,Hyderabad,Technician,Rain,Normal day,3,6,0,0,101
2023-10-28,Delhi,Plumber,Clear,Holiday,5,10,1,1,175
2025-05-02,Mumbai,Technician,Clear,Normal day,4,5,0,0,115
2025-12-16,Delhi,Painter,Clear,Normal day,1,12,0,0,92
2023-01-28,Delhi,Electrician,Clear,Normal day,5,1,1,1,120
2023-03-07,Mumbai,Domestic Helper,Clear,Normal day,1,3,0,0,108
2025-05-17,Hyderabad,Domestic Helper,Extreme heat,Normal day,5,5,1,0,124
2025-10-24,Delhi,Caregiver,Clear,Normal day,4,10,0,0,97
2024-07-10,Bengaluru,Domestic Helper,Clear,Normal day,2,7,0,0,99
2024-03-09,Hyderabad,Domestic Helper,Clear,Normal day,5,3,1,0,103
2023-06-08,Hyderabad,Painter,Clear,Normal day,3,6,0,0,70
2025-02-18,Mumbai,Electrician,Clear,Normal day,1,2,0,0,104
2024-02-03,Delhi,Electrician,Clear,Normal day,5,2,1,0,118
2024-11-18,Bengaluru,Plumber,Clear,Normal day,0,11,0,0,96
2023-05-14,Mumbai,Domestic Helper,Clear,Normal day,6,5,1,0,123
2024-01-20,Mumbai,Caregiver,Rain,Normal day,5,1,1,0,115
2023-06-24,Bengaluru,Domestic Helper,Extreme heat,Normal day,5,6,1,0,126
2023-04-09,Delhi,Electrician,Extreme heat,Major event,6,4,1,0,162
2024-12-31,Delhi,Painter,Clear,Normal day,1,12,0,1,82
2025-03-11,Delhi,Plumber,Clear,Holiday,1,3,0,0,115
2025-04-14,Bengaluru,Domestic Helper,Extreme heat,Normal day,0,4,0,0,98
2025-02-21,Hyderabad,Domestic Helper,Rain,Major event,4,2,0,0,155
2023-11-27,Mumbai,Caregiver,Clear,Normal day,0,11,0,1,106
2023-07-11,Mumbai,Plumber,Rain,Normal day,1,7,0,0,139
2023-11-26,Delhi,Painter,Clear,Normal day,6,11,1,1,106
2025-01-07,Hyderabad,Electrician,Rain,Normal day,1,1,0,0,102
2025-03-04,Mumbai,Plumber,Extreme heat,Normal day,1,3,0,0,126
2023-11-09,Hyderabad,Electrician,Clear,Holiday,3,11,0,0,95
2024-09-25,Bengaluru,Painter,Clear,Normal day,2,9,0,0,83
2024-08-28,Mumbai,Electrician,Clear,Normal day,2,8,0,1,129
2023-07-02,Bengaluru,Plumber,Rain,Normal day,6,7,1,0,146
2025-08-27,Delhi,Technician,Rain,Normal day,2,8,0,1,130
2023-10-15,Bengaluru,Domestic Helper,Clear,Normal day,6,10,1,0,104
2024-08-10,Hyderabad,Painter,Rain,Normal day,5,8,1,0,116
2023-09-22,Hyderabad,Carpenter,Rain,Normal day,4,9,0,0,107
2024-10-04,Delhi,Electrician,Clear,Normal day,4,10,0,0,135
2024-06-22,Bengaluru,Domestic Helper,Extreme heat,Holiday,5,6,1,0,140
2024-05-16,Bengaluru,Plumber,Extreme heat,Normal day,3,5,0,0,95
2023-11-21,Hyderabad,Technician,Clear,Normal day,1,11,0,0,83
2025-08-04,Bengaluru,Carpenter,Rain,Normal day,0,8,0,0,100
2025-08-10,Bengaluru,Electrician,Clear,Holiday,6,8,1,0,156
2025-03-23,Hyderabad,Plumber,Clear,Holiday,6,3,1,0,134
2024-12-02,Hyderabad,Plumber,Clear,Normal day,0,12,0,0,101
2024-07-24,Hyderabad,Electrician,Rain,Normal day,2,7,0,0,135
2023-10-26,Mumbai,Carpenter,Clear,Normal day,3,10,0,1,102
2025-02-17,Bengaluru,Technician,Clear,Normal day,0,2,0,0,82
2025-08-27,Mumbai,Electrician,Clear,Major event,2,8,0,1,150
2025-05-16,Delhi,Carpenter,Extreme heat,Holiday,4,5,0,0,130
2023-05-22,Delhi,Painter,Clear,Normal day,0,5,0,0,62
2025-07-13,Hyderabad,Domestic Helper,Clear,Normal day,6,7,1,0,103
2024-01-12,Bengaluru,Electrician,Rain,Normal day,4,1,0,0,144
2024-08-31,Mumbai,Plumber,Clear,Normal day,5,8,1,1,154
2025-08-31,Mumbai,Caregiver,Clear,Normal day,6,8,1,1,111
2025-03-07,Bengaluru,Domestic Helper,Clear,Normal day,4,3,0,0,95
2023-06-09,Mumbai,Carpenter,Rain,Normal day,4,6,0,0,132
2024-10-10,Bengaluru,Plumber,Rain,Normal day,3,10,0,0,149
2025-10-19,Delhi,Electrician,Clear,Normal day,6,10,1,0,150
2024-06-22,Bengaluru,Painter,Rain,Normal day,5,6,1,0,94
2025-07-09,Bengaluru,Electrician,Clear,Normal day,2,7,0,0,86
2025-05-10,Mumbai,Domestic Helper,Clear,Normal day,5,5,1,0,117
2024-01-27,Bengaluru,Carpenter,Clear,Major event,5,1,1,1,148
2024-09-20,Bengaluru,Caregiver,Rain,Normal day,4,9,0,0,104
2025-04-27,Hyderabad,Carpenter,Clear,Normal day,6,4,1,1,113
2025-12-07,Delhi,Electrician,Rain,Normal day,6,12,1,0,139
2025-02-03,Mumbai,Domestic Helper,Clear,Normal day,0,2,0,0,83
2025-02-20,Delhi,Technician,Clear,Normal day,3,2,0,0,94
2024-08-03,Bengaluru,Electrician,Rain,Holiday,5,8,1,0,141
2023-02-03,Hyderabad,Electrician,Clear,Normal day,4,2,0,0,97
2023-07-24,Hyderabad,Domestic Helper,Rain,Major event,0,7,0,0,143
2024-08-16,Hyderabad,Plumber,Clear,Normal day,4,8,0,0,98
2025-02-19,Bengaluru,Plumber,Rain,Normal day,2,2,0,0,134
2024-12-19,Hyderabad,Painter,Rain,Normal day,3,12,0,0,86
2025-03-21,Bengaluru,Carpenter,Clear,Normal day,4,3,0,0,93
2024-07-02,Delhi,Carpenter,Rain,Normal day,1,7,0,0,110
2025-04-29,Mumbai,Electrician,Extreme heat,Normal day,1,4,0,1,126
2023-02-01,Bengaluru,Plumber,Clear,Normal day,2,2,0,0,104
2025-11-28,Delhi,Carpenter,Clear,Normal day,4,11,0,1,107
2025-05-30,Mumbai,Domestic Helper,Extreme heat,Normal day,4,5,0,1,122
2025-03-16,Bengaluru,Technician,Rain,Normal day,6,3,1,0,124
2025-03-10,Mumbai,Painter,Rain,Normal day,0,3,0,0,78
2025-06-14,Mumbai,Electrician,Rain,Normal day,5,6,1,0,186
2023-08-31,Hyderabad,Technician,Rain,Normal day,3,8,0,1,125
2023-11-22,Delhi,Plumber,Clear,Major event,2,11,0,0,162
2023-01-24,Mumbai,Electrician,Clear,Normal day,1,1,0,0,105
2023-06-11,Hyderabad,Electrician,Rain,Normal day,6,6,1,0,138
2025-07-18,Delhi,Plumber,Clear,Normal day,4,7,0,0,120
2024-08-31,Mumbai,Domestic Helper,Rain,Normal day,5,8,1,1,165
2025-02-13,Delhi,Caregiver,Clear,Holiday,3,2,0,0,87
2023-10-22,Bengaluru,Caregiver,Extreme heat,Normal day,6,10,1,0,96
2023-08-16,Hyderabad,Domestic Helper,Clear,Holiday,2,8,0,0,100
2024-06-20,Mumbai,Electrician,Clear,Normal day,3,6,0,0,128
2024-03-01,Hyderabad,Electrician,Clear,Major event,4,3,0,0,148
2023-05-31,Hyderabad,Caregiver,Clear,Normal day,2,5,0,1,70
2025-02-07,Delhi,Caregiver,Rain,Normal day,4,2,0,0,105
2024-01-04,Delhi,Electrician,Rain,Normal day,3,1,0,0,138
2023-03-06,Bengaluru,Carpenter,Extreme heat,Normal day,0,3,0,0,72
2023-01-11,Mumbai,Domestic Helper,Clear,Normal day,2,1,0,0,92
2024-01-30,Bengaluru,Domestic Helper,Clear,Normal day,1,1,0,1,82
2023-11-09,Mumbai,Technician,Clear,Normal day,3,11,0,0,91
2023-03-02,Delhi,Plumber,Clear,Normal day,3,3,0,0,91
2023-09-17,Delhi,Carpenter,Rain,Normal day,6,9,1,0,128
2024-12-14,Delhi,Painter,Clear,Normal day,5,12,1,0,86
2025-11-15,Hyderabad,Plumber,Clear,Holiday,5,11,1,0,136
2024-07-29,Hyderabad,Electrician,Rain,Normal day,0,7,0,1,119
2024-09-30,Mumbai,Technician,Clear,Normal day,0,9,0,1,93
2025-06-06,Hyderabad,Painter,Rain,Normal day,4,6,0,0,101
2024-10-14,Bengaluru,Domestic Helper,Clear,Holiday,0,10,0,0,92
2024-12-23,Delhi,Caregiver,Clear,Normal day,0,12,0,0,90
2023-03-11,Delhi,Domestic Helper,Clear,Normal day,5,3,1,0,125
2025-12-22,Delhi,Painter,Clear,Holiday,0,12,0,0,93
2024-10-22,Hyderabad,Technician,Clear,Normal day,1,10,0,0,90
2024-03-16,Delhi,Carpenter,Clear,Normal day,5,3,1,0,101
2023-01-20,Delhi,Caregiver,Clear,Normal day,4,1,0,0,85
2025-08-11,Delhi,Plumber,Rain,Normal day,0,8,0,0,135
2024-03-10,Mumbai,Electrician,Clear,Normal day,6,3,1,0,114
2023-06-03,Hyderabad,Caregiver,Rain,Normal day,5,6,1,0,121
2024-10-17,Mumbai,Plumber,Clear,Normal day,3,10,0,0,113
2023-04-06,Delhi,Painter,Clear,Normal day,3,4,0,0,90
2024-10-31,Hyderabad,Plumber,Clear,Normal day,3,10,0,1,114
2023-01-10,Hyderabad,Carpenter,Clear,Normal day,1,1,0,0,70
2023-03-17,Bengaluru,Carpenter,Clear,Holiday,4,3,0,0,87
2023-07-14,Hyderabad,Caregiver,Clear,Normal day,4,7,0,0,69
2024-12-09,Hyderabad,Electrician,Clear,Normal day,0,12,0,0,75
2023-04-07,Hyderabad,Carpenter,Extreme heat,Normal day,4,4,0,0,85
2023-09-06,Delhi,Domestic Helper,Clear,Normal day,2,9,0,0,82
2023-01-22,Mumbai,Electrician,Extreme heat,Normal day,6,1,1,0,128
2025-06-11,Mumbai,Plumber,Clear,Normal day,2,6,0,0,105
2025-01-25,Bengaluru,Caregiver,Rain,Normal day,5,1,1,0,108
2023-03-30,Bengaluru,Electrician,Rain,Holiday,3,3,0,1,147
2024-11-05,Hyderabad,Carpenter,Clear,Normal day,1,11,0,0,92
2025-08-01,Bengaluru,Plumber,Clear,Holiday,4,8,0,0,125
2025-04-26,Hyderabad,Caregiver,Clear,Normal day,5,4,1,1,88
2025-09-05,Hyderabad,Carpenter,Clear,Normal day,4,9,0,0,91
2024-04-07,Bengaluru,Carpenter,Extreme heat,Normal day,6,4,1,0,99
2024-12-23,Mumbai,Caregiver,Clear,Normal day,0,12,0,0,74
2023-06-09,Bengaluru,Painter,Clear,Major event,4,6,0,0,100
2024-03-18,Hyderabad,Technician,Clear,Normal day,0,3,0,0,80
2024-11-28,Mumbai,Technician,Clear,Normal day,3,11,0,1,133
2024-10-03,Delhi,Caregiver,Clear,Holiday,3,10,0,0,104
2025-10-30,Bengaluru,Plumber,Clear,Normal day,3,10,0,1,102
2025-07-15,Mumbai,Technician,Clear,Holiday,1,7,0,0,125
2025-05-16,Mumbai,Caregiver,Clear,Normal day,4,5,0,0,97
2023-07-29,Mumbai,Painter,Rain,Normal day,5,7,1,1,127
2024-05-07,Bengaluru,Painter,Clear,Major event,1,5,0,0,84
2025-12-23,Hyderabad,Carpenter,Clear,Normal day,1,12,0,0,73
2023-06-22,Delhi,Painter,Clear,Normal day,3,6,0,0,93
2025-06-01,Delhi,Electrician,Clear,Normal day,6,6,1,0,135
2023-04-11,Hyderabad,Caregiver,Extreme heat,Normal day,1,4,0,0,99
2024-01-23,Hyderabad,Plumber,Clear,Normal day,1,1,0,0,92
2025-10-07,Hyderabad,Electrician,Clear,Normal day,1,10,0,0,90
2023-08-16,Mumbai,Electrician,Clear,Major event,2,8,0,0,161
2024-06-29,Mumbai,Electrician,Rain,Normal day,5,6,1,1,148
2025-04-08,Hyderabad,Painter,Clear,Normal day,1,4,0,0,65
2024-07-03,Hyderabad,Plumber,Clear,Normal day,2,7,0,0,116
2024-08-12,Delhi,Caregiver,Clear,Holiday,0,8,0,0,90
2025-09-03,Delhi,Technician,Rain,Normal day,2,9,0,0,121
2024-10-07,Bengaluru,Plumber,Clear,Normal day,0,10,0,0,108
2023-10-18,Bengaluru,Caregiver,Clear,Normal day,2,10,0,0,98
2023-12-30,Delhi,Electrician,Clear,Normal day,5,12,1,1,116
2023-01-20,Delhi,Painter,Clear,Normal day,4,1,0,0,64
2024-05-21,Hyderabad,Electrician,Clear,Major event,1,5,0,0,109
2024-08-18,Mumbai,Domestic Helper,Rain,Normal day,6,8,1,0,146
2023-07-12,Bengaluru,Carpenter,Rain,Normal day,2,7,0,0,105
2025-10-01,Delhi,Domestic Helper,Clear,Normal day,2,10,0,0,95
2025-01-16,Hyderabad,Electrician,Clear,Normal day,3,1,0,0,87
2024-11-14,Hyderabad,Electrician,Clear,Normal day,3,11,0,0,98
2023-02-12,Mumbai,Painter,Rain,Normal day,6,2,1,0,85
2023-10-18,Delhi,Painter,Clear,Normal day,2,10,0,0,83
2025-06-01,Delhi,Plumber,Rain,Normal day,6,6,1,0,153
2025-02-12,Bengaluru,Carpenter,Rain,Normal day,2,2,0,0,101
2025-07-09,Mumbai,Carpenter,Rain,Normal day,2,7,0,0,121
2024-11-09,Hyderabad,Domestic Helper,Clear,Normal day,5,11,1,0,107
2024-09-25,Mumbai,Electrician,Rain,Normal day,2,9,0,0,120
2023-09-09,Hyderabad,Technician,Rain,Normal day,5,9,1,0,116
2024-12-11,Delhi,Electrician,Extreme heat,Normal day,2,12,0,0,109
2023-10-29,Hyderabad,Caregiver,Clear,Normal day,6,10,1,1,94
2023-11-30,Delhi,Painter,Clear,Normal day,3,11,0,1,100
2023-02-01,Hyderabad,Electrician,Clear,Normal day,2,2,0,0,94
2023-09-10,Bengaluru,Painter,Clear,Normal day,6,9,1,0,78
2023-01-02,Bengaluru,Carpenter,Clear,Normal day,0,1,0,0,82
2025-10-25,Mumbai,Electrician,Clear,Holiday,5,10,1,0,152
2024-02-07,Hyderabad,Domestic Helper,Rain,Normal day,2,2,0,0,103
2023-03-07,Hyderabad,Carpenter,Clear,Normal day,1,3,0,0,85
2025-03-02,Hyderabad,Painter,Extreme heat,Holiday,6,3,1,0,104
2024-06-19,Delhi,Domestic Helper,Clear,Normal day,2,6,0,0,100
2024-10-22,Mumbai,Caregiver,Clear,Normal day,1,10,0,0,97
2025-05-02,Mumbai,Carpenter,Clear,Normal day,4,5,0,0,99
2025-08-02,Mumbai,Painter,Rain,Normal day,5,8,1,0,132
2023-07-16,Mumbai,Domestic Helper,Clear,Normal day,6,7,1,0,146
2025-01-02,Hyderabad,Carpenter,Clear,Normal day,3,1,0,0,82
2025-04-20,Hyderabad,Electrician,Extreme heat,Major event,6,4,1,0,139
2025-05-12,Bengaluru,Technician,Clear,Normal day,0,5,0,0,94
2024-05-11,Delhi,Plumber,Extreme heat,Normal day,5,5,1,0,153
2024-08-23,Bengaluru,Technician,Rain,Holiday,4,8,0,0,152
2023-01-13,Hyderabad,Technician,Clear,Normal day,4,1,0,0,81
2023-04-22,Bengaluru,Electrician,Clear,Normal day,5,4,1,0,96
2023-08-08,Delhi,Domestic Helper,Clear,Normal day,1,8,0,0,107
2025-09-13,Delhi,Technician,Clear,Normal day,5,9,1,0,118
2025-11-12,Bengaluru,Caregiver,Clear,Holiday,2,11,0,0,90
2025-10-11,Mumbai,Plumber,Rain,Normal day,5,10,1,0,175
2023-11-13,Delhi,Caregiver,Clear,Normal day,0,11,0,0,83
2023-01-14,Hyderabad,Domestic Helper,Clear,Holiday,5,1,1,0,107
2023-01-01,Mumbai,Domestic Helper,Rain,Normal day,6,1,1,0,154
2024-05-21,Mumbai,Electrician,Clear,Normal day,1,5,0,0,105
2025-06-27,Hyderabad,Electrician,Rain,Normal day,4,6,0,1,132
2025-09-17,Mumbai,Technician,Clear,Normal day,2,9,0,0,99
2024-06-17,Hyderabad,Technician,Rain,Normal day,0,6,0,0,83
2023-10-27,Bengaluru,Plumber,Clear,Normal day,4,10,0,1,114
2024-05-07,Mumbai,Domestic Helper,Extreme heat,Normal day,1,5,0,0,101
2025-09-02,Hyderabad,Carpenter,Clear,Holiday,1,9,0,0,113
2025-10-06,Delhi,Caregiver,Clear,Normal day,0,10,0,0,84
2023-08-08,Hyderabad,Painter,Rain,Holiday,1,8,0,0,94
2024-08-03,Hyderabad,Electrician,Rain,Major event,5,8,1,0,211
2024-09-12,Bengaluru,Caregiver,Rain,Normal day,3,9,0,0,85
2025-06-29,Bengaluru,Carpenter,Extreme heat,Normal day,6,6,1,1,132
2025-07-27,Delhi,Electrician,Extreme heat,Normal day,6,7,1,1,150
2025-10-27,Mumbai,Carpenter,Rain,Normal day,0,10,0,1,114
2025-11-16,Bengaluru,Plumber,Clear,Normal day,6,11,1,0,116
2024-11-25,Hyderabad,Caregiver,Rain,Holiday,0,11,0,0,98
2024-09-12,Hyderabad,Electrician,Rain,Normal day,3,9,0,0,96
2025-02-10,Hyderabad,Domestic Helper,Clear,Normal day,0,2,0,0,65
2025-11-04,Delhi,Plumber,Clear,Normal day,1,11,0,0,99
2024-12-13,Hyderabad,Electrician,Clear,Normal day,4,12,0,0,101
2023-11-22,Mumbai,Electrician,Clear,Normal day,2,11,0,0,111
2025-09-02,Delhi,Technician,Clear,Normal day,1,9,0,0,85
2024-04-29,Bengaluru,Plumber,Extreme heat,Normal day,0,4,0,1,113
2025-05-10,Bengaluru,Electrician,Extreme heat,Normal day,5,5,1,0,137
2023-05-30,Hyderabad,Technician,Clear,Normal day,1,5,0,1,92
2023-03-02,Mumbai,Carpenter,Clear,Normal day,3,3,0,0,98
2023-09-30,Mumbai,Plumber,Clear,Normal day,5,9,1,1,137
2024-08-08,Mumbai,Plumber,Rain,Normal day,3,8,0,0,125
2025-12-18,Mumbai,Electrician,Clear,Normal day,3,12,0,0,96
2023-07-17,Mumbai,Electrician,Rain,Normal day,0,7,0,0,123
2025-01-06,Hyderabad,Domestic Helper,Clear,Holiday,0,1,0,0,99
2024-01-15,Hyderabad,Plumber,Clear,Normal day,0,1,0,0,75
2025-08-28,Delhi,Carpenter,Rain,Normal day,3,8,0,1,113
2023-10-10,Bengaluru,Painter,Clear,Normal day,1,10,0,0,96
2023-05-26,Bengaluru,Plumber,Extreme heat,Normal day,4,5,0,1,142
2023-08-30,Hyderabad,Plumber,Clear,Normal day,2,8,0,1,115
2023-02-16,Mumbai,Technician,Rain,Normal day,3,2,0,0,107
2024-05-29,Hyderabad,Caregiver,Clear,Normal day,2,5,0,1,79
2023-11-20,Delhi,Electrician,Clear,Normal day,0,11,0,0,87
2025-11-26,Delhi,Painter,Clear,Normal day,2,11,0,1,88
2023-08-16,Hyderabad,Carpenter,Rain,Major event,2,8,0,0,158
2025-05-13,Delhi,Plumber,Clear,Normal day,1,5,0,0,104
2023-10-13,Mumbai,Domestic Helper,Clear,Normal day,4,10,0,0,111
2023-05-08,Mumbai,Painter,Clear,Normal day,0,5,0,0,82
2023-03-14,Delhi,Electrician,Rain,Normal day,1,3,0,0,119
2023-06-15,Hyderabad,Plumber,Clear,Holiday,3,6,0,0,133
2023-03-14,Hyderabad,Domestic Helper,Clear,Normal day,1,3,0,0,89
2025-09-05,Delhi,Technician,Rain,Normal day,4,9,0,0,114
2023-02-13,Bengaluru,Electrician,Clear,Normal day,0,2,0,0,95
2025-12-30,Hyderabad,Caregiver,Clear,Major event,1,12,0,1,103
2025-09-14,Bengaluru,Painter,Rain,Normal day,6,9,1,0,105
2025-05-30,Hyderabad,Domestic Helper,Clear,Normal day,4,5,0,1,96
2025-01-23,Delhi,Plumber,Clear,Normal day,3,1,0,0,123
2024-05-02,Mumbai,Electrician,Rain,Normal day,3,5,0,0,136
2023-04-04,Bengaluru,Technician,Extreme heat,Normal day,1,4,0,0,104
2023-06-06,Bengaluru,Plumber,Clear,Normal day,1,6,0,0,126
2024-10-05,Delhi,Domestic Helper,Clear,Normal day,5,10,1,0,114
2024-08-21,Mumbai,Domestic Helper,Clear,Normal day,2,8,0,0,101
2023-06-07,Bengaluru,Carpenter,Rain,Normal day,2,6,0,0,117
2025-01-01,Mumbai,Painter,Clear,Normal day,2,1,0,0,65
2024-08-22,Mumbai,Domestic Helper,Rain,Normal day,3,8,0,0,114
2025-10-28,Bengaluru,Electrician,Clear,Normal day,1,10,0,1,106
2025-09-22,Delhi,Electrician,Clear,Normal day,0,9,0,0,96
2025-12-02,Mumbai,Carpenter,Clear,Normal day,1,12,0,0,91
2025-02-01,Mumbai,Electrician,Extreme heat,Normal day,5,2,1,0,109
2025-07-18,Bengaluru,Electrician,Rain,Major event,4,7,0,0,211
2024-07-23,Hyderabad,Carpenter,Rain,Holiday,1,7,0,0,111
2024-07-25,Hyderabad,Painter,Clear,Normal day,3,7,0,0,69
2025-06-28,Bengaluru,Plumber,Clear,Normal day,5,6,1,1,115
2025-06-01,Bengaluru,Caregiver,Clear,Normal day,6,6,1,0,83
2024-12-13,Bengaluru,Domestic Helper,Clear,Normal day,4,12,0,0,105
2024-06-21,Mumbai,Technician,Clear,Normal day,4,6,0,0,91
2025-06-07,Hyderabad,Technician,Rain,Normal day,5,6,1,0,82
2023-04-27,Bengaluru,Domestic Helper,Clear,Normal day,3,4,0,1,93
2024-08-11,Hyderabad,Painter,Rain,Normal day,6,8,1,0,112
2025-11-28,Delhi,Plumber,Extreme heat,Normal day,4,11,0,1,166
2024-05-02,Mumbai,Electrician,Clear,Normal day,3,5,0,0,125
2024-07-15,Bengaluru,Plumber,Rain,Normal day,0,7,0,0,138
2025-03-19,Bengaluru,Domestic Helper,Clear,Normal day,2,3,0,0,97
2024-05-28,Bengaluru,Electrician,Clear,Normal day,1,5,0,1,101
2024-06-25,Mumbai,Painter,Rain,Normal day,1,6,0,0,86
2025-08-13,Bengaluru,Carpenter,Rain,Normal day,2,8,0,0,118
2024-03-22,Hyderabad,Electrician,Clear,Holiday,4,3,0,0,109
2024-10-05,Bengaluru,Painter,Clear,Normal day,5,10,1,0,90
2024-07-19,Delhi,Technician,Rain,Normal day,4,7,0,0,134
2023-12-24,Mumbai,Technician,Clear,Holiday,6,12,1,0,104
2023-08-23,Bengaluru,Plumber,Rain,Normal day,2,8,0,0,141
2024-10-11,Bengaluru,Domestic Helper,Clear,Holiday,4,10,0,0,119
2024-06-14,Delhi,Electrician,Rain,Normal day,4,6,0,0,144
2024-12-24,Bengaluru,Domestic Helper,Clear,Holiday,1,12,0,0,105
2025-11-04,Hyderabad,Electrician,Clear,Normal day,1,11,0,0,91
2024-10-29,Delhi,Technician,Clear,Normal day,1,10,0,1,96
2025-05-23,Delhi,Plumber,Clear,Normal day,4,5,0,0,108
2025-01-07,Delhi,Painter,Rain,Normal day,1,1,0,0,86
2024-08-25,Bengaluru,Plumber,Clear,Normal day,6,8,1,0,124
2023-11-04,Bengaluru,Electrician,Clear,Normal day,5,11,1,0,125
2025-11-12,Delhi,Plumber,Clear,Normal day,2,11,0,0,97
2023-11-04,Hyderabad,Technician,Extreme heat,Holiday,5,11,1,0,138
2023-06-08,Mumbai,Domestic Helper,Rain,Normal day,3,6,0,0,142
2025-05-06,Bengaluru,Technician,Extreme heat,Normal day,1,5,0,0,96
2025-08-25,Hyderabad,Carpenter,Clear,Normal day,0,8,0,0,82
2024-08-23,Mumbai,Carpenter,Clear,Normal day,4,8,0,0,121
2025-01-11,Mumbai,Painter,Clear,Normal day,5,1,1,0,88
2024-05-08,Hyderabad,Caregiver,Extreme heat,Normal day,2,5,0,0,78
2023-06-13,Delhi,Domestic Helper,Rain,Normal day,1,6,0,0,123
2025-09-18,Mumbai,Painter,Rain,Normal day,3,9,0,0,90
2023-09-14,Mumbai,Technician,Rain,Normal day,3,9,0,0,122
2023-10-10,Delhi,Technician,Clear,Normal day,1,10,0,0,98
2023-06-16,Hyderabad,Painter,Rain,Normal day,4,6,0,0,96
2025-10-09,Mumbai,Plumber,Rain,Major event,3,10,0,0,197
2023-09-05,Hyderabad,Carpenter,Rain,Normal day,1,9,0,0,88
2025-08-20,Bengaluru,Plumber,Rain,Normal day,2,8,0,0,129
2023-02-19,Mumbai,Electrician,Clear,Normal day,6,2,1,0,118
2025-03-05,Hyderabad,Carpenter,Clear,Normal day,2,3,0,0,65
2024-05-09,Delhi,Electrician,Clear,Normal day,3,5,0,0,103
2024-11-20,Bengaluru,Caregiver,Clear,Normal day,2,11,0,0,83
2024-12-27,Hyderabad,Painter,Clear,Normal day,4,12,0,1,82
2025-06-11,Delhi,Technician,Rain,Normal day,2,6,0,0,136
2024-01-11,Bengaluru,Plumber,Rain,Normal day,3,1,0,0,119
2025-01-27,Hyderabad,Painter,Clear,Holiday,0,1,0,1,81
2024-07-26,Bengaluru,Plumber,Clear,Normal day,4,7,0,1,150
2025-11-26,Hyderabad,Carpenter,Clear,Normal day,2,11,0,1,88
2024-01-01,Mumbai,Electrician,Clear,Normal day,0,1,0,0,112
2024-03-07,Hyderabad,Domestic Helper,Clear,Normal day,3,3,0,0,65
2024-10-05,Bengaluru,Carpenter,Clear,Holiday,5,10,1,0,120
2024-07-14,Hyderabad,Painter,Clear,Normal day,6,7,1,0,78
2024-06-15,Bengaluru,Plumber,Rain,Normal day,5,6,1,0,149
2024-02-28,Mumbai,Electrician,Clear,Major event,2,2,0,1,116
2024-02-04,Bengaluru,Painter,Clear,Major event,6,2,1,0,118
2024-02-21,Delhi,Domestic Helper,Clear,Normal day,2,2,0,0,83
2023-09-16,Hyderabad,Carpenter,Rain,Normal day,5,9,1,0,100
2023-09-03,Hyderabad,Painter,Rain,Holiday,6,9,1,0,105
2023-10-08,Delhi,Caregiver,Clear,Normal day,6,10,1,0,105
2023-06-11,Mumbai,Caregiver,Clear,Normal day,6,6,1,0,107
2024-11-17,Delhi,Painter,Clear,Normal day,6,11,1,0,86
2023-06-01,Delhi,Electrician,Clear,Normal day,3,6,0,0,102
2025-12-03,Delhi,Plumber,Clear,Normal day,2,12,0,0,97
2023-03-14,Bengaluru,Plumber,Clear,Normal day,1,3,0,0,97
2024-03-26,Mumbai,Carpenter,Clear,Normal day,1,3,0,1,104
2024-01-19,Hyderabad,Carpenter,Clear,Normal day,4,1,0,0,98
2023-07-01,Mumbai,Electrician,Clear,Normal day,5,7,1,0,138
2024-03-03,Mumbai,Electrician,Clear,Normal day,6,3,1,0,117
2025-02-17,Mumbai,Caregiver,Clear,Normal day,0,2,0,0,78
2024-01-04,Delhi,Technician,Clear,Normal day,3,1,0,0,92
2025-09-20,Hyderabad,Technician,Rain,Normal day,5,9,1,0,109
2025-09-12,Delhi,Electrician,Clear,Normal day,4,9,0,0,115
2024-08-11,Hyderabad,Painter,Clear,Normal day,6,8,1,0,93
2023-08-26,Mumbai,Painter,Extreme heat,Normal day,5,8,1,1,126
2024-12-12,Hyderabad,Caregiver,Clear,Normal day,3,12,0,0,76
2025-09-28,Hyderabad,Caregiver,Clear,Normal day,6,9,1,1,105
2025-11-05,Mumbai,Technician,Clear,Holiday,2,11,0,0,116
2024-10-23,Delhi,Caregiver,Clear,Normal day,2,10,0,0,86
2025-06-24,Hyderabad,Painter,Clear,Holiday,1,6,0,0,85
2025-09-21,Mumbai,Carpenter,Rain,Holiday,6,9,1,0,147
2025-07-05,Hyderabad,Plumber,Rain,Normal day,5,7,1,0,172
2024-02-27,Bengaluru,Domestic Helper,Clear,Normal day,1,2,0,1,105
2023-02-10,Bengaluru,Technician,Clear,Normal day,4,2,0,0,60
2024-11-13,Delhi,Technician,Clear,Holiday,2,11,0,0,113
2023-04-11,Mumbai,Carpenter,Clear,Normal day,1,4,0,0,63
2025-03-21,Mumbai,Carpenter,Clear,Normal day,4,3,0,0,98
2024-11-09,Hyderabad,Plumber,Clear,Normal day,5,11,1,0,135
2023-01-28,Bengaluru,Technician,Clear,Normal day,5,1,1,1,100
2023-07-29,Hyderabad,Technician,Rain,Normal day,5,7,1,1,136
2024-09-09,Bengaluru,Plumber,Rain,Normal day,0,9,0,0,124
2023-03-11,Delhi,Caregiver,Clear,Normal day,5,3,1,0,110
2025-03-31,Mumbai,Technician,Clear,Normal day,0,3,0,1,102
2023-06-23,Bengaluru,Electrician,Rain,Normal day,4,6,0,0,129
2025-04-30,Bengaluru,Electrician,Extreme heat,Normal day,2,4,0,1,134
2023-11-07,Bengaluru,Caregiver,Clear,Normal day,1,11,0,0,74
2024-10-01,Delhi,Painter,Clear,Major event,1,10,0,0,101
2024-07-15,Hyderabad,Plumber,Clear,Normal day,0,7,0,0,81
2025-08-23,Hyderabad,Carpenter,Clear,Normal day,5,8,1,0,114
2025-04-12,Delhi,Painter,Clear,Normal day,5,4,1,0,91
2025-11-03,Mumbai,Painter,Clear,Normal day,0,11,0,0,99
2025-03-17,Delhi,Technician,Clear,Holiday,0,3,0,0,90
2024-04-03,Bengaluru,Painter,Extreme heat,Normal day,2,4,0,0,72
2025-09-03,Bengaluru,Caregiver,Clear,Normal day,2,9,0,0,68
2023-06-21,Bengaluru,Domestic Helper,Clear,Normal day,2,6,0,0,82
2025-09-30,Mumbai,Electrician,Clear,Normal day,1,9,0,1,118
2025-08-27,Mumbai,Electrician,Rain,Normal day,2,8,0,1,153
2024-09-29,Delhi,Technician,Clear,Normal day,6,9,1,1,111
2025-04-12,Bengaluru,Carpenter,Extreme heat,Normal day,5,4,1,0,115
2025-09-27,Hyderabad,Carpenter,Extreme heat,Normal day,5,9,1,1,117
2025-08-02,Hyderabad,Domestic Helper,Rain,Normal day,5,8,1,0,123
2023-06-16,Bengaluru,Painter,Rain,Normal day,4,6,0,0,112
2023-01-28,Mumbai,Domestic Helper,Clear,Holiday,5,1,1,1,151
2025-06-15,Bengaluru,Electrician,Rain,Normal day,6,6,1,0,122
2025-12-10,Hyderabad,Plumber,Clear,Normal day,2,12,0,0,108
2025-03-28,Bengaluru,Carpenter,Clear,Normal day,4,3,0,1,108
2024-07-09,Delhi,Domestic Helper,Rain,Normal day,1,7,0,0,113
2023-12-06,Mumbai,Carpenter,Clear,Normal day,2,12,0,0,82
2025-01-30,Delhi,Painter,Clear,Normal day,3,1,0,1,83
2023-10-05,Mumbai,Domestic Helper,Clear,Normal day,3,10,0,0,120
2024-10-12,Hyderabad,Plumber,Clear,Holiday,5,10,1,0,150
2023-01-12,Delhi,Caregiver,Clear,Normal day,3,1,0,0,93
2025-07-28,Delhi,Electrician,Clear,Normal day,0,7,0,1,120
2023-11-17,Bengaluru,Carpenter,Clear,Normal day,4,11,0,0,94
2024-12-07,Bengaluru,Plumber,Clear,Normal day,5,12,1,0,149
2025-05-22,Delhi,Carpenter,Extreme heat,Normal day,3,5,0,0,107
2024-06-05,Mumbai,Electrician,Rain,Holiday,2,6,0,0,161
2024-03-19,Delhi,Plumber,Clear,Holiday,1,3,0,0,101
2025-12-05,Hyderabad,Carpenter,Clear,Normal day,4,12,0,0,84
2024-07-21,Hyderabad,Plumber,Clear,Normal day,6,7,1,0,130
2024-03-19,Bengaluru,Technician,Clear,Normal day,1,3,0,0,96
2025-08-31,Bengaluru,Carpenter,Clear,Normal day,6,8,1,1,89
2023-10-08,Hyderabad,Painter,Clear,Normal day,6,10,1,0,86
2025-10-21,Bengaluru,Plumber,Clear,Normal day,1,10,0,0,105
2025-02-28,Hyderabad,Carpenter,Clear,Normal day,4,2,0,1,91
2025-12-22,Bengaluru,Domestic Helper,Clear,Normal day,0,12,0,0,75
2024-07-22,Mumbai,Technician,Clear,Normal day,0,7,0,0,98
2024-05-28,Bengaluru,Domestic Helper,Extreme heat,Normal day,1,5,0,1,114
2023-12-31,Bengaluru,Technician,Clear,Normal day,6,12,1,1,88
2024-12-09,Hyderabad,Plumber,Clear,Normal day,0,12,0,0,92
2024-01-27,Hyderabad,Carpenter,Clear,Normal day,5,1,1,1,118
2023-01-22,Mumbai,Painter,Clear,Holiday,6,1,1,0,88
2024-09-27,Delhi,Electrician,Rain,Normal day,4,9,0,1,119
2025-10-26,Bengaluru,Domestic Helper,Clear,Normal day,6,10,1,1,127
2025-09-07,Hyderabad,Electrician,Extreme heat,Normal day,6,9,1,0,128
2024-07-15,Bengaluru,Domestic Helper,Rain,Normal day,0,7,0,0,128
2025-08-22,Hyderabad,Painter,Clear,Normal day,4,8,0,0,77
2023-08-01,Bengaluru,Carpenter,Clear,Normal day,1,8,0,0,98
2023-11-10,Mumbai,Technician,Rain,Holiday,4,11,0,0,151
2023-09-02,Bengaluru,Painter,Rain,Holiday,5,9,1,0,124
2023-07-19,Delhi,Technician,Clear,Normal day,2,7,0,0,106
2023-02-04,Delhi,Technician,Clear,Normal day,5,2,1,0,95
2023-12-13,Delhi,Domestic Helper,Clear,Normal day,2,12,0,0,99
2025-05-02,Bengaluru,Electrician,Clear,Normal day,4,5,0,0,124
2023-10-30,Delhi,Electrician,Clear,Holiday,0,10,0,1,125
2024-02-11,Hyderabad,Plumber,Clear,Normal day,6,2,1,0,95
2023-01-07,Delhi,Carpenter,Clear,Holiday,5,1,1,0,99
2025-08-12,Bengaluru,Domestic Helper,Rain,Holiday,1,8,0,0,139
2023-07-05,Mumbai,Caregiver,Clear,Normal day,2,7,0,0,105
2023-02-11,Mumbai,Technician,Clear,Normal day,5,2,1,0,106
2025-07-31,Bengaluru,Caregiver,Rain,Normal day,3,7,0,1,133
2024-01-27,Mumbai,Carpenter,Clear,Normal day,5,1,1,1,107
2023-12-31,Delhi,Plumber,Clear,Normal day,6,12,1,1,118
2024-01-21,Delhi,Plumber,Clear,Normal day,6,1,1,0,124
2025-06-19,Delhi,Electrician,Rain,Normal day,3,6,0,0,132
2024-12-15,Hyderabad,Technician,Clear,Normal day,6,12,1,0,99
2023-03-17,Hyderabad,Plumber,Clear,Normal day,4,3,0,0,81
2025-06-07,Delhi,Caregiver,Rain,Normal day,5,6,1,0,129
2024-02-29,Delhi,Caregiver,Extreme heat,Normal day,3,2,0,1,90
2024-07-04,Bengaluru,Domestic Helper,Rain,Normal day,3,7,0,0,146
2025-08-15,Delhi,Electrician,Rain,Normal day,4,8,0,0,145
2024-01-17,Hyderabad,Plumber,Clear,Normal day,2,1,0,0,104
2025-02-12,Bengaluru,Carpenter,Clear,Normal day,2,2,0,0,96
2023-01-17,Mumbai,Painter,Clear,Normal day,1,1,0,0,77
2023-07-25,Mumbai,Carpenter,Clear,Normal day,1,7,0,0,95
2024-01-17,Bengaluru,Painter,Clear,Normal day,2,1,0,0,68
2025-06-09,Hyderabad,Painter,Rain,Normal day,0,6,0,0,117
2025-02-03,Delhi,Painter,Clear,Normal day,0,2,0,0,83
2024-04-24,Bengaluru,Painter,Clear,Normal day,2,4,0,0,75
2025-03-31,Bengaluru,Plumber,Clear,Normal day,0,3,0,1,99
2025-12-09,Mumbai,Domestic Helper,Clear,Holiday,1,12,0,0,134
2024-11-13,Bengaluru,Electrician,Clear,Normal day,2,11,0,0,107
2024-12-09,Hyderabad,Painter,Clear,Major event,0,12,0,0,85
2023-10-30,Mumbai,Plumber,Clear,Holiday,0,10,0,1,163
2024-04-28,Mumbai,Painter,Clear,Normal day,6,4,1,1,91
2025-02-05,Bengaluru,Painter,Clear,Holiday,2,2,0,0,99
2025-03-18,Mumbai,Painter,Clear,Normal day,1,3,0,0,64
2024-05-12,Bengaluru,Painter,Clear,Normal day,6,5,1,0,80
2023-10-01,Hyderabad,Technician,Clear,Normal day,6,10,1,0,115
2025-05-19,Hyderabad,Domestic Helper,Clear,Normal day,0,5,0,0,95
2023-02-25,Mumbai,Domestic Helper,Clear,Normal day,5,2,1,0,116
2025-01-11,Delhi,Domestic Helper,Clear,Normal day,5,1,1,0,137
2025-03-26,Bengaluru,Caregiver,Clear,Normal day,2,3,0,1,77
2023-04-01,Mumbai,Carpenter,Clear,Normal day,5,4,1,0,102
2024-01-04,Hyderabad,Plumber,Clear,Normal day,3,1,0,0,83
2025-09-11,Bengaluru,Carpenter,Extreme heat,Normal day,3,9,0,0,98
2023-12-01,Hyderabad,Caregiver,Clear,Holiday,4,12,0,0,78
2023-06-19,Delhi,Caregiver,Rain,Normal day,0,6,0,0,105
2025-04-08,Bengaluru,Plumber,Clear,Normal day,1,4,0,0,121
2025-02-25,Hyderabad,Electrician,Clear,Normal day,1,2,0,0,89
2025-04-02,Hyderabad,Technician,Clear,Normal day,2,4,0,0,81
2023-08-26,Hyderabad,Domestic Helper,Clear,Normal day,5,8,1,1,115
2024-11-17,Delhi,Electrician,Clear,Normal day,6,11,1,0,111
2025-12-24,Hyderabad,Technician,Clear,Holiday,2,12,0,0,89
2024-11-21,Delhi,Plumber,Clear,Normal day,3,11,0,0,104
2025-07-20,Hyderabad,Electrician,Rain,Major event,6,7,1,0,178
2025-09-29,Hyderabad,Carpenter,Clear,Normal day,0,9,0,1,97
2025-01-26,Delhi,Painter,Clear,Normal day,6,1,1,1,107
2023-02-18,Delhi,Plumber,Clear,Normal day,5,2,1,0,117
2025-07-03,Delhi,Carpenter,Rain,Normal day,3,7,0,0,104
2025-01-01,Bengaluru,Domestic Helper,Clear,Normal day,2,1,0,0,91
2023-06-22,Bengaluru,Plumber,Rain,Normal day,3,6,0,0,146
2025-06-01,Delhi,Carpenter,Extreme heat,Normal day,6,6,1,0,132
2024-05-14,Hyderabad,Electrician,Clear,Normal day,1,5,0,0,91
2023-10-28,Bengaluru,Painter,Clear,Normal day,5,10,1,1,96
2024-11-22,Delhi,Painter,Clear,Holiday,4,11,0,0,113
2024-06-10,Bengaluru,Technician,Rain,Normal day,0,6,0,0,111
2024-01-28,Delhi,Carpenter,Clear,Normal day,6,1,1,1,115
2024-05-14,Bengaluru,Carpenter,Rain,Normal day,1,5,0,0,112
2025-06-13,Delhi,Caregiver,Rain,Normal day,4,6,0,0,96
2025-10-24,Bengaluru,Domestic Helper,Clear,Holiday,4,10,0,0,100
2024-08-06,Delhi,Electrician,Clear,Major event,1,8,0,0,127
2025-04-28,Mumbai,Carpenter,Clear,Normal day,0,4,0,1,95
2024-10-13,Bengaluru,Plumber,Clear,Normal day,6,10,1,0,125
2024-03-28,Bengaluru,Domestic Helper,Clear,Normal day,3,3,0,1,100
2025-08-01,Hyderabad,Caregiver,Rain,Normal day,4,8,0,0,88
2025-09-01,Bengaluru,Carpenter,Clear,Normal day,0,9,0,0,86
2025-06-29,Mumbai,Painter,Rain,Normal day,6,6,1,1,140
2025-12-26,Mumbai,Caregiver,Clear,Normal day,4,12,0,1,109
2023-06-10,Hyderabad,Domestic Helper,Extreme heat,Holiday,5,6,1,0,132
2025-12-20,Delhi,Carpenter,Clear,Normal day,5,12,1,0,114
2025-08-15,Bengaluru,Plumber,Rain,Holiday,4,8,0,0,157
2024-12-21,Hyderabad,Painter,Extreme heat,Major event,5,12,1,0,123
2024-08-04,Hyderabad,Plumber,Clear,Normal day,6,8,1,0,134
2025-02-14,Bengaluru,Electrician,Clear,Normal day,4,2,0,0,98
2023-08-15,Delhi,Plumber,Rain,Normal day,1,8,0,0,122
2025-04-01,Hyderabad,Carpenter,Extreme heat,Normal day,1,4,0,0,103
2024-07-25,Delhi,Technician,Clear,Holiday,3,7,0,0,108
2024-10-12,Hyderabad,Plumber,Rain,Normal day,5,10,1,0,183
2025-08-08,Delhi,Technician,Rain,Holiday,4,8,0,0,151
2023-12-30,Hyderabad,Carpenter,Clear,Normal day,5,12,1,1,100
2025-08-08,Mumbai,Caregiver,Rain,Normal day,4,8,0,0,137
2025-05-06,Hyderabad,Painter,Clear,Major event,1,5,0,0,97
2024-04-04,Mumbai,Domestic Helper,Extreme heat,Normal day,3,4,0,0,141
2025-04-17,Bengaluru,Carpenter,Extreme heat,Normal day,3,4,0,0,91
2025-08-24,Bengaluru,Carpenter,Clear,Normal day,6,8,1,0,109
2025-03-08,Mumbai,Technician,Rain,Normal day,5,3,1,0,135
2024-05-05,Mumbai,Painter,Extreme heat,Normal day,6,5,1,0,130
2024-10-22,Mumbai,Carpenter,Clear,Major event,1,10,0,0,143
2025-08-02,Hyderabad,Plumber,Rain,Normal day,5,8,1,0,166
2024-05-10,Mumbai,Painter,Clear,Normal day,4,5,0,0,101
2024-11-09,Mumbai,Plumber,Clear,Normal day,5,11,1,0,132
2023-01-15,Bengaluru,Caregiver,Clear,Normal day,6,1,1,0,79
2025-08-20,Hyderabad,Electrician,Rain,Normal day,2,8,0,0,117
2023-09-05,Bengaluru,Painter,Rain,Normal day,1,9,0,0,86
2024-08-22,Hyderabad,Technician,Rain,Normal day,3,8,0,0,102
2025-01-14,Hyderabad,Caregiver,Rain,Normal day,1,1,0,0,76
2025-06-20,Hyderabad,Technician,Clear,Normal day,4,6,0,0,100
2024-06-21,Bengaluru,Caregiver,Clear,Normal day,4,6,0,0,92
2024-11-26,Mumbai,Plumber,Clear,Normal day,1,11,0,1,126
2023-07-18,Delhi,Caregiver,Rain,Normal day,1,7,0,0,115
2025-10-03,Mumbai,Technician,Clear,Normal day,4,10,0,0,111
2025-06-29,Delhi,Technician,Rain,Normal day,6,6,1,1,160
2024-07-17,Bengaluru,Technician,Clear,Normal day,2,7,0,0,101
2023-02-23,Mumbai,Carpenter,Clear,Normal day,3,2,0,0,98
2024-09-20,Mumbai,Domestic Helper,Rain,Normal day,4,9,0,0,136
2025-06-19,Delhi,Plumber,Rain,Normal day,3,6,0,0,140
2023-10-28,Delhi,Technician,Clear,Normal day,5,10,1,1,112
2023-02-27,Mumbai,Domestic Helper,Clear,Normal day,0,2,0,1,99
2024-06-15,Delhi,Caregiver,Rain,Normal day,5,6,1,0,114
2025-11-24,Hyderabad,Painter,Clear,Holiday,0,11,0,0,86
2024-12-05,Mumbai,Domestic Helper,Rain,Normal day,3,12,0,0,126
2025-02-05,Hyderabad,Technician,Rain,Normal day,2,2,0,0,123
2025-12-11,Hyderabad,Plumber,Clear,Normal day,3,12,0,0,86
2023-05-13,Delhi,Plumber,Clear,Normal day,5,5,1,0,125
2024-07-23,Bengaluru,Caregiver,Clear,Normal day,1,7,0,0,85
2023-01-25,Mumbai,Caregiver,Clear,Normal day,2,1,0,0,82
2025-03-27,Bengaluru,Carpenter,Clear,Normal day,3,3,0,1,98
2023-06-12,Bengaluru,Painter,Rain,Normal day,0,6,0,0,90
2024-06-08,Mumbai,Caregiver,Rain,Normal day,5,6,1,0,131
2024-04-12,Hyderabad,Plumber,Clear,Normal day,4,4,0,0,98
2024-07-22,Bengaluru,Caregiver,Clear,Normal day,0,7,0,0,83
2023-05-11,Mumbai,Domestic Helper,Clear,Normal day,3,5,0,0,108
2024-05-14,Hyderabad,Painter,Clear,Normal day,1,5,0,0,69
2023-04-15,Delhi,Technician,Extreme heat,Normal day,5,4,1,0,133
2023-08-27,Hyderabad,Electrician,Rain,Holiday,6,8,1,1,155
2024-03-16,Hyderabad,Carpenter,Clear,Normal day,5,3,1,0,100
2023-08-17,Hyderabad,Technician,Rain,Normal day,3,8,0,0,107
2025-07-23,Bengaluru,Carpenter,Rain,Normal day,2,7,0,0,117
2025-10-05,Mumbai,Carpenter,Clear,Normal day,6,10,1,0,106
2024-09-05,Delhi,Technician,Rain,Normal day,3,9,0,0,117
2025-10-27,Delhi,Caregiver,Clear,Normal day,0,10,0,1,88
2024-01-09,Hyderabad,Electrician,Clear,Normal day,1,1,0,0,94
2025-08-21,Hyderabad,Plumber,Clear,Normal day,3,8,0,0,114
2024-09-15,Bengaluru,Technician,Clear,Normal day,6,9,1,0,87
2024-01-10,Mumbai,Technician,Clear,Normal day,2,1,0,0,75
2024-09-21,Delhi,Carpenter,Rain,Normal day,5,9,1,0,126
2024-09-06,Mumbai,Domestic Helper,Rain,Normal day,4,9,0,0,137
2024-01-29,Hyderabad,Technician,Clear,Holiday,0,1,0,1,89
2023-11-18,Delhi,Domestic Helper,Extreme heat,Normal day,5,11,1,0,161
2025-05-03,Delhi,Plumber,Extreme heat,Normal day,5,5,1,0,146
2024-09-13,Delhi,Plumber,Clear,Normal day,4,9,0,0,127
2024-10-07,Hyderabad,Carpenter,Clear,Normal day,0,10,0,0,72
2025-05-04,Bengaluru,Technician,Extreme heat,Holiday,6,5,1,0,123
2025-04-17,Delhi,Caregiver,Extreme heat,Normal day,3,4,0,0,110
2024-07-15,Bengaluru,Technician,Rain,Normal day,0,7,0,0,121
2024-06-08,Delhi,Technician,Clear,Normal day,5,6,1,0,114
2025-02-22,Delhi,Domestic Helper,Clear,Normal day,5,2,1,0,110
2024-03-16,Hyderabad,Technician,Clear,Holiday,5,3,1,0,102
2023-11-25,Delhi,Caregiver,Clear,Normal day,5,11,1,0,122
2025-08-20,Bengaluru,Technician,Rain,Normal day,2,8,0,0,106
2025-09-24,Mumbai,Carpenter,Extreme heat,Normal day,2,9,0,0,124
2023-05-02,Bengaluru,Electrician,Extreme heat,Normal day,1,5,0,0,98
2025-01-26,Hyderabad,Carpenter,Clear,Holiday,6,1,1,1,112
2023-06-01,Delhi,Technician,Rain,Normal day,3,6,0,0,109
2023-11-05,Delhi,Domestic Helper,Clear,Holiday,6,11,1,0,145
2024-05-17,Delhi,Domestic Helper,Clear,Normal day,4,5,0,0,118
2025-12-23,Delhi,Caregiver,Clear,Normal day,1,12,0,0,97
2023-05-20,Delhi,Technician,Clear,Normal day,5,5,1,0,122
2024-03-15,Mumbai,Carpenter,Clear,Normal day,4,3,0,0,95
2024-11-13,Mumbai,Caregiver,Extreme heat,Normal day,2,11,0,0,101
2023-02-17,Mumbai,Electrician,Clear,Normal day,4,2,0,0,106
2025-09-23,Bengaluru,Technician,Rain,Normal day,1,9,0,0,89
2025-11-15,Delhi,Electrician,Clear,Normal day,5,11,1,0,120
2025-10-29,Delhi,Technician,Clear,Normal day,2,10,0,1,114
2024-11-14,Bengaluru,Caregiver,Clear,Holiday,3,11,0,0,72
2023-08-19,Mumbai,Technician,Rain,Normal day,5,8,1,0,146
2025-08-17,Mumbai,Technician,Clear,Normal day,6,8,1,0,127
2024-07-21,Hyderabad,Painter,Rain,Normal day,6,7,1,0,97
2023-11-08,Delhi,Electrician,Clear,Normal day,2,11,0,0,119
2025-07-18,Hyderabad,Electrician,Clear,Normal day,4,7,0,0,117
2025-03-09,Bengaluru,Electrician,Clear,Normal day,6,3,1,0,100
2024-06-14,Mumbai,Domestic Helper,Rain,Normal day,4,6,0,0,133
2025-07-26,Mumbai,Technician,Rain,Normal day,5,7,1,1,150
2023-11-09,Mumbai,Technician,Clear,Normal day,3,11,0,0,119
2023-07-26,Bengaluru,Domestic Helper,Rain,Normal day,2,7,0,1,136
2023-09-18,Delhi,Electrician,Clear,Normal day,0,9,0,0,90
2024-04-16,Mumbai,Plumber,Clear,Normal day,1,4,0,0,103
2024-07-09,Mumbai,Plumber,Rain,Major event,1,7,0,0,204
2025-06-19,Bengaluru,Technician,Rain,Major event,3,6,0,0,160
2024-03-03,Hyderabad,Electrician,Clear,Normal day,6,3,1,0,96
2024-02-26,Hyderabad,Domestic Helper,Clear,Holiday,0,2,0,1,101
2023-12-25,Bengaluru,Plumber,Clear,Holiday,0,12,0,0,100
2025-09-28,Delhi,Caregiver,Extreme heat,Normal day,6,9,1,1,109
2024-03-06,Bengaluru,Technician,Clear,Normal day,2,3,0,0,114
2025-11-07,Bengaluru,Painter,Clear,Normal day,4,11,0,0,75
2025-05-10,Hyderabad,Technician,Clear,Normal day,5,5,1,0,93
2024-09-26,Bengaluru,Painter,Rain,Normal day,3,9,0,1,107
2024-04-14,Bengaluru,Caregiver,Extreme heat,Normal day,6,4,1,0,99
2025-08-23,Bengaluru,Carpenter,Rain,Normal day,5,8,1,0,127
2023-04-03,Mumbai,Technician,Clear,Normal day,0,4,0,0,85
2023-09-20,Mumbai,Plumber,Rain,Normal day,2,9,0,0,126
2023-05-06,Mumbai,Technician,Extreme heat,Normal day,5,5,1,0,157
2025-04-29,Mumbai,Painter,Clear,Normal day,1,4,0,1,79
2023-11-07,Mumbai,Carpenter,Rain,Holiday,1,11,0,0,127
2023-11-29,Bengaluru,Painter,Clear,Normal day,2,11,0,1,98
2025-02-03,Delhi,Domestic Helper,Clear,Normal day,0,2,0,0,70
2024-11-10,Bengaluru,Painter,Clear,Normal day,6,11,1,0,93
2025-04-14,Bengaluru,Domestic Helper,Clear,Normal day,0,4,0,0,90
2025-12-11,Mumbai,Plumber,Clear,Normal day,3,12,0,0,120
2024-04-01,Bengaluru,Painter,Extreme heat,Normal day,0,4,0,0,72
2025-09-01,Hyderabad,Painter,Rain,Normal day,0,9,0,0,93
2023-10-03,Bengaluru,Carpenter,Clear,Normal day,1,10,0,0,83
2024-06-10,Mumbai,Carpenter,Rain,Normal day,0,6,0,0,118
2023-07-17,Hyderabad,Painter,Rain,Normal day,0,7,0,0,80
2024-02-06,Mumbai,Plumber,Clear,Normal day,1,2,0,0,95
2023-10-20,Mumbai,Caregiver,Clear,Holiday,4,10,0,0,92
2025-04-07,Delhi,Domestic Helper,Clear,Normal day,0,4,0,0,96
2024-01-14,Delhi,Carpenter,Clear,Normal day,6,1,1,0,96
2025-11-30,Delhi,Technician,Rain,Normal day,6,11,1,1,150
2025-02-06,Mumbai,Domestic Helper,Clear,Normal day,3,2,0,0,112
2025-02-27,Bengaluru,Technician,Clear,Normal day,3,2,0,1,82
2023-10-20,Bengaluru,Technician,Clear,Holiday,4,10,0,0,89
2024-10-22,Bengaluru,Domestic Helper,Clear,Normal day,1,10,0,0,111
2024-01-20,Hyderabad,Painter,Extreme heat,Normal day,5,1,1,0,83
2024-06-22,Hyderabad,Electrician,Rain,Normal day,5,6,1,0,123
2025-11-19,Delhi,Carpenter,Extreme heat,Holiday,2,11,0,0,133
2024-11-29,Hyderabad,Technician,Clear,Normal day,4,11,0,1,93
2024-12-02,Delhi,Electrician,Clear,Normal day,0,12,0,0,93
2023-02-22,Mumbai,Electrician,Clear,Normal day,2,2,0,0,99
2023-08-16,Bengaluru,Domestic Helper,Rain,Holiday,2,8,0,0,136
2024-12-12,Delhi,Painter,Clear,Normal day,3,12,0,0,91
2023-06-19,Mumbai,Painter,Rain,Normal day,0,6,0,0,108
2025-11-12,Mumbai,Plumber,Clear,Normal day,2,11,0,0,136
2023-02-04,Mumbai,Caregiver,Clear,Normal day,5,2,1,0,98
2023-11-07,Bengaluru,Technician,Clear,Normal day,1,11,0,0,114
2025-12-23,Mumbai,Carpenter,Clear,Normal day,1,12,0,0,89
2024-04-08,Mumbai,Domestic Helper,Extreme heat,Normal day,0,4,0,0,93
2024-02-19,Delhi,Electrician,Extreme heat,Normal day,0,2,0,0,122
2024-08-30,Hyderabad,Domestic Helper,Extreme heat,Normal day,4,8,0,1,120
2025-08-16,Delhi,Plumber,Rain,Normal day,5,8,1,0,155
2023-06-03,Delhi,Caregiver,Rain,Normal day,5,6,1,0,132
2023-05-17,Bengaluru,Technician,Clear,Normal day,2,5,0,0,85
2023-11-25,Mumbai,Painter,Clear,Normal day,5,11,1,0,99
2025-03-11,Mumbai,Plumber,Clear,Holiday,1,3,0,0,122
2024-07-19,Mumbai,Painter,Clear,Normal day,4,7,0,0,95
2023-11-07,Mumbai,Painter,Clear,Normal day,1,11,0,0,86
2024-11-01,Bengaluru,Caregiver,Clear,Normal day,4,11,0,0,102
2023-07-30,Hyderabad,Plumber,Rain,Normal day,6,7,1,1,129
2023-09-13,Hyderabad,Plumber,Clear,Normal day,2,9,0,0,100
2024-11-30,Delhi,Electrician,Clear,Normal day,5,11,1,1,126
2023-08-20,Hyderabad,Painter,Rain,Normal day,6,8,1,0,108
2025-09-24,Delhi,Plumber,Rain,Holiday,2,9,0,0,198
2025-01-12,Mumbai,Technician,Clear,Normal day,6,1,1,0,119
2025-06-04,Hyderabad,Electrician,Rain,Normal day,2,6,0,0,114
2024-07-27,Delhi,Carpenter,Rain,Normal day,5,7,1,1,150
2024-05-29,Delhi,Electrician,Clear,Normal day,2,5,0,1,123
2025-09-21,Mumbai,Domestic Helper,Rain,Normal day,6,9,1,0,142
2024-06-28,Bengaluru,Technician,Rain,Normal day,4,6,0,1,139
2025-02-08,Hyderabad,Electrician,Clear,Normal day,5,2,1,0,108
2023-07-21,Bengaluru,Electrician,Extreme heat,Normal day,4,7,0,0,131
2025-05-13,Hyderabad,Caregiver,Extreme heat,Normal day,1,5,0,0,90
2025-06-20,Hyderabad,Domestic Helper,Rain,Major event,4,6,0,0,190
2025-03-27,Hyderabad,Caregiver,Rain,Normal day,3,3,0,1,119
2024-01-06,Bengaluru,Caregiver,Rain,Holiday,5,1,1,0,115
2025-04-24,Bengaluru,Caregiver,Clear,Normal day,3,4,0,0,74
2025-01-04,Delhi,Carpenter,Extreme heat,Normal day,5,1,1,0,121
2025-07-02,Bengaluru,Carpenter,Rain,Normal day,2,7,0,0,116
2024-06-22,Mumbai,Plumber,Rain,Normal day,5,6,1,0,134
2024-10-21,Hyderabad,Technician,Clear,Normal day,0,10,0,0,78
2025-10-20,Bengaluru,Carpenter,Clear,Normal day,0,10,0,0,67
2024-04-11,Delhi,Technician,Clear,Normal day,3,4,0,0,78
2023-07-05,Hyderabad,Carpenter,Rain,Normal day,2,7,0,0,118
2025-02-22,Mumbai,Carpenter,Rain,Normal day,5,2,1,0,133
2024-11-21,Hyderabad,Carpenter,Clear,Normal day,3,11,0,0,89
2024-10-23,Bengaluru,Electrician,Clear,Normal day,2,10,0,0,112
2025-11-02,Delhi,Technician,Clear,Holiday,6,11,1,0,114
2023-06-05,Mumbai,Electrician,Clear,Normal day,0,6,0,0,125
2025-04-08,Delhi,Plumber,Extreme heat,Normal day,1,4,0,0,125
2025-03-23,Mumbai,Painter,Clear,Normal day,6,3,1,0,82
2024-08-24,Bengaluru,Carpenter,Extreme heat,Normal day,5,8,1,0,103
2023-03-25,Mumbai,Domestic Helper,Clear,Normal day,5,3,1,0,106
2023-02-23,Hyderabad,Plumber,Clear,Normal day,3,2,0,0,89
2024-05-17,Mumbai,Painter,Extreme heat,Normal day,4,5,0,0,96
2023-01-26,Delhi,Plumber,Extreme heat,Normal day,3,1,0,1,122
2025-09-16,Hyderabad,Painter,Rain,Normal day,1,9,0,0,82
2024-01-29,Hyderabad,Plumber,Clear,Normal day,0,1,0,1,105
2025-03-03,Delhi,Caregiver,Clear,Normal day,0,3,0,0,79
2024-06-23,Hyderabad,Carpenter,Clear,Normal day,6,6,1,0,94
2024-04-25,Delhi,Domestic Helper,Clear,Normal day,3,4,0,0,116
2023-10-03,Delhi,Technician,Clear,Normal day,1,10,0,0,94
2023-09-21,Bengaluru,Technician,Extreme heat,Normal day,3,9,0,0,101
2024-10-04,Bengaluru,Technician,Clear,Normal day,4,10,0,0,93
2024-12-14,Mumbai,Painter,Clear,Normal day,5,12,1,0,101
2025-07-31,Hyderabad,Painter,Rain,Holiday,3,7,0,1,113
2023-12-17,Bengaluru,Domestic Helper,Clear,Normal day,6,12,1,0,107
2024-12-12,Hyderabad,Technician,Clear,Holiday,3,12,0,0,88
2024-12-26,Bengaluru,Caregiver,Clear,Normal day,3,12,0,1,99
2023-02-26,Hyderabad,Painter,Clear,Normal day,6,2,1,1,75
2025-03-22,Mumbai,Caregiver,Clear,Normal day,5,3,1,0,76
2024-09-15,Delhi,Plumber,Rain,Normal day,6,9,1,0,160
2025-04-13,Mumbai,Technician,Clear,Normal day,6,4,1,0,115
2024-10-06,Bengaluru,Domestic Helper,Clear,Normal day,6,10,1,0,104
2023-09-03,Bengaluru,Domestic Helper,Clear,Normal day,6,9,1,0,110
2023-11-27,Mumbai,Plumber,Extreme heat,Normal day,0,11,0,1,128
2024-01-03,Mumbai,Electrician,Clear,Normal day,2,1,0,0,92
2023-09-02,Delhi,Electrician,Clear,Normal day,5,9,1,0,108
2025-03-04,Hyderabad,Painter,Clear,Normal day,1,3,0,0,66
2024-12-04,Mumbai,Electrician,Clear,Holiday,2,12,0,0,120
2025-05-31,Delhi,Painter,Clear,Normal day,5,5,1,1,104
2024-02-15,Mumbai,Carpenter,Extreme heat,Normal day,3,2,0,0,102
2024-11-26,Hyderabad,Technician,Clear,Normal day,1,11,0,1,84
2023-05-05,Bengaluru,Caregiver,Clear,Normal day,4,5,0,0,85
2025-12-19,Bengaluru,Electrician,Clear,Normal day,4,12,0,0,97
2025-02-06,Bengaluru,Plumber,Clear,Normal day,3,2,0,0,92
2024-01-08,Mumbai,Carpenter,Clear,Normal day,0,1,0,0,100
2023-11-13,Delhi,Domestic Helper,Clear,Normal day,0,11,0,0,97
2023-12-30,Mumbai,Technician,Clear,Major event,5,12,1,1,141
2023-03-21,Bengaluru,Technician,Rain,Normal day,1,3,0,0,100
2023-08-09,Delhi,Caregiver,Clear,Normal day,2,8,0,0,82
2023-07-24,Hyderabad,Plumber,Rain,Normal day,0,7,0,0,130
2024-11-21,Hyderabad,Caregiver,Clear,Normal day,3,11,0,0,88
2025-07-06,Bengaluru,Caregiver,Rain,Normal day,6,7,1,0,106
2025-01-18,Mumbai,Plumber,Extreme heat,Normal day,5,1,1,0,144
2025-04-07,Bengaluru,Carpenter,Clear,Normal day,0,4,0,0,75
2025-09-10,Bengaluru,Technician,Rain,Normal day,2,9,0,0,108
2024-10-18,Hyderabad,Technician,Clear,Normal day,4,10,0,0,85
2024-10-18,Mumbai,Painter,Clear,Normal day,4,10,0,0,84
2025-05-23,Hyderabad,Painter,Clear,Normal day,4,5,0,0,80
2025-10-03,Bengaluru,Carpenter,Clear,Normal day,4,10,0,0,94
2024-09-18,Hyderabad,Technician,Rain,Normal day,2,9,0,0,82
2023-04-23,Bengaluru,Plumber,Extreme heat,Normal day,6,4,1,0,116
2023-12-22,Delhi,Caregiver,Clear,Major event,4,12,0,0,137
2024-09-12,Hyderabad,Plumber,Clear,Normal day,3,9,0,0,80
2025-06-07,Mumbai,Domestic Helper,Clear,Normal day,5,6,1,0,130
2024-03-15,Bengaluru,Painter,Rain,Normal day,4,3,0,0,109
2024-10-17,Bengaluru,Caregiver,Clear,Normal day,3,10,0,0,76
2023-02-01,Bengaluru,Painter,Clear,Normal day,2,2,0,0,79
2024-08-17,Bengaluru,Plumber,Rain,Normal day,5,8,1,0,127
2024-11-08,Mumbai,Painter,Clear,Normal day,4,11,0,0,97
2025-04-03,Bengaluru,Plumber,Clear,Normal day,3,4,0,0,97
2024-06-12,Hyderabad,Caregiver,Rain,Normal day,2,6,0,0,97
2024-09-26,Mumbai,Caregiver,Rain,Normal day,3,9,0,1,107
2023-01-21,Hyderabad,Technician,Clear,Normal day,5,1,1,0,91
2024-01-24,Hyderabad,Carpenter,Clear,Normal day,2,1,0,0,80
2025-03-20,Bengaluru,Caregiver,Clear,Normal day,3,3,0,0,92
2024-04-01,Bengaluru,Caregiver,Clear,Normal day,0,4,0,0,63
2025-09-27,Bengaluru,Plumber,Rain,Normal day,5,9,1,1,141
2024-06-09,Hyderabad,Carpenter,Rain,Normal day,6,6,1,0,117
2024-06-19,Bengaluru,Technician,Clear,Normal day,2,6,0,0,61
2024-02-18,Bengaluru,Domestic Helper,Clear,Normal day,6,2,1,0,94
2025-11-27,Bengaluru,Painter,Clear,Holiday,3,11,0,1,107
2023-03-19,Hyderabad,Plumber,Clear,Normal day,6,3,1,0,104
2023-05-19,Mumbai,Painter,Extreme heat,Normal day,4,5,0,0,90
2023-10-20,Hyderabad,Domestic Helper,Clear,Normal day,4,10,0,0,91
2025-10-28,Mumbai,Technician,Clear,Normal day,1,10,0,1,100
2023-01-30,Mumbai,Carpenter,Rain,Normal day,0,1,0,1,109
2023-12-26,Delhi,Painter,Clear,Normal day,1,12,0,1,89
2025-03-12,Hyderabad,Plumber,Rain,Normal day,2,3,0,0,105
2024-04-06,Mumbai,Caregiver,Clear,Normal day,5,4,1,0,101
2025-06-17,Bengaluru,Technician,Clear,Normal day,1,6,0,0,98
2025-12-18,Delhi,Domestic Helper,Clear,Normal day,3,12,0,0,87
2024-10-12,Bengaluru,Electrician,Clear,Normal day,5,10,1,0,126
2025-12-30,Bengaluru,Domestic Helper,Clear,Normal day,1,12,0,1,86
2024-10-20,Delhi,Electrician,Clear,Holiday,6,10,1,0,144
2024-04-23,Bengaluru,Painter,Clear,Holiday,1,4,0,0,99
2025-03-04,Bengaluru,Technician,Clear,Normal day,1,3,0,0,105
2023-06-01,Bengaluru,Caregiver,Rain,Normal day,3,6,0,0,119
2025-03-01,Delhi,Caregiver,Clear,Normal day,5,3,1,0,106
2024-05-01,Hyderabad,Domestic Helper,Clear,Normal day,2,5,0,0,96
2025-07-20,Hyderabad,Plumber,Rain,Normal day,6,7,1,0,145
2024-04-03,Mumbai,Carpenter,Extreme heat,Normal day,2,4,0,0,96
2025-03-06,Delhi,Plumber,Clear,Major event,3,3,0,0,126
2024-09-06,Mumbai,Electrician,Rain,Normal day,4,9,0,0,156
2024-04-09,Hyderabad,Plumber,Extreme heat,Normal day,1,4,0,0,121
2025-04-11,Hyderabad,Painter,Clear,Normal day,4,4,0,0,87
2025-03-06,Hyderabad,Carpenter,Clear,Normal day,3,3,0,0,57
2023-09-30,Mumbai,Plumber,Clear,Normal day,5,9,1,1,126
2024-02-03,Delhi,Painter,Clear,Normal day,5,2,1,0,78
2025-04-16,Delhi,Caregiver,Clear,Normal day,2,4,0,0,103
2025-08-21,Bengaluru,Domestic Helper,Rain,Normal day,3,8,0,0,125
2025-04-24,Bengaluru,Plumber,Clear,Normal day,3,4,0,0,103
2023-11-17,Hyderabad,Domestic Helper,Clear,Normal day,4,11,0,0,96
2023-02-18,Mumbai,Painter,Clear,Normal day,5,2,1,0,107
2023-11-16,Hyderabad,Domestic Helper,Clear,Holiday,3,11,0,0,113
2025-04-22,Delhi,Painter,Clear,Normal day,1,4,0,0,72
2025-09-23,Delhi,Domestic Helper,Rain,Normal day,1,9,0,0,148
2023-03-14,Bengaluru,Technician,Clear,Major event,1,3,0,0,113
2023-04-19,Delhi,Technician,Clear,Normal day,2,4,0,0,79
2024-12-31,Mumbai,Caregiver,Clear,Normal day,1,12,0,1,81
2023-05-16,Delhi,Domestic Helper,Extreme heat,Normal day,1,5,0,0,111
2025-07-03,Hyderabad,Carpenter,Rain,Normal day,3,7,0,0,93
2023-07-27,Mumbai,Plumber,Clear,Normal day,3,7,0,1,130
2025-04-19,Mumbai,Domestic Helper,Rain,Normal day,5,4,1,0,145
2024-07-29,Mumbai,Electrician,Rain,Normal day,0,7,0,1,167
2025-06-30,Bengaluru,Technician,Clear,Normal day,0,6,0,1,98
2025-08-26,Hyderabad,Painter,Clear,Major event,1,8,0,1,101
2025-01-12,Hyderabad,Domestic Helper,Clear,Normal day,6,1,1,0,112
2023-02-10,Hyderabad,Caregiver,Clear,Normal day,4,2,0,0,81
2023-06-24,Delhi,Electrician,Clear,Normal day,5,6,1,0,107
2025-03-17,Mumbai,Electrician,Extreme heat,Normal day,0,3,0,0,122
2024-02-08,Delhi,Carpenter,Clear,Normal day,3,2,0,0,77
2023-06-20,Delhi,Domestic Helper,Extreme heat,Normal day,1,6,0,0,111
2025-05-05,Mumbai,Carpenter,Extreme heat,Normal day,0,5,0,0,88
2024-07-27,Bengaluru,Painter,Clear,Normal day,5,7,1,1,88
2024-05-04,Delhi,Carpenter,Clear,Normal day,5,5,1,0,120
2023-03-24,Delhi,Caregiver,Extreme heat,Normal day,4,3,0,0,92
2023-06-14,Delhi,Domestic Helper,Clear,Normal day,2,6,0,0,106
2023-01-22,Bengaluru,Carpenter,Clear,Normal day,6,1,1,0,72
2025-02-17,Hyderabad,Electrician,Clear,Normal day,0,2,0,0,67
2025-02-07,Delhi,Carpenter,Clear,Normal day,4,2,0,0,89
2025-05-19,Hyderabad,Caregiver,Clear,Normal day,0,5,0,0,67
2024-06-19,Mumbai,Painter,Clear,Holiday,2,6,0,0,105
2025-07-10,Bengaluru,Technician,Rain,Normal day,3,7,0,0,145
2025-11-08,Bengaluru,Electrician,Clear,Normal day,5,11,1,0,115
2023-08-08,Mumbai,Electrician,Clear,Holiday,1,8,0,0,133
2024-04-30,Bengaluru,Technician,Clear,Normal day,1,4,0,1,107
2024-11-29,Bengaluru,Plumber,Clear,Normal day,4,11,0,1,102
2025-08-01,Delhi,Technician,Rain,Normal day,4,8,0,0,125
2023-04-26,Mumbai,Plumber,Extreme heat,Normal day,2,4,0,1,140
2024-01-16,Bengaluru,Caregiver,Extreme heat,Major event,1,1,0,0,85
2024-04-22,Mumbai,Electrician,Extreme heat,Normal day,0,4,0,0,123
2025-12-20,Mumbai,Painter,Clear,Normal day,5,12,1,0,75
2025-10-11,Mumbai,Painter,Clear,Normal day,5,10,1,0,101
2023-05-06,Hyderabad,Plumber,Clear,Holiday,5,5,1,0,102
2024-02-09,Delhi,Plumber,Rain,Normal day,4,2,0,0,135
2024-01-23,Bengaluru,Caregiver,Clear,Holiday,1,1,0,0,93
2024-10-20,Mumbai,Plumber,Clear,Normal day,6,10,1,0,152
2024-08-30,Hyderabad,Domestic Helper,Rain,Normal day,4,8,0,1,121
2024-05-28,Delhi,Caregiver,Clear,Major event,1,5,0,1,104
2024-05-30,Delhi,Technician,Clear,Holiday,3,5,0,1,147
2025-10-08,Delhi,Caregiver,Clear,Normal day,2,10,0,0,92
2025-05-30,Bengaluru,Caregiver,Extreme heat,Normal day,4,5,0,1,110
2023-01-25,Bengaluru,Carpenter,Clear,Normal day,2,1,0,0,71
2025-01-10,Bengaluru,Domestic Helper,Clear,Normal day,4,1,0,0,103
2025-07-12,Delhi,Caregiver,Rain,Normal day,5,7,1,0,122
2024-09-06,Hyderabad,Carpenter,Rain,Normal day,4,9,0,0,103
2024-04-12,Mumbai,Electrician,Extreme heat,Normal day,4,4,0,0,137
2025-08-03,Delhi,Technician,Rain,Normal day,6,8,1,0,137
2025-08-07,Hyderabad,Painter,Clear,Normal day,3,8,0,0,78
2025-02-28,Hyderabad,Electrician,Rain,Normal day,4,2,0,1,104
2025-02-20,Mumbai,Painter,Clear,Normal day,3,2,0,0,79
2023-12-20,Mumbai,Domestic Helper,Rain,Normal day,2,12,0,0,113
2023-02-03,Hyderabad,Painter,Clear,Normal day,4,2,0,0,80
2023-02-14,Hyderabad,Painter,Clear,Normal day,1,2,0,0,70
2024-07-22,Mumbai,Plumber,Rain,Normal day,0,7,0,0,137
2025-06-05,Hyderabad,Technician,Clear,Normal day,3,6,0,0,82
2023-05-03,Delhi,Electrician,Clear,Normal day,2,5,0,0,100
2025-09-03,Delhi,Plumber,Clear,Normal day,2,9,0,0,92
2024-03-19,Hyderabad,Painter,Clear,Normal day,1,3,0,0,74
2023-11-21,Delhi,Caregiver,Clear,Normal day,1,11,0,0,108
2023-09-07,Mumbai,Domestic Helper,Clear,Normal day,3,9,0,0,107
2023-09-20,Delhi,Domestic Helper,Extreme heat,Holiday,2,9,0,0,115
2025-07-04,Delhi,Painter,Clear,Normal day,4,7,0,0,102
2024-04-23,Delhi,Caregiver,Extreme heat,Normal day,1,4,0,0,112
2024-07-28,Delhi,Domestic Helper,Rain,Normal day,6,7,1,1,144
2023-09-18,Delhi,Technician,Rain,Normal day,0,9,0,0,113
2024-04-13,Mumbai,Technician,Extreme heat,Normal day,5,4,1,0,123
2025-08-20,Bengaluru,Carpenter,Rain,Holiday,2,8,0,0,146
2023-10-31,Delhi,Electrician,Clear,Normal day,1,10,0,1,99
2024-06-28,Bengaluru,Painter,Clear,Normal day,4,6,0,1,91
2024-07-19,Mumbai,Carpenter,Rain,Holiday,4,7,0,0,141
2024-05-20,Mumbai,Caregiver,Clear,Normal day,0,5,0,0,75
2025-09-15,Mumbai,Technician,Clear,Normal day,0,9,0,0,90
2024-10-05,Mumbai,Technician,Clear,Holiday,5,10,1,0,141
2023-09-04,Delhi,Caregiver,Clear,Normal day,0,9,0,0,83
2025-12-08,Delhi,Plumber,Clear,Normal day,0,12,0,0,100
2023-01-23,Delhi,Carpenter,Clear,Normal day,0,1,0,0,75
2023-03-01,Hyderabad,Electrician,Clear,Normal day,2,3,0,0,83
2023-10-30,Hyderabad,Caregiver,Clear,Holiday,0,10,0,1,112
2025-06-28,Delhi,Electrician,Rain,Normal day,5,6,1,1,138
2024-02-10,Hyderabad,Carpenter,Clear,Normal day,5,2,1,0,78
2023-02-04,Bengaluru,Electrician,Rain,Normal day,5,2,1,0,126
2025-01-25,Mumbai,Carpenter,Clear,Normal day,5,1,1,0,108
2023-02-22,Hyderabad,Caregiver,Clear,Normal day,2,2,0,0,77
2023-03-12,Delhi,Carpenter,Clear,Normal day,6,3,1,0,112
2025-11-13,Bengaluru,Caregiver,Clear,Holiday,3,11,0,0,89
2023-05-11,Bengaluru,Plumber,Clear,Normal day,3,5,0,0,86
2024-04-26,Bengaluru,Technician,Clear,Normal day,4,4,0,1,90
2023-06-16,Hyderabad,Carpenter,Rain,Normal day,4,6,0,0,97
2023-05-08,Hyderabad,Caregiver,Extreme heat,Normal day,0,5,0,0,64
2023-07-03,Mumbai,Painter,Clear,Normal day,0,7,0,0,96
2024-06-18,Mumbai,Plumber,Clear,Normal day,1,6,0,0,98
2023-02-19,Bengaluru,Caregiver,Clear,Normal day,6,2,1,0,86
2023-03-28,Bengaluru,Plumber,Clear,Normal day,1,3,0,1,91
2023-10-09,Delhi,Carpenter,Clear,Normal day,0,10,0,0,98
2025-03-21,Bengaluru,Domestic Helper,Clear,Normal day,4,3,0,0,90
2025-04-29,Bengaluru,Electrician,Clear,Major event,1,4,0,1,122
2024-04-15,Hyderabad,Electrician,Clear,Holiday,0,4,0,0,71
2025-01-23,Mumbai,Painter,Clear,Normal day,3,1,0,0,64
2024-07-30,Delhi,Domestic Helper,Clear,Normal day,1,7,0,1,122
2024-02-17,Delhi,Carpenter,Clear,Normal day,5,2,1,0,92
2025-03-15,Bengaluru,Caregiver,Clear,Major event,5,3,1,0,91
2025-11-14,Hyderabad,Plumber,Clear,Holiday,4,11,0,0,114
2023-08-07,Mumbai,Plumber,Rain,Normal day,0,8,0,0,130
2024-09-03,Mumbai,Domestic Helper,Rain,Normal day,1,9,0,0,129
2023-04-22,Mumbai,Domestic Helper,Extreme heat,Normal day,5,4,1,0,143
2024-03-20,Bengaluru,Carpenter,Clear,Normal day,2,3,0,0,80
2024-11-14,Mumbai,Painter,Rain,Normal day,3,11,0,0,107
2024-11-01,Hyderabad,Painter,Clear,Holiday,4,11,0,0,102
2025-10-03,Hyderabad,Domestic Helper,Clear,Normal day,4,10,0,0,103
2024-05-23,Bengaluru,Domestic Helper,Clear,Major event,3,5,0,0,112
2023-03-05,Bengaluru,Technician,Clear,Normal day,6,3,1,0,87
2023-01-01,Delhi,Painter,Clear,Normal day,6,1,1,0,74
2023-11-23,Bengaluru,Electrician,Clear,Normal day,3,11,0,0,100
2025-05-16,Delhi,Electrician,Clear,Normal day,4,5,0,0,94
2024-09-01,Bengaluru,Electrician,Clear,Normal day,6,9,1,0,103
2024-02-24,Bengaluru,Caregiver,Clear,Normal day,5,2,1,0,91
2023-03-04,Hyderabad,Plumber,Clear,Holiday,5,3,1,0,122
2024-04-25,Hyderabad,Technician,Extreme heat,Normal day,3,4,0,0,76
2024-07-13,Delhi,Electrician,Rain,Normal day,5,7,1,0,167
2023-11-10,Mumbai,Electrician,Clear,Normal day,4,11,0,0,117
2023-03-18,Hyderabad,Painter,Clear,Normal day,5,3,1,0,71
2023-01-28,Bengaluru,Caregiver,Clear,Normal day,5,1,1,1,86
2024-07-29,Delhi,Caregiver,Rain,Normal day,0,7,0,1,105
2023-02-19,Delhi,Technician,Clear,Normal day,6,2,1,0,82
2023-01-04,Bengaluru,Technician,Clear,Normal day,2,1,0,0,89
2025-09-27,Mumbai,Caregiver,Rain,Holiday,5,9,1,1,155
2025-01-15,Bengaluru,Domestic Helper,Clear,Normal day,2,1,0,0,99
2023-12-02,Delhi,Caregiver,Rain,Normal day,5,12,1,0,129
2023-10-26,Delhi,Caregiver,Clear,Normal day,3,10,0,1,109
2025-04-02,Delhi,Painter,Extreme heat,Normal day,2,4,0,0,108
2023-10-30,Hyderabad,Caregiver,Clear,Normal day,0,10,0,1,88
2025-06-03,Bengaluru,Domestic Helper,Clear,Normal day,1,6,0,0,94
2025-01-04,Hyderabad,Painter,Clear,Normal day,5,1,1,0,81
2023-12-03,Bengaluru,Carpenter,Clear,Normal day,6,12,1,0,81
2023-10-25,Delhi,Domestic Helper,Clear,Normal day,2,10,0,0,101
2023-10-13,Mumbai,Technician,Clear,Holiday,4,10,0,0,120
2025-05-08,Bengaluru,Domestic Helper,Clear,Normal day,3,5,0,0,68
2023-01-09,Delhi,Domestic Helper,Clear,Holiday,0,1,0,0,114
2024-04-09,Delhi,Painter,Clear,Normal day,1,4,0,0,77
2025-02-03,Hyderabad,Domestic Helper,Clear,Normal day,0,2,0,0,80
2024-12-20,Hyderabad,Caregiver,Clear,Holiday,4,12,0,0,85
2025-07-18,Mumbai,Technician,Rain,Normal day,4,7,0,0,146
2023-01-02,Bengaluru,Painter,Clear,Holiday,0,1,0,0,67
2024-09-19,Mumbai,Technician,Clear,Normal day,3,9,0,0,97
2023-07-17,Mumbai,Electrician,Clear,Normal day,0,7,0,0,107
2024-02-29,Mumbai,Technician,Clear,Holiday,3,2,0,1,128
2024-06-03,Hyderabad,Electrician,Clear,Normal day,0,6,0,0,91
2025-04-05,Bengaluru,Caregiver,Rain,Normal day,5,4,1,0,119
2025-02-06,Mumbai,Carpenter,Clear,Normal day,3,2,0,0,83
2025-09-06,Bengaluru,Caregiver,Rain,Major event,5,9,1,0,147
2024-10-16,Delhi,Electrician,Clear,Normal day,2,10,0,0,118
2025-02-24,Bengaluru,Painter,Clear,Normal day,0,2,0,0,74
2024-12-19,Hyderabad,Electrician,Clear,Normal day,3,12,0,0,103
2023-06-27,Hyderabad,Carpenter,Rain,Holiday,1,6,0,1,120
2023-07-12,Hyderabad,Painter,Rain,Normal day,2,7,0,0,91
2025-08-19,Bengaluru,Carpenter,Clear,Normal day,1,8,0,0,104
2025-07-13,Mumbai,Domestic Helper,Clear,Major event,6,7,1,0,159
2023-09-20,Bengaluru,Domestic Helper,Clear,Normal day,2,9,0,0,92
2025-08-06,Delhi,Caregiver,Rain,Normal day,2,8,0,0,107
2023-04-10,Delhi,Domestic Helper,Clear,Normal day,0,4,0,0,86
2023-12-23,Hyderabad,Carpenter,Rain,Major event,5,12,1,0,157
2024-11-09,Hyderabad,Electrician,Clear,Normal day,5,11,1,0,104
2023-06-07,Mumbai,Painter,Rain,Major event,2,6,0,0,139
2023-12-28,Hyderabad,Electrician,Clear,Normal day,3,12,0,1,71
2025-10-07,Mumbai,Caregiver,Clear,Normal day,1,10,0,0,78
2023-08-26,Bengaluru,Plumber,Clear,Normal day,5,8,1,1,126
2023-02-18,Hyderabad,Painter,Clear,Normal day,5,2,1,0,66
2023-02-12,Delhi,Caregiver,Clear,Normal day,6,2,1,0,80
2023-03-10,Delhi,Painter,Clear,Normal day,4,3,0,0,87
2023-05-14,Bengaluru,Carpenter,Extreme heat,Normal day,6,5,1,0,106
2025-08-30,Hyderabad,Domestic Helper,Rain,Normal day,5,8,1,1,155
2023-10-09,Bengaluru,Electrician,Clear,Normal day,0,10,0,0,93
2024-02-07,Hyderabad,Caregiver,Extreme heat,Normal day,2,2,0,0,78
2024-06-22,Hyderabad,Electrician,Extreme heat,Normal day,5,6,1,0,133
2025-04-26,Bengaluru,Domestic Helper,Clear,Normal day,5,4,1,1,118
2024-09-07,Mumbai,Caregiver,Rain,Major event,5,9,1,0,171
2023-05-03,Bengaluru,Electrician,Clear,Normal day,2,5,0,0,87
2025-12-22,Bengaluru,Carpenter,Rain,Holiday,0,12,0,0,124
2024-05-14,Hyderabad,Technician,Clear,Normal day,1,5,0,0,65
2025-09-06,Hyderabad,Plumber,Clear,Normal day,5,9,1,0,102
2023-05-26,Mumbai,Caregiver,Clear,Normal day,4,5,0,1,86
2023-05-20,Hyderabad,Domestic Helper,Extreme heat,Holiday,5,5,1,0,126
2023-12-04,Mumbai,Caregiver,Clear,Normal day,0,12,0,0,89
2025-01-10,Mumbai,Technician,Clear,Holiday,4,1,0,0,119
2025-06-03,Bengaluru,Technician,Clear,Normal day,1,6,0,0,83
2024-01-30,Delhi,Painter,Clear,Normal day,1,1,0,1,86
2024-04-05,Mumbai,Painter,Extreme heat,Normal day,4,4,0,0,105
2025-04-12,Mumbai,Plumber,Rain,Normal day,5,4,1,0,166
2023-06-03,Hyderabad,Domestic Helper,Clear,Holiday,5,6,1,0,125
2023-06-23,Mumbai,Technician,Rain,Normal day,4,6,0,0,125
2025-03-16,Delhi,Painter,Clear,Normal day,6,3,1,0,99
2024-11-30,Delhi,Technician,Clear,Normal day,5,11,1,1,106
2024-09-23,Hyderabad,Domestic Helper,Rain,Normal day,0,9,0,0,96
2023-10-09,Hyderabad,Carpenter,Clear,Normal day,0,10,0,0,77
2024-12-02,Bengaluru,Carpenter,Clear,Normal day,0,12,0,0,79
2024-08-14,Mumbai,Carpenter,Rain,Normal day,2,8,0,0,126
2024-05-05,Mumbai,Carpenter,Extreme heat,Normal day,6,5,1,0,111
2024-11-17,Hyderabad,Carpenter,Clear,Normal day,6,11,1,0,81
2024-01-21,Mumbai,Technician,Clear,Normal day,6,1,1,0,126
2025-01-10,Delhi,Plumber,Clear,Normal day,4,1,0,0,121
2023-12-22,Bengaluru,Caregiver,Clear,Normal day,4,12,0,0,97
2024-05-20,Mumbai,Domestic Helper,Extreme heat,Normal day,0,5,0,0,138
2024-01-10,Hyderabad,Carpenter,Clear,Normal day,2,1,0,0,57
2024-07-08,Hyderabad,Domestic Helper,Clear,Normal day,0,7,0,0,86
2023-05-28,Delhi,Electrician,Extreme heat,Normal day,6,5,1,1,166
2025-03-16,Bengaluru,Electrician,Clear,Normal day,6,3,1,0,95
2025-10-10,Hyderabad,Domestic Helper,Clear,Normal day,4,10,0,0,121
2025-05-11,Mumbai,Carpenter,Clear,Normal day,6,5,1,0,97
2025-09-29,Bengaluru,Painter,Clear,Normal day,0,9,0,1,88
2023-10-14,Mumbai,Electrician,Clear,Normal day,5,10,1,0,118
2023-04-22,Bengaluru,Technician,Clear,Holiday,5,4,1,0,119
2024-07-03,Mumbai,Technician,Clear,Normal day,2,7,0,0,123
2025-05-16,Mumbai,Electrician,Extreme heat,Normal day,4,5,0,0,123
2023-01-21,Bengaluru,Carpenter,Extreme heat,Normal day,5,1,1,0,122
2024-08-05,Hyderabad,Plumber,Clear,Normal day,0,8,0,0,101
2024-06-30,Delhi,Technician,Clear,Major event,6,6,1,1,129
2024-10-10,Mumbai,Plumber,Clear,Normal day,3,10,0,0,122
2024-02-21,Bengaluru,Plumber,Clear,Normal day,2,2,0,0,73
2024-07-06,Hyderabad,Electrician,Clear,Normal day,5,7,1,0,118
2024-03-28,Mumbai,Painter,Clear,Normal day,3,3,0,1,104
2024-03-27,Delhi,Electrician,Clear,Normal day,2,3,0,1,104
2025-06-10,Hyderabad,Painter,Clear,Holiday,1,6,0,0,69
2023-06-17,Hyderabad,Caregiver,Clear,Normal day,5,6,1,0,99
2025-02-26,Hyderabad,Electrician,Clear,Normal day,2,2,0,1,92
2025-10-03,Hyderabad,Technician,Rain,Normal day,4,10,0,0,106
2023-02-12,Hyderabad,Domestic Helper,Clear,Normal day,6,2,1,0,84
2024-02-25,Delhi,Plumber,Clear,Normal day,6,2,1,0,106
2025-02-12,Mumbai,Technician,Clear,Normal day,2,2,0,0,93
2024-12-24,Hyderabad,Carpenter,Clear,Normal day,1,12,0,0,83
2024-04-17,Hyderabad,Domestic Helper,Extreme heat,Normal day,2,4,0,0,105
2024-05-14,Bengaluru,Painter,Extreme heat,Major event,1,5,0,0,119
2024-12-07,Delhi,Painter,Clear,Normal day,5,12,1,0,73
2025-07-01,Hyderabad,Electrician,Clear,Normal day,1,7,0,0,105
2024-07-05,Delhi,Carpenter,Rain,Normal day,4,7,0,0,131
2025-11-25,Mumbai,Technician,Clear,Normal day,1,11,0,0,88
2023-04-09,Mumbai,Electrician,Extreme heat,Normal day,6,4,1,0,138
2023-04-13,Delhi,Electrician,Clear,Normal day,3,4,0,0,103
2023-11-02,Delhi,Plumber,Rain,Normal day,3,11,0,0,114
2024-01-16,Mumbai,Painter,Clear,Normal day,1,1,0,0,91
2024-04-19,Bengaluru,Domestic Helper,Clear,Normal day,4,4,0,0,109
2023-12-27,Delhi,Domestic Helper,Clear,Normal day,2,12,0,1,99
2023-12-10,Mumbai,Electrician,Clear,Holiday,6,12,1,0,138
2023-06-07,Bengaluru,Technician,Clear,Normal day,2,6,0,0,110
2024-01-02,Bengaluru,Technician,Clear,Normal day,1,1,0,0,77
2024-01-02,Mumbai,Domestic Helper,Rain,Normal day,1,1,0,0,119
2023-01-18,Delhi,Technician,Clear,Normal day,2,1,0,0,91
2023-02-12,Bengaluru,Painter,Clear,Holiday,6,2,1,0,85
2023-11-16,Mumbai,Plumber,Rain,Normal day,3,11,0,0,157
2024-07-25,Hyderabad,Plumber,Rain,Normal day,3,7,0,0,131
2024-05-23,Mumbai,Caregiver,Extreme heat,Holiday,3,5,0,0,108
2025-02-11,Mumbai,Electrician,Clear,Normal day,1,2,0,0,114
2025-09-30,Hyderabad,Domestic Helper,Rain,Normal day,1,9,0,1,102
2025-12-11,Hyderabad,Caregiver,Rain,Normal day,3,12,0,0,88
2025-04-09,Delhi,Domestic Helper,Extreme heat,Normal day,2,4,0,0,116
2025-10-20,Mumbai,Technician,Clear,Holiday,0,10,0,0,120
2025-01-22,Delhi,Electrician,Clear,Normal day,2,1,0,0,112
2025-02-08,Delhi,Carpenter,Clear,Normal day,5,2,1,0,84
2023-02-02,Mumbai,Painter,Clear,Normal day,3,2,0,0,86
2025-07-10,Mumbai,Caregiver,Rain,Normal day,3,7,0,0,117
2023-10-19,Bengaluru,Plumber,Rain,Normal day,3,10,0,0,128
2025-03-28,Hyderabad,Caregiver,Clear,Normal day,4,3,0,1,73
2025-08-06,Mumbai,Painter,Extreme heat,Normal day,2,8,0,0,100
2023-10-26,Bengaluru,Carpenter,Clear,Normal day,3,10,0,1,110
2025-03-02,Hyderabad,Electrician,Clear,Normal day,6,3,1,0,92
2025-11-15,Hyderabad,Electrician,Rain,Normal day,5,11,1,0,162
2025-09-08,Bengaluru,Carpenter,Clear,Normal day,0,9,0,0,78
2025-11-03,Mumbai,Electrician,Extreme heat,Holiday,0,11,0,0,138
2024-07-06,Bengaluru,Electrician,Rain,Normal day,5,7,1,0,134
2025-01-30,Bengaluru,Painter,Clear,Normal day,3,1,0,1,80
2025-07-31,Delhi,Domestic Helper,Clear,Normal day,3,7,0,1,110
2025-11-24,Bengaluru,Painter,Clear,Normal day,0,11,0,0,80
2025-11-18,Bengaluru,Caregiver,Clear,Normal day,1,11,0,0,66
2025-11-02,Bengaluru,Plumber,Rain,Normal day,6,11,1,0,135
2025-06-19,Delhi,Plumber,Clear,Normal day,3,6,0,0,109
2023-07-10,Hyderabad,Carpenter,Clear,Holiday,0,7,0,0,89
2024-09-12,Bengaluru,Plumber,Clear,Normal day,3,9,0,0,106
2025-05-05,Mumbai,Painter,Clear,Normal day,0,5,0,0,84
2024-03-07,Bengaluru,Electrician,Clear,Major event,3,3,0,0,129
2025-09-15,Bengaluru,Plumber,Rain,Normal day,0,9,0,0,126
2025-10-07,Bengaluru,Electrician,Clear,Normal day,1,10,0,0,108
2024-12-02,Delhi,Technician,Clear,Normal day,0,12,0,0,97
2024-11-08,Delhi,Domestic Helper,Clear,Normal day,4,11,0,0,87
2025-12-01,Delhi,Technician,Clear,Normal day,0,12,0,0,74
2024-04-08,Bengaluru,Painter,Clear,Normal day,0,4,0,0,63
2025-11-08,Delhi,Painter,Extreme heat,Normal day,5,11,1,0,114
2023-04-16,Delhi,Technician,Extreme heat,Holiday,6,4,1,0,137
2023-10-31,Mumbai,Technician,Clear,Normal day,1,10,0,1,105
2024-05-24,Hyderabad,Plumber,Extreme heat,Normal day,4,5,0,0,116
2025-11-01,Delhi,Painter,Clear,Normal day,5,11,1,0,97
2024-11-09,Delhi,Electrician,Clear,Normal day,5,11,1,0,127
2023-05-16,Delhi,Electrician,Clear,Normal day,1,5,0,0,102
2023-11-12,Hyderabad,Painter,Extreme heat,Normal day,6,11,1,0,91
2025-01-28,Bengaluru,Carpenter,Clear,Normal day,1,1,0,1,95
2025-10-04,Hyderabad,Domestic Helper,Clear,Normal day,5,10,1,0,100
2024-04-26,Delhi,Plumber,Extreme heat,Normal day,4,4,0,1,137
2023-11-23,Delhi,Domestic Helper,Clear,Holiday,3,11,0,0,108
2023-06-18,Bengaluru,Technician,Rain,Normal day,6,6,1,0,105
2025-05-27,Hyderabad,Electrician,Extreme heat,Normal day,1,5,0,1,109
2023-11-08,Bengaluru,Electrician,Clear,Major event,2,11,0,0,115
2024-08-19,Delhi,Caregiver,Rain,Normal day,0,8,0,0,106
2025-01-01,Bengaluru,Electrician,Clear,Normal day,2,1,0,0,102
2023-07-24,Bengaluru,Domestic Helper,Clear,Major event,0,7,0,0,116
2023-01-01,Mumbai,Technician,Clear,Normal day,6,1,1,0,94
2025-10-01,Bengaluru,Carpenter,Clear,Normal day,2,10,0,0,80
2025-12-13,Bengaluru,Technician,Clear,Holiday,5,12,1,0,130
2025-08-04,Delhi,Plumber,Rain,Normal day,0,8,0,0,133
2023-07-16,Hyderabad,Domestic Helper,Clear,Normal day,6,7,1,0,109
2025-03-16,Delhi,Caregiver,Clear,Normal day,6,3,1,0,72
2025-07-15,Delhi,Domestic Helper,Clear,Normal day,1,7,0,0,104
2025-04-01,Hyderabad,Technician,Extreme heat,Normal day,1,4,0,0,113
2024-09-25,Delhi,Plumber,Clear,Normal day,2,9,0,0,125
2023-11-14,Bengaluru,Electrician,Clear,Normal day,1,11,0,0,111
2023-10-30,Bengaluru,Painter,Clear,Normal day,0,10,0,1,58
2024-08-01,Delhi,Caregiver,Clear,Normal day,3,8,0,0,94
2025-09-13,Hyderabad,Painter,Clear,Normal day,5,9,1,0,68
2024-09-11,Mumbai,Painter,Rain,Normal day,2,9,0,0,106
2025-03-11,Mumbai,Carpenter,Clear,Major event,1,3,0,0,109
2024-05-31,Hyderabad,Plumber,Extreme heat,Normal day,4,5,0,1,109
2025-03-25,Delhi,Painter,Clear,Normal day,1,3,0,0,86
2025-05-14,Delhi,Technician,Rain,Normal day,2,5,0,0,130
2023-01-16,Mumbai,Carpenter,Clear,Normal day,0,1,0,0,91
2024-11-16,Mumbai,Electrician,Rain,Normal day,5,11,1,0,163
2025-10-11,Delhi,Plumber,Clear,Normal day,5,10,1,0,145
2023-01-19,Delhi,Caregiver,Clear,Normal day,3,1,0,0,88
2024-11-21,Bengaluru,Electrician,Clear,Normal day,3,11,0,0,99
2025-10-23,Mumbai,Plumber,Clear,Normal day,3,10,0,0,106
2025-10-31,Delhi,Domestic Helper,Clear,Normal day,4,10,0,1,119
2024-02-07,Hyderabad,Technician,Rain,Normal day,2,2,0,0,106
2025-07-20,Delhi,Domestic Helper,Extreme heat,Normal day,6,7,1,0,164
2024-08-05,Delhi,Electrician,Clear,Normal day,0,8,0,0,124
2023-05-09,Hyderabad,Technician,Extreme heat,Normal day,1,5,0,0,97
2024-04-17,Delhi,Technician,Rain,Normal day,2,4,0,0,122
2024-09-06,Bengaluru,Technician,Clear,Normal day,4,9,0,0,100
2024-06-04,Hyderabad,Carpenter,Clear,Normal day,1,6,0,0,80
2024-03-30,Hyderabad,Plumber,Clear,Normal day,5,3,1,1,112
2023-06-05,Delhi,Domestic Helper,Rain,Normal day,0,6,0,0,134
2025-05-03,Bengaluru,Domestic Helper,Extreme heat,Normal day,5,5,1,0,107
2024-09-19,Bengaluru,Painter,Extreme heat,Normal day,3,9,0,0,90
2024-08-11,Bengaluru,Technician,Clear,Normal day,6,8,1,0,104
2024-11-03,Mumbai,Domestic Helper,Clear,Major event,6,11,1,0,132
2025-05-29,Bengaluru,Carpenter,Extreme heat,Normal day,3,5,0,1,115
2023-02-12,Bengaluru,Plumber,Rain,Normal day,6,2,1,0,130
2023-12-13,Delhi,Caregiver,Clear,Holiday,2,12,0,0,93
2025-05-23,Mumbai,Caregiver,Clear,Holiday,4,5,0,0,121
2024-08-14,Delhi,Domestic Helper,Rain,Normal day,2,8,0,0,109
2023-06-06,Mumbai,Technician,Clear,Normal day,1,6,0,0,117
2024-05-05,Bengaluru,Technician,Extreme heat,Normal day,6,5,1,0,102
2024-07-07,Mumbai,Electrician,Rain,Normal day,6,7,1,0,165
2025-10-21,Hyderabad,Domestic Helper,Clear,Normal day,1,10,0,0,102
2024-07-23,Bengaluru,Carpenter,Rain,Normal day,1,7,0,0,130
2025-03-05,Mumbai,Domestic Helper,Rain,Normal day,2,3,0,0,124
2023-06-26,Bengaluru,Plumber,Clear,Normal day,0,6,0,1,119
2024-02-02,Hyderabad,Technician,Clear,Major event,4,2,0,0,115
2025-03-08,Hyderabad,Electrician,Clear,Normal day,5,3,1,0,106
2025-04-04,Mumbai,Plumber,Clear,Normal day,4,4,0,0,134
2023-05-18,Mumbai,Technician,Extreme heat,Normal day,3,5,0,0,112
2025-10-09,Hyderabad,Painter,Clear,Normal day,3,10,0,0,80
2023-03-27,Bengaluru,Painter,Clear,Normal day,0,3,0,1,84
2023-02-05,Delhi,Caregiver,Clear,Normal day,6,2,1,0,79
2023-01-16,Delhi,Technician,Clear,Holiday,0,1,0,0,108
2023-07-16,Bengaluru,Domestic Helper,Clear,Normal day,6,7,1,0,104
2024-11-28,Bengaluru,Domestic Helper,Clear,Normal day,3,11,0,1,96
2024-10-11,Mumbai,Carpenter,Clear,Normal day,4,10,0,0,85
2023-03-21,Bengaluru,Electrician,Rain,Normal day,1,3,0,0,108
2023-10-08,Delhi,Technician,Clear,Holiday,6,10,1,0,129
2024-11-27,Hyderabad,Electrician,Extreme heat,Normal day,2,11,0,1,90
2025-10-17,Delhi,Caregiver,Clear,Major event,4,10,0,0,132
2024-08-06,Delhi,Plumber,Rain,Normal day,1,8,0,0,150
2025-12-11,Bengaluru,Carpenter,Clear,Normal day,3,12,0,0,90
2024-11-14,Delhi,Electrician,Clear,Normal day,3,11,0,0,119
2023-06-11,Mumbai,Electrician,Clear,Normal day,6,6,1,0,113
2023-06-13,Delhi,Domestic Helper,Rain,Holiday,1,6,0,0,141
2025-04-06,Bengaluru,Carpenter,Extreme heat,Normal day,6,4,1,0,117
2024-11-13,Delhi,Caregiver,Clear,Holiday,2,11,0,0,90
2023-01-09,Bengaluru,Painter,Clear,Normal day,0,1,0,0,69
2025-04-11,Bengaluru,Carpenter,Clear,Normal day,4,4,0,0,109
2024-05-22,Bengaluru,Carpenter,Clear,Normal day,2,5,0,0,75
2023-08-01,Bengaluru,Painter,Clear,Normal day,1,8,0,0,79
2023-12-13,Mumbai,Painter,Clear,Normal day,2,12,0,0,84
2024-07-13,Mumbai,Painter,Rain,Holiday,5,7,1,0,105
2024-03-08,Hyderabad,Plumber,Clear,Normal day,4,3,0,0,103
2023-10-06,Hyderabad,Domestic Helper,Clear,Normal day,4,10,0,0,95
2024-07-05,Mumbai,Domestic Helper,Rain,Normal day,4,7,0,0,142
2025-05-10,Delhi,Caregiver,Extreme heat,Major event,5,5,1,0,147
2023-08-23,Hyderabad,Domestic Helper,Clear,Normal day,2,8,0,0,99
2023-09-20,Mumbai,Technician,Rain,Normal day,2,9,0,0,140
2024-05-24,Mumbai,Caregiver,Clear,Normal day,4,5,0,0,105
2023-04-06,Bengaluru,Caregiver,Clear,Normal day,3,4,0,0,77
2024-07-20,Bengaluru,Domestic Helper,Clear,Normal day,5,7,1,0,109
2023-08-15,Bengaluru,Painter,Clear,Normal day,1,8,0,0,86
2023-10-23,Mumbai,Caregiver,Clear,Holiday,0,10,0,0,115
2025-01-25,Delhi,Painter,Clear,Normal day,5,1,1,0,80
2024-07-17,Hyderabad,Caregiver,Clear,Normal day,2,7,0,0,78
2024-02-28,Hyderabad,Carpenter,Clear,Normal day,2,2,0,1,88
2024-05-12,Hyderabad,Painter,Extreme heat,Normal day,6,5,1,0,88
2024-05-31,Bengaluru,Painter,Clear,Holiday,4,5,0,1,86
2023-05-03,Hyderabad,Domestic Helper,Clear,Normal day,2,5,0,0,87
2024-08-11,Mumbai,Carpenter,Clear,Normal day,6,8,1,0,111
2023-01-29,Hyderabad,Technician,Clear,Holiday,6,1,1,1,119
2025-07-19,Delhi,Carpenter,Rain,Normal day,5,7,1,0,160
2024-07-18,Hyderabad,Painter,Clear,Normal day,3,7,0,0,100
2025-06-16,Mumbai,Electrician,Rain,Normal day,0,6,0,0,117
2025-02-26,Mumbai,Domestic Helper,Clear,Normal day,2,2,0,1,118
2023-08-13,Delhi,Caregiver,Clear,Normal day,6,8,1,0,102
2023-07-22,Delhi,Technician,Rain,Normal day,5,7,1,0,134
2025-04-06,Bengaluru,Electrician,Rain,Normal day,6,4,1,0,124
2024-05-09,Delhi,Carpenter,Extreme heat,Normal day,3,5,0,0,116
2025-12-21,Mumbai,Caregiver,Clear,Normal day,6,12,1,0,104
2023-11-02,Bengaluru,Carpenter,Clear,Normal day,3,11,0,0,85
2025-05-09,Delhi,Electrician,Clear,Normal day,4,5,0,0,100
2024-09-19,Hyderabad,Carpenter,Rain,Normal day,3,9,0,0,101
2024-02-13,Hyderabad,Caregiver,Clear,Normal day,1,2,0,0,72
2024-12-31,Bengaluru,Painter,Clear,Holiday,1,12,0,1,66
2024-05-16,Delhi,Electrician,Extreme heat,Normal day,3,5,0,0,123
2024-05-08,Delhi,Painter,Clear,Normal day,2,5,0,0,83
2023-02-03,Bengaluru,Electrician,Clear,Normal day,4,2,0,0,98
2025-04-21,Bengaluru,Plumber,Clear,Normal day,0,4,0,0,109
2023-05-29,Bengaluru,Caregiver,Extreme heat,Normal day,0,5,0,1,101
2023-10-05,Mumbai,Caregiver,Clear,Normal day,3,10,0,0,97
2023-03-16,Delhi,Electrician,Rain,Normal day,3,3,0,0,129
2024-07-28,Hyderabad,Plumber,Clear,Normal day,6,7,1,1,119
2023-09-01,Bengaluru,Technician,Clear,Normal day,4,9,0,0,101
2024-05-08,Bengaluru,Painter,Extreme heat,Normal day,2,5,0,0,87
2023-01-14,Hyderabad,Technician,Extreme heat,Normal day,5,1,1,0,107
2024-11-08,Bengaluru,Electrician,Clear,Normal day,4,11,0,0,94
2024-07-22,Bengaluru,Painter,Rain,Normal day,0,7,0,0,91
2025-07-15,Mumbai,Electrician,Rain,Normal day,1,7,0,0,157
2023-02-13,Delhi,Plumber,Clear,Normal day,0,2,0,0,113
2023-04-03,Mumbai,Plumber,Extreme heat,Normal day,0,4,0,0,134
2024-08-27,Hyderabad,Electrician,Rain,Normal day,1,8,0,1,121
2023-10-03,Bengaluru,Electrician,Clear,Normal day,1,10,0,0,104
2025-01-20,Delhi,Technician,Clear,Holiday,0,1,0,0,94
2023-05-10,Mumbai,Painter,Clear,Normal day,2,5,0,0,69
2023-03-13,Mumbai,Caregiver,Clear,Normal day,0,3,0,0,73
2023-06-23,Mumbai,Plumber,Clear,Normal day,4,6,0,0,103
2025-06-09,Mumbai,Caregiver,Rain,Normal day,0,6,0,0,118
2025-12-01,Delhi,Painter,Clear,Normal day,0,12,0,0,77
2025-12-27,Mumbai,Painter,Clear,Normal day,5,12,1,1,97
2025-06-30,Delhi,Carpenter,Clear,Normal day,0,6,0,1,105
2023-02-11,Mumbai,Painter,Clear,Normal day,5,2,1,0,81
2025-08-10,Bengaluru,Technician,Rain,Normal day,6,8,1,0,135
2023-09-17,Bengaluru,Plumber,Rain,Normal day,6,9,1,0,134
2023-08-20,Hyderabad,Painter,Rain,Normal day,6,8,1,0,111
2023-10-04,Bengaluru,Domestic Helper,Clear,Normal day,2,10,0,0,91
2023-09-16,Mumbai,Electrician,Rain,Normal day,5,9,1,0,173
2023-06-01,Mumbai,Domestic Helper,Rain,Normal day,3,6,0,0,132
2023-07-11,Delhi,Carpenter,Clear,Normal day,1,7,0,0,116
2024-01-01,Bengaluru,Painter,Clear,Normal day,0,1,0,0,83
2023-10-14,Mumbai,Caregiver,Clear,Normal day,5,10,1,0,114
2025-06-24,Bengaluru,Painter,Rain,Normal day,1,6,0,0,98
2024-10-21,Hyderabad,Plumber,Clear,Normal day,0,10,0,0,96
2024-11-22,Bengaluru,Electrician,Clear,Normal day,4,11,0,0,118
2023-02-19,Bengaluru,Electrician,Clear,Normal day,6,2,1,0,98
2023-06-16,Bengaluru,Caregiver,Clear,Normal day,4,6,0,0,86
2023-07-21,Hyderabad,Technician,Rain,Normal day,4,7,0,0,109
2023-04-28,Bengaluru,Caregiver,Clear,Normal day,4,4,0,1,87
2025-02-15,Bengaluru,Technician,Rain,Normal day,5,2,1,0,141
2024-08-21,Delhi,Plumber,Clear,Normal day,2,8,0,0,110
2025-09-03,Delhi,Painter,Rain,Normal day,2,9,0,0,108
2023-11-05,Mumbai,Technician,Clear,Normal day,6,11,1,0,118
2023-03-28,Delhi,Painter,Clear,Normal day,1,3,0,1,68
2025-08-15,Bengaluru,Electrician,Rain,Major event,4,8,0,0,169
2024-06-19,Mumbai,Painter,Clear,Normal day,2,6,0,0,101
2025-01-10,Delhi,Domestic Helper,Clear,Normal day,4,1,0,0,101
2023-09-09,Mumbai,Painter,Clear,Normal day,5,9,1,0,105
2024-04-11,Delhi,Carpenter,Extreme heat,Normal day,3,4,0,0,96
2023-12-15,Hyderabad,Caregiver,Clear,Normal day,4,12,0,0,93
2025-08-20,Bengaluru,Painter,Clear,Normal day,2,8,0,0,79
2025-07-31,Delhi,Technician,Extreme heat,Normal day,3,7,0,1,130
2025-12-12,Mumbai,Plumber,Clear,Normal day,4,12,0,0,121
2023-04-07,Bengaluru,Technician,Clear,Normal day,4,4,0,0,87
2023-09-12,Bengaluru,Carpenter,Rain,Normal day,1,9,0,0,104
2023-12-30,Hyderabad,Painter,Rain,Normal day,5,12,1,1,103
2024-02-02,Hyderabad,Caregiver,Clear,Normal day,4,2,0,0,61
2023-05-12,Hyderabad,Carpenter,Clear,Normal day,4,5,0,0,80
2023-10-17,Hyderabad,Domestic Helper,Clear,Normal day,1,10,0,0,80
2025-12-04,Delhi,Painter,Clear,Major event,3,12,0,0,84
2025-05-09,Mumbai,Carpenter,Extreme heat,Normal day,4,5,0,0,104
2025-06-01,Mumbai,Electrician,Clear,Normal day,6,6,1,0,122
2023-06-18,Hyderabad,Technician,Clear,Normal day,6,6,1,0,103
2025-03-09,Mumbai,Carpenter,Rain,Normal day,6,3,1,0,103
2024-08-18,Bengaluru,Plumber,Clear,Normal day,6,8,1,0,144
2025-01-25,Delhi,Domestic Helper,Clear,Normal day,5,1,1,0,109
2023-02-17,Bengaluru,Painter,Clear,Normal day,4,2,0,0,76
2024-07-27,Delhi,Domestic Helper,Rain,Normal day,5,7,1,1,178
2025-10-31,Bengaluru,Technician,Clear,Holiday,4,10,0,1,121
2024-05-09,Mumbai,Technician,Extreme heat,Normal day,3,5,0,0,107
2023-10-02,Hyderabad,Domestic Helper,Clear,Holiday,0,10,0,0,111
2024-11-27,Bengaluru,Carpenter,Clear,Holiday,2,11,0,1,111
2024-08-19,Mumbai,Plumber,Rain,Normal day,0,8,0,0,137
2024-12-28,Mumbai,Technician,Clear,Normal day,5,12,1,1,97
2023-09-08,Hyderabad,Caregiver,Clear,Normal day,4,9,0,0,93
2023-07-29,Bengaluru,Electrician,Rain,Normal day,5,7,1,1,169
2025-08-13,Bengaluru,Domestic Helper,Clear,Normal day,2,8,0,0,89
2024-05-08,Bengaluru,Caregiver,Extreme heat,Normal day,2,5,0,0,91
2023-10-03,Hyderabad,Caregiver,Clear,Normal day,1,10,0,0,75
2025-04-12,Bengaluru,Caregiver,Clear,Holiday,5,4,1,0,125
2025-10-31,Hyderabad,Technician,Extreme heat,Normal day,4,10,0,1,110
2023-07-15,Hyderabad,Domestic Helper,Rain,Normal day,5,7,1,0,108
2025-12-10,Bengaluru,Electrician,Rain,Normal day,2,12,0,0,100
2023-02-24,Bengaluru,Domestic Helper,Clear,Normal day,4,2,0,0,97
2023-08-18,Mumbai,Technician,Rain,Normal day,4,8,0,0,127
2024-05-15,Hyderabad,Carpenter,Clear,Normal day,2,5,0,0,64
2024-06-24,Delhi,Technician,Extreme heat,Normal day,0,6,0,0,85
2025-04-30,Bengaluru,Domestic Helper,Extreme heat,Normal day,2,4,0,1,106
2024-12-09,Mumbai,Electrician,Clear,Normal day,0,12,0,0,109
2023-09-10,Delhi,Electrician,Rain,Normal day,6,9,1,0,156
2025-03-24,Hyderabad,Carpenter,Clear,Normal day,0,3,0,0,66
2025-04-14,Mumbai,Plumber,Extreme heat,Normal day,0,4,0,0,137
2024-03-17,Mumbai,Electrician,Clear,Normal day,6,3,1,0,130
2024-11-22,Hyderabad,Electrician,Clear,Normal day,4,11,0,0,85
2024-08-25,Mumbai,Domestic Helper,Rain,Normal day,6,8,1,0,178
2023-03-29,Delhi,Caregiver,Clear,Normal day,2,3,0,1,88
2024-05-01,Hyderabad,Painter,Clear,Normal day,2,5,0,0,73
2023-04-05,Bengaluru,Electrician,Extreme heat,Normal day,2,4,0,0,115
2023-02-06,Bengaluru,Plumber,Rain,Holiday,0,2,0,0,125
2024-02-21,Delhi,Painter,Clear,Normal day,2,2,0,0,68
2023-02-25,Hyderabad,Plumber,Clear,Holiday,5,2,1,0,97
2024-03-11,Bengaluru,Plumber,Clear,Normal day,0,3,0,0,98
2024-11-28,Delhi,Electrician,Clear,Normal day,3,11,0,1,112
2024-01-11,Hyderabad,Domestic Helper,Clear,Normal day,3,1,0,0,90
2025-09-20,Hyderabad,Technician,Rain,Normal day,5,9,1,0,111
2024-03-07,Delhi,Carpenter,Clear,Holiday,3,3,0,0,93
2024-05-10,Delhi,Domestic Helper,Clear,Normal day,4,5,0,0,93
2025-07-05,Mumbai,Carpenter,Clear,Normal day,5,7,1,0,108
2025-12-18,Mumbai,Painter,Clear,Normal day,3,12,0,0,69
2025-02-05,Bengaluru,Electrician,Clear,Normal day,2,2,0,0,81
2023-02-06,Bengaluru,Domestic Helper,Clear,Normal day,0,2,0,0,94
2023-05-13,Delhi,Carpenter,Rain,Normal day,5,5,1,0,110
2025-07-16,Delhi,Domestic Helper,Rain,Normal day,2,7,0,0,149
2025-05-11,Hyderabad,Technician,Extreme heat,Normal day,6,5,1,0,121
2025-07-23,Bengaluru,Domestic Helper,Clear,Normal day,2,7,0,0,107
2025-01-19,Hyderabad,Caregiver,Extreme heat,Normal day,6,1,1,0,99
2024-11-07,Bengaluru,Carpenter,Clear,Normal day,3,11,0,0,87
2024-09-26,Mumbai,Plumber,Rain,Holiday,3,9,0,1,159
2024-04-01,Delhi,Technician,Clear,Normal day,0,4,0,0,95
2025-04-07,Bengaluru,Painter,Extreme heat,Major event,0,4,0,0,99
2025-08-26,Mumbai,Painter,Rain,Normal day,1,8,0,1,95
2025-05-05,Bengaluru,Caregiver,Clear,Normal day,0,5,0,0,80
2024-09-25,Mumbai,Domestic Helper,Rain,Normal day,2,9,0,0,143
2025-01-10,Mumbai,Domestic Helper,Clear,Normal day,4,1,0,0,81
2023-02-05,Delhi,Technician,Clear,Normal day,6,2,1,0,101
2025-04-14,Bengaluru,Plumber,Extreme heat,Normal day,0,4,0,0,110
2025-06-08,Delhi,Electrician,Rain,Normal day,6,6,1,0,144
2023-10-29,Hyderabad,Domestic Helper,Clear,Normal day,6,10,1,1,95
2023-10-28,Hyderabad,Caregiver,Clear,Normal day,5,10,1,1,95
2025-02-22,Hyderabad,Carpenter,Clear,Holiday,5,2,1,0,106
2024-03-19,Bengaluru,Domestic Helper,Clear,Normal day,1,3,0,0,111
2023-10-26,Mumbai,Technician,Clear,Normal day,3,10,0,1,126
2023-09-04,Delhi,Technician,Clear,Normal day,0,9,0,0,91
2023-11-02,Mumbai,Domestic Helper,Clear,Normal day,3,11,0,0,109
2025-11-08,Delhi,Caregiver,Rain,Normal day,5,11,1,0,124
2023-12-03,Hyderabad,Technician,Clear,Major event,6,12,1,0,126
2025-11-18,Hyderabad,Domestic Helper,Clear,Normal day,1,11,0,0,107
2023-05-09,Bengaluru,Electrician,Extreme heat,Normal day,1,5,0,0,105
2025-10-28,Mumbai,Electrician,Clear,Holiday,1,10,0,1,129
2024-11-16,Bengaluru,Electrician,Rain,Normal day,5,11,1,0,139
2023-04-25,Delhi,Electrician,Clear,Normal day,1,4,0,0,90
2024-10-20,Bengaluru,Painter,Clear,Holiday,6,10,1,0,101
2025-12-04,Mumbai,Technician,Clear,Normal day,3,12,0,0,91
2025-04-22,Mumbai,Electrician,Extreme heat,Normal day,1,4,0,0,122
2024-07-27,Delhi,Electrician,Rain,Normal day,5,7,1,1,167
2024-07-30,Hyderabad,Plumber,Clear,Normal day,1,7,0,1,101
2023-10-14,Hyderabad,Technician,Rain,Normal day,5,10,1,0,116
2023-10-08,Delhi,Electrician,Clear,Holiday,6,10,1,0,126
2025-10-04,Hyderabad,Painter,Rain,Normal day,5,10,1,0,103
2023-05-17,Delhi,Electrician,Clear,Normal day,2,5,0,0,101
2025-12-28,Delhi,Electrician,Extreme heat,Holiday,6,12,1,1,155
2025-07-18,Mumbai,Electrician,Rain,Normal day,4,7,0,0,152
2024-10-05,Delhi,Caregiver,Rain,Normal day,5,10,1,0,157
2025-04-01,Bengaluru,Painter,Clear,Holiday,1,4,0,0,92
2023-01-22,Mumbai,Technician,Extreme heat,Normal day,6,1,1,0,115
2023-07-28,Bengaluru,Domestic Helper,Clear,Normal day,4,7,0,1,101
2024-03-24,Hyderabad,Plumber,Clear,Normal day,6,3,1,0,118
2024-10-12,Mumbai,Painter,Clear,Normal day,5,10,1,0,83
2024-12-07,Hyderabad,Electrician,Clear,Normal day,5,12,1,0,96
2024-08-30,Delhi,Carpenter,Rain,Normal day,4,8,0,1,139
2023-12-12,Delhi,Electrician,Clear,Normal day,1,12,0,0,102
2025-11-11,Bengaluru,Technician,Clear,Normal day,1,11,0,0,76
2023-04-19,Mumbai,Painter,Clear,Normal day,2,4,0,0,72
2023-07-28,Hyderabad,Painter,Rain,Normal day,4,7,0,1,106
2025-08-06,Hyderabad,Caregiver,Rain,Normal day,2,8,0,0,96
2023-06-03,Bengaluru,Technician,Clear,Holiday,5,6,1,0,130
2025-10-03,Mumbai,Electrician,Clear,Normal day,4,10,0,0,107
2025-05-09,Mumbai,Domestic Helper,Clear,Normal day,4,5,0,0,117
2025-10-03,Hyderabad,Plumber,Clear,Normal day,4,10,0,0,93
2024-04-19,Mumbai,Electrician,Extreme heat,Normal day,4,4,0,0,145
2024-10-14,Hyderabad,Electrician,Clear,Normal day,0,10,0,0,102
2025-07-09,Bengaluru,Painter,Rain,Normal day,2,7,0,0,104
2025-05-27,Hyderabad,Caregiver,Extreme heat,Normal day,1,5,0,1,81
2025-09-06,Bengaluru,Painter,Rain,Normal day,5,9,1,0,111
2025-04-09,Mumbai,Technician,Extreme heat,Normal day,2,4,0,0,124
2023-01-05,Hyderabad,Domestic Helper,Clear,Normal day,3,1,0,0,91
2023-12-17,Mumbai,Plumber,Clear,Normal day,6,12,1,0,121
2023-11-23,Bengaluru,Painter,Clear,Normal day,3,11,0,0,90
2023-01-31,Delhi,Domestic Helper,Extreme heat,Normal day,1,1,0,1,101
2024-06-26,Hyderabad,Domestic Helper,Clear,Holiday,2,6,0,1,102
2023-12-23,Bengaluru,Domestic Helper,Clear,Normal day,5,12,1,0,95
2025-07-24,Bengaluru,Domestic Helper,Rain,Normal day,3,7,0,0,114
2024-07-03,Mumbai,Painter,Rain,Normal day,2,7,0,0,98
2023-02-03,Mumbai,Plumber,Rain,Major event,4,2,0,0,184
2024-11-08,Bengaluru,Domestic Helper,Clear,Normal day,4,11,0,0,113
2025-06-06,Delhi,Domestic Helper,Extreme heat,Normal day,4,6,0,0,121
2024-09-02,Delhi,Technician,Rain,Normal day,0,9,0,0,113
2023-05-16,Bengaluru,Carpenter,Clear,Normal day,1,5,0,0,69
2025-11-05,Hyderabad,Technician,Clear,Major event,2,11,0,0,96
2025-06-22,Bengaluru,Carpenter,Rain,Normal day,6,6,1,0,140
2025-04-02,Hyderabad,Painter,Clear,Normal day,2,4,0,0,57
2024-01-18,Bengaluru,Domestic Helper,Clear,Normal day,3,1,0,0,84
2023-06-09,Bengaluru,Caregiver,Rain,Normal day,4,6,0,0,99
2025-10-10,Hyderabad,Painter,Clear,Normal day,4,10,0,0,51
2025-06-12,Hyderabad,Caregiver,Rain,Normal day,3,6,0,0,103
2023-09-23,Delhi,Domestic Helper,Rain,Normal day,5,9,1,0,134
2023-03-20,Delhi,Caregiver,Clear,Normal day,0,3,0,0,79
2024-01-17,Mumbai,Carpenter,Clear,Normal day,2,1,0,0,82
2023-03-03,Delhi,Technician,Extreme heat,Normal day,4,3,0,0,122
2024-11-10,Hyderabad,Domestic Helper,Clear,Normal day,6,11,1,0,84
2023-12-10,Delhi,Domestic Helper,Clear,Normal day,6,12,1,0,102
2025-02-06,Delhi,Carpenter,Clear,Normal day,3,2,0,0,95
2025-08-01,Hyderabad,Plumber,Clear,Normal day,4,8,0,0,116
2024-08-25,Mumbai,Caregiver,Clear,Normal day,6,8,1,0,79
2025-12-26,Delhi,Technician,Clear,Normal day,4,12,0,1,95
2024-02-03,Bengaluru,Carpenter,Clear,Normal day,5,2,1,0,96
2024-11-02,Mumbai,Domestic Helper,Clear,Normal day,5,11,1,0,104
2025-09-16,Mumbai,Carpenter,Clear,Normal day,1,9,0,0,89
2023-12-18,Hyderabad,Domestic Helper,Clear,Normal day,0,12,0,0,79
2024-12-04,Delhi,Electrician,Clear,Normal day,2,12,0,0,88
2025-10-30,Bengaluru,Domestic Helper,Clear,Normal day,3,10,0,1,92
2023-02-22,Hyderabad,Domestic Helper,Clear,Normal day,2,2,0,0,84
2024-10-26,Bengaluru,Domestic Helper,Clear,Normal day,5,10,1,1,121
2024-08-11,Delhi,Plumber,Clear,Normal day,6,8,1,0,110
2023-09-03,Bengaluru,Technician,Clear,Normal day,6,9,1,0,111
2025-09-18,Mumbai,Electrician,Clear,Normal day,3,9,0,0,103
2024-11-14,Mumbai,Carpenter,Clear,Holiday,3,11,0,0,95
2025-01-15,Mumbai,Painter,Clear,Normal day,2,1,0,0,81
2025-07-18,Bengaluru,Carpenter,Rain,Normal day,4,7,0,0,125
2024-03-19,Mumbai,Carpenter,Clear,Normal day,1,3,0,0,90
2025-05-09,Hyderabad,Caregiver,Extreme heat,Normal day,4,5,0,0,89
2024-05-02,Hyderabad,Painter,Extreme heat,Holiday,3,5,0,0,109
2024-06-28,Mumbai,Caregiver,Rain,Normal day,4,6,0,1,116
2024-08-03,Bengaluru,Electrician,Rain,Holiday,5,8,1,0,179
2025-02-23,Bengaluru,Caregiver,Clear,Normal day,6,2,1,0,65
2023-05-04,Mumbai,Technician,Clear,Normal day,3,5,0,0,90
2023-09-23,Mumbai,Technician,Rain,Normal day,5,9,1,0,136
2024-12-14,Hyderabad,Plumber,Rain,Normal day,5,12,1,0,115
2025-05-26,Hyderabad,Electrician,Extreme heat,Normal day,0,5,0,1,96
2025-11-03,Hyderabad,Technician,Clear,Normal day,0,11,0,0,75
2024-07-26,Delhi,Technician,Clear,Normal day,4,7,0,1,114
2024-11-22,Delhi,Caregiver,Rain,Normal day,4,11,0,0,120
2024-11-26,Hyderabad,Carpenter,Clear,Normal day,1,11,0,1,90
2024-08-12,Mumbai,Domestic Helper,Clear,Normal day,0,8,0,0,94
2023-09-01,Bengaluru,Technician,Rain,Normal day,4,9,0,0,110
2023-02-22,Mumbai,Technician,Clear,Major event,2,2,0,0,123
2023-11-16,Delhi,Carpenter,Clear,Normal day,3,11,0,0,101
2024-04-20,Bengaluru,Plumber,Clear,Normal day,5,4,1,0,115
2023-08-26,Delhi,Technician,Clear,Normal day,5,8,1,1,138
2024-10-25,Delhi,Painter,Clear,Normal day,4,10,0,0,96
2025-05-21,Mumbai,Caregiver,Clear,Normal day,2,5,0,0,90
2025-11-30,Hyderabad,Painter,Clear,Normal day,6,11,1,1,96
2025-10-01,Mumbai,Painter,Extreme heat,Normal day,2,10,0,0,94
2024-03-30,Hyderabad,Painter,Rain,Normal day,5,3,1,1,104
2024-08-22,Hyderabad,Plumber,Rain,Holiday,3,8,0,0,151
2025-11-21,Mumbai,Carpenter,Clear,Normal day,4,11,0,0,102
2023-05-23,Mumbai,Technician,Extreme heat,Normal day,1,5,0,0,106
2023-08-05,Mumbai,Plumber,Rain,Holiday,5,8,1,0,196
2023-10-21,Bengaluru,Caregiver,Clear,Holiday,5,10,1,0,103
2025-02-11,Bengaluru,Electrician,Clear,Normal day,1,2,0,0,97
2025-09-29,Mumbai,Plumber,Rain,Normal day,0,9,0,1,137
2023-02-19,Mumbai,Technician,Clear,Normal day,6,2,1,0,88
2023-06-28,Hyderabad,Plumber,Rain,Normal day,2,6,0,1,116
2025-09-10,Hyderabad,Carpenter,Clear,Normal day,2,9,0,0,87
2024-06-28,Hyderabad,Plumber,Clear,Normal day,4,6,0,1,122
2023-03-08,Delhi,Plumber,Clear,Normal day,2,3,0,0,100
2025-07-17,Hyderabad,Caregiver,Rain,Normal day,3,7,0,0,101
2025-03-14,Bengaluru,Domestic Helper,Rain,Normal day,4,3,0,0,104
2023-09-05,Hyderabad,Plumber,Clear,Normal day,1,9,0,0,70
2024-02-11,Hyderabad,Technician,Clear,Normal day,6,2,1,0,80
2024-01-17,Bengaluru,Carpenter,Clear,Holiday,2,1,0,0,95
2024-03-14,Hyderabad,Plumber,Extreme heat,Normal day,3,3,0,0,88
2024-10-31,Bengaluru,Caregiver,Clear,Normal day,3,10,0,1,90
2023-10-22,Mumbai,Plumber,Clear,Normal day,6,10,1,0,138
2024-05-15,Mumbai,Carpenter,Rain,Normal day,2,5,0,0,101
2025-05-05,Bengaluru,Painter,Extreme heat,Normal day,0,5,0,0,86
2025-10-06,Mumbai,Plumber,Clear,Normal day,0,10,0,0,121
2023-02-10,Delhi,Carpenter,Rain,Normal day,4,2,0,0,106
2025-10-17,Bengaluru,Plumber,Rain,Normal day,4,10,0,0,125
2025-06-17,Bengaluru,Plumber,Rain,Normal day,1,6,0,0,134
2023-11-28,Bengaluru,Carpenter,Clear,Normal day,1,11,0,1,94
2025-08-17,Hyderabad,Caregiver,Clear,Normal day,6,8,1,0,115
2024-10-31,Mumbai,Domestic Helper,Extreme heat,Normal day,3,10,0,1,141
2025-11-28,Mumbai,Plumber,Clear,Normal day,4,11,0,1,108
2023-07-21,Mumbai,Technician,Clear,Normal day,4,7,0,0,93
2023-04-22,Mumbai,Plumber,Clear,Holiday,5,4,1,0,147
2025-09-28,Hyderabad,Domestic Helper,Rain,Normal day,6,9,1,1,134
2025-06-16,Delhi,Caregiver,Clear,Normal day,0,6,0,0,85
2025-02-01,Delhi,Plumber,Clear,Normal day,5,2,1,0,117
2023-05-05,Bengaluru,Plumber,Clear,Normal day,4,5,0,0,113
2024-04-28,Hyderabad,Caregiver,Clear,Normal day,6,4,1,1,84
2024-10-18,Bengaluru,Painter,Clear,Normal day,4,10,0,0,89
2023-11-30,Mumbai,Technician,Clear,Normal day,3,11,0,1,102
2023-07-11,Bengaluru,Technician,Clear,Normal day,1,7,0,0,94
2024-12-14,Bengaluru,Electrician,Clear,Normal day,5,12,1,0,105
2025-11-13,Mumbai,Electrician,Clear,Holiday,3,11,0,0,139
2023-01-11,Hyderabad,Painter,Clear,Normal day,2,1,0,0,71
2025-10-20,Bengaluru,Domestic Helper,Extreme heat,Holiday,0,10,0,0,119
2023-04-10,Mumbai,Caregiver,Clear,Normal day,0,4,0,0,89
2023-08-30,Hyderabad,Painter,Rain,Normal day,2,8,0,1,97
2023-04-20,Bengaluru,Domestic Helper,Extreme heat,Normal day,3,4,0,0,95
2023-08-26,Bengaluru,Painter,Clear,Holiday,5,8,1,1,119
2024-01-06,Bengaluru,Electrician,Clear,Major event,5,1,1,0,137
2023-10-06,Delhi,Caregiver,Clear,Normal day,4,10,0,0,93
2025-06-15,Mumbai,Plumber,Rain,Normal day,6,6,1,0,151
2024-03-14,Bengaluru,Carpenter,Clear,Normal day,3,3,0,0,76
2024-11-21,Mumbai,Domestic Helper,Clear,Holiday,3,11,0,0,125
2024-09-09,Bengaluru,Plumber,Rain,Normal day,0,9,0,0,136
2023-07-25,Bengaluru,Carpenter,Clear,Normal day,1,7,0,0,86
2025-03-19,Mumbai,Carpenter,Rain,Normal day,2,3,0,0,108
2024-10-30,Mumbai,Plumber,Clear,Normal day,2,10,0,1,106
2023-02-05,Mumbai,Caregiver,Clear,Normal day,6,2,1,0,113
2024-12-17,Hyderabad,Technician,Clear,Normal day,1,12,0,0,68
2023-01-03,Mumbai,Caregiver,Clear,Normal day,1,1,0,0,97
2023-09-20,Hyderabad,Technician,Clear,Holiday,2,9,0,0,93
2025-07-18,Bengaluru,Plumber,Clear,Normal day,4,7,0,0,120
2025-01-05,Delhi,Domestic Helper,Clear,Normal day,6,1,1,0,111
2023-09-24,Mumbai,Technician,Clear,Normal day,6,9,1,0,103
2023-11-16,Bengaluru,Plumber,Extreme heat,Normal day,3,11,0,0,126
2025-05-15,Bengaluru,Carpenter,Extreme heat,Normal day,3,5,0,0,119
2025-10-10,Delhi,Electrician,Clear,Normal day,4,10,0,0,133
2025-06-26,Bengaluru,Painter,Clear,Normal day,3,6,0,1,74
2025-04-24,Mumbai,Plumber,Clear,Normal day,3,4,0,0,78
2023-08-08,Delhi,Carpenter,Clear,Normal day,1,8,0,0,82
2023-01-16,Mumbai,Caregiver,Clear,Normal day,0,1,0,0,65
2024-05-26,Bengaluru,Electrician,Clear,Normal day,6,5,1,1,104
2025-04-10,Hyderabad,Domestic Helper,Extreme heat,Normal day,3,4,0,0,103
2025-01-24,Hyderabad,Technician,Clear,Holiday,4,1,0,0,104
2025-06-25,Delhi,Carpenter,Clear,Normal day,2,6,0,0,102
2024-05-19,Delhi,Painter,Extreme heat,Normal day,6,5,1,0,116
2024-05-29,Hyderabad,Painter,Clear,Holiday,2,5,0,1,95
2023-05-02,Bengaluru,Technician,Extreme heat,Normal day,1,5,0,0,102
2024-02-29,Bengaluru,Technician,Rain,Normal day,3,2,0,1,107
2024-04-15,Bengaluru,Painter,Clear,Normal day,0,4,0,0,80
2023-07-04,Hyderabad,Plumber,Clear,Holiday,1,7,0,0,104
2023-01-27,Bengaluru,Technician,Clear,Normal day,4,1,0,1,94
2023-08-08,Mumbai,Domestic Helper,Clear,Normal day,1,8,0,0,118
2024-12-02,Bengaluru,Painter,Clear,Normal day,0,12,0,0,65
2025-04-16,Hyderabad,Electrician,Clear,Normal day,2,4,0,0,78
2024-04-14,Delhi,Electrician,Extreme heat,Normal day,6,4,1,0,139
2024-08-12,Delhi,Domestic Helper,Extreme heat,Normal day,0,8,0,0,130
2024-02-13,Hyderabad,Plumber,Clear,Normal day,1,2,0,0,73
2023-02-05,Hyderabad,Plumber,Clear,Normal day,6,2,1,0,100
2024-12-28,Hyderabad,Painter,Clear,Normal day,5,12,1,1,72
2025-10-13,Bengaluru,Plumber,Clear,Major event,0,10,0,0,142
2024-02-12,Mumbai,Domestic Helper,Clear,Normal day,0,2,0,0,94
2025-06-19,Delhi,Technician,Clear,Normal day,3,6,0,0,130
2023-11-01,Bengaluru,Carpenter,Clear,Normal day,2,11,0,0,80
2023-10-11,Hyderabad,Electrician,Clear,Normal day,2,10,0,0,87
2025-04-05,Hyderabad,Painter,Clear,Normal day,5,4,1,0,71
2023-02-21,Bengaluru,Technician,Clear,Normal day,1,2,0,0,67
2025-09-21,Hyderabad,Electrician,Rain,Major event,6,9,1,0,179
2024-06-21,Mumbai,Domestic Helper,Rain,Normal day,4,6,0,0,154
2024-07-06,Bengaluru,Carpenter,Clear,Normal day,5,7,1,0,111
2023-05-15,Delhi,Technician,Clear,Normal day,0,5,0,0,105
2025-10-24,Bengaluru,Technician,Clear,Normal day,4,10,0,0,92
2025-10-14,Hyderabad,Technician,Clear,Normal day,1,10,0,0,68
2024-04-03,Bengaluru,Plumber,Clear,Normal day,2,4,0,0,110
2023-09-04,Hyderabad,Painter,Rain,Normal day,0,9,0,0,106
2023-07-29,Hyderabad,Painter,Extreme heat,Normal day,5,7,1,1,91
2025-09-20,Delhi,Electrician,Rain,Normal day,5,9,1,0,153
2024-05-23,Mumbai,Technician,Clear,Normal day,3,5,0,0,101
2024-01-10,Mumbai,Caregiver,Clear,Normal day,2,1,0,0,88
2024-08-15,Bengaluru,Domestic Helper,Clear,Major event,3,8,0,0,127
2024-06-24,Mumbai,Painter,Rain,Normal day,0,6,0,0,94
2023-10-13,Bengaluru,Plumber,Clear,Normal day,4,10,0,0,105
2023-12-18,Bengaluru,Electrician,Clear,Normal day,0,12,0,0,89
2023-02-26,Delhi,Electrician,Clear,Normal day,6,2,1,1,123
2023-06-21,Mumbai,Carpenter,Rain,Normal day,2,6,0,0,132
2025-11-16,Hyderabad,Plumber,Rain,Holiday,6,11,1,0,160
2025-06-29,Bengaluru,Caregiver,Rain,Normal day,6,6,1,1,120
2024-08-16,Bengaluru,Technician,Rain,Holiday,4,8,0,0,120
2025-03-28,Delhi,Carpenter,Clear,Normal day,4,3,0,1,111
2023-09-04,Hyderabad,Carpenter,Rain,Normal day,0,9,0,0,110
2024-04-22,Hyderabad,Domestic Helper,Clear,Normal day,0,4,0,0,67
2023-12-20,Bengaluru,Technician,Clear,Normal day,2,12,0,0,93
2025-05-07,Hyderabad,Carpenter,Clear,Holiday,2,5,0,0,72
2024-01-04,Mumbai,Painter,Clear,Normal day,3,1,0,0,69
2025-04-05,Bengaluru,Technician,Extreme heat,Holiday,5,4,1,0,129
2023-11-20,Hyderabad,Caregiver,Clear,Normal day,0,11,0,0,73
2023-12-05,Hyderabad,Domestic Helper,Rain,Holiday,1,12,0,0,111
2025-03-14,Hyderabad,Caregiver,Clear,Normal day,4,3,0,0,85
2024-12-27,Mumbai,Caregiver,Clear,Normal day,4,12,0,1,80
2023-07-01,Hyderabad,Electrician,Clear,Holiday,5,7,1,0,123
2024-05-23,Mumbai,Painter,Clear,Normal day,3,5,0,0,86
2024-04-04,Delhi,Caregiver,Clear,Holiday,3,4,0,0,80
2025-07-31,Hyderabad,Plumber,Clear,Holiday,3,7,0,1,112
2025-05-13,Delhi,Technician,Extreme heat,Normal day,1,5,0,0,110
2024-05-24,Delhi,Domestic Helper,Clear,Normal day,4,5,0,0,112
2025-11-13,Delhi,Plumber,Clear,Major event,3,11,0,0,148
2024-11-23,Bengaluru,Painter,Clear,Normal day,5,11,1,0,93
2024-12-29,Mumbai,Technician,Clear,Normal day,6,12,1,1,115
2023-09-14,Bengaluru,Domestic Helper,Extreme heat,Normal day,3,9,0,0,107
2024-03-30,Delhi,Domestic Helper,Clear,Normal day,5,3,1,1,127
2024-04-11,Bengaluru,Painter,Clear,Normal day,3,4,0,0,62
2025-09-09,Mumbai,Technician,Rain,Normal day,1,9,0,0,104
2023-05-20,Hyderabad,Electrician,Extreme heat,Holiday,5,5,1,0,151
2024-09-06,Bengaluru,Plumber,Extreme heat,Normal day,4,9,0,0,133
2024-05-23,Delhi,Caregiver,Extreme heat,Normal day,3,5,0,0,90
2023-12-01,Mumbai,Caregiver,Clear,Normal day,4,12,0,0,84
2025-08-31,Hyderabad,Electrician,Clear,Normal day,6,8,1,1,117
2023-03-31,Delhi,Carpenter,Clear,Holiday,4,3,0,1,112
2024-11-11,Bengaluru,Plumber,Clear,Normal day,0,11,0,0,119
2024-09-10,Hyderabad,Plumber,Clear,Normal day,1,9,0,0,85
2025-05-28,Delhi,Caregiver,Clear,Normal day,2,5,0,1,85
2024-08-15,Delhi,Electrician,Rain,Normal day,3,8,0,0,122
2023-05-10,Hyderabad,Technician,Extreme heat,Normal day,2,5,0,0,89
2023-05-14,Mumbai,Caregiver,Clear,Normal day,6,5,1,0,110
2023-03-27,Bengaluru,Technician,Clear,Normal day,0,3,0,1,105
2023-10-25,Bengaluru,Carpenter,Clear,Normal day,2,10,0,0,101
2025-11-24,Bengaluru,Technician,Clear,Normal day,0,11,0,0,87
2024-01-14,Hyderabad,Caregiver,Clear,Normal day,6,1,1,0,84
2025-05-14,Mumbai,Caregiver,Extreme heat,Normal day,2,5,0,0,88
2025-06-20,Delhi,Domestic Helper,Clear,Normal day,4,6,0,0,97
2023-07-04,Delhi,Carpenter,Rain,Normal day,1,7,0,0,109
2023-04-11,Bengaluru,Electrician,Extreme heat,Normal day,1,4,0,0,100
2024-01-05,Bengaluru,Technician,Clear,Normal day,4,1,0,0,100
2025-01-09,Mumbai,Caregiver,Rain,Normal day,3,1,0,0,121
2023-04-02,Delhi,Electrician,Clear,Holiday,6,4,1,0,128
2023-05-07,Mumbai,Technician,Rain,Normal day,6,5,1,0,141
2025-03-19,Mumbai,Painter,Clear,Normal day,2,3,0,0,90
2023-09-15,Bengaluru,Domestic Helper,Rain,Normal day,4,9,0,0,110
2023-04-25,Hyderabad,Painter,Clear,Major event,1,4,0,0,95
2024-09-08,Mumbai,Carpenter,Rain,Normal day,6,9,1,0,138
2024-01-02,Bengaluru,Carpenter,Rain,Normal day,1,1,0,0,86
2024-07-15,Hyderabad,Painter,Rain,Holiday,0,7,0,0,117
2025-06-11,Delhi,Plumber,Clear,Normal day,2,6,0,0,128
2024-09-28,Delhi,Painter,Rain,Normal day,5,9,1,1,119
2025-06-26,Delhi,Domestic Helper,Rain,Normal day,3,6,0,1,163
2024-09-23,Delhi,Plumber,Clear,Normal day,0,9,0,0,101
2023-03-01,Hyderabad,Plumber,Clear,Normal day,2,3,0,0,91
2024-06-12,Hyderabad,Painter,Rain,Normal day,2,6,0,0,92
2024-01-13,Hyderabad,Carpenter,Clear,Holiday,5,1,1,0,87
2025-03-23,Delhi,Domestic Helper,Clear,Normal day,6,3,1,0,110
2023-04-20,Bengaluru,Caregiver,Extreme heat,Normal day,3,4,0,0,92
2024-01-18,Bengaluru,Plumber,Clear,Holiday,3,1,0,0,116
2025-07-14,Hyderabad,Painter,Rain,Normal day,0,7,0,0,76
2025-04-01,Mumbai,Technician,Clear,Holiday,1,4,0,0,81
2023-02-26,Bengaluru,Electrician,Clear,Normal day,6,2,1,1,95
2023-07-24,Bengaluru,Carpenter,Rain,Normal day,0,7,0,0,113
2024-05-29,Hyderabad,Electrician,Clear,Normal day,2,5,0,1,102
2023-01-31,Bengaluru,Painter,Clear,Normal day,1,1,0,1,94
2025-09-12,Hyderabad,Domestic Helper,Clear,Normal day,4,9,0,0,85
2023-12-21,Delhi,Painter,Rain,Normal day,3,12,0,0,123
2024-07-13,Hyderabad,Plumber,Extreme heat,Normal day,5,7,1,0,144
2024-06-22,Mumbai,Caregiver,Rain,Holiday,5,6,1,0,138
2023-08-16,Mumbai,Electrician,Clear,Normal day,2,8,0,0,106
2025-09-07,Delhi,Plumber,Clear,Normal day,6,9,1,0,116
2025-03-01,Bengaluru,Painter,Clear,Normal day,5,3,1,0,91
2023-12-12,Delhi,Carpenter,Rain,Holiday,1,12,0,0,139
2023-09-19,Bengaluru,Caregiver,Rain,Normal day,1,9,0,0,113
2025-10-28,Delhi,Carpenter,Clear,Normal day,1,10,0,1,102
2024-07-03,Bengaluru,Electrician,Rain,Normal day,2,7,0,0,144
2024-09-17,Delhi,Carpenter,Rain,Normal day,1,9,0,0,120
2023-10-26,Mumbai,Technician,Rain,Holiday,3,10,0,1,137
2024-02-01,Mumbai,Caregiver,Extreme heat,Normal day,3,2,0,0,87
2025-10-03,Bengaluru,Painter,Clear,Normal day,4,10,0,0,76
2024-02-27,Mumbai,Caregiver,Clear,Normal day,1,2,0,1,94
2023-12-07,Hyderabad,Plumber,Clear,Normal day,3,12,0,0,76
2025-02-16,Mumbai,Technician,Clear,Normal day,6,2,1,0,110
2023-01-26,Bengaluru,Technician,Clear,Normal day,3,1,0,1,78
2025-03-03,Mumbai,Technician,Clear,Normal day,0,3,0,0,105
2024-02-03,Bengaluru,Painter,Clear,Normal day,5,2,1,0,72
2024-04-15,Delhi,Caregiver,Clear,Normal day,0,4,0,0,75
2024-06-30,Mumbai,Carpenter,Rain,Normal day,6,6,1,1,130
2023-01-25,Bengaluru,Technician,Rain,Normal day,2,1,0,0,107
2023-08-01,Bengaluru,Caregiver,Rain,Normal day,1,8,0,0,81
2025-10-31,Delhi,Domestic Helper,Rain,Normal day,4,10,0,1,173
2024-12-08,Mumbai,Carpenter,Clear,Normal day,6,12,1,0,102
2025-01-06,Delhi,Carpenter,Clear,Normal day,0,1,0,0,73
2024-03-06,Delhi,Caregiver,Clear,Normal day,2,3,0,0,68
2024-03-21,Hyderabad,Caregiver,Clear,Holiday,3,3,0,0,96
2024-10-18,Mumbai,Caregiver,Clear,Holiday,4,10,0,0,125
2025-07-23,Delhi,Technician,Rain,Normal day,2,7,0,0,118
2025-05-21,Mumbai,Technician,Extreme heat,Holiday,2,5,0,0,117
2024-10-06,Hyderabad,Domestic Helper,Clear,Normal day,6,10,1,0,112
2023-08-03,Delhi,Technician,Clear,Holiday,3,8,0,0,119
2025-02-10,Mumbai,Electrician,Clear,Normal day,0,2,0,0,103
2025-02-19,Delhi,Plumber,Clear,Normal day,2,2,0,0,106
2024-04-08,Hyderabad,Plumber,Clear,Normal day,0,4,0,0,94
2023-07-31,Mumbai,Electrician,Extreme heat,Normal day,0,7,0,1,150
2025-10-20,Bengaluru,Painter,Rain,Holiday,0,10,0,0,112
2024-03-06,Mumbai,Domestic Helper,Rain,Normal day,2,3,0,0,155
2024-03-10,Mumbai,Plumber,Clear,Normal day,6,3,1,0,141
2023-01-31,Mumbai,Plumber,Clear,Major event,1,1,0,1,131
2023-05-10,Hyderabad,Painter,Clear,Normal day,2,5,0,0,69
2023-03-03,Hyderabad,Caregiver,Clear,Major event,4,3,0,0,93
2023-06-21,Delhi,Plumber,Clear,Normal day,2,6,0,0,109
2024-08-14,Bengaluru,Caregiver,Clear,Normal day,2,8,0,0,81
2024-10-15,Mumbai,Caregiver,Rain,Normal day,1,10,0,0,116
2023-04-08,Hyderabad,Carpenter,Clear,Normal day,5,4,1,0,76
2023-10-11,Mumbai,Carpenter,Clear,Normal day,2,10,0,0,109
2024-10-09,Bengaluru,Electrician,Clear,Normal day,2,10,0,0,107
2023-02-04,Hyderabad,Technician,Clear,Normal day,5,2,1,0,92
2023-01-08,Delhi,Technician,Clear,Normal day,6,1,1,0,114
2025-02-15,Hyderabad,Technician,Clear,Major event,5,2,1,0,107
2023-04-05,Hyderabad,Painter,Extreme heat,Normal day,2,4,0,0,88
2025-05-14,Delhi,Electrician,Clear,Normal day,2,5,0,0,94
2025-03-15,Delhi,Carpenter,Rain,Normal day,5,3,1,0,134
2024-04-05,Delhi,Electrician,Extreme heat,Normal day,4,4,0,0,127
2023-07-25,Hyderabad,Domestic Helper,Rain,Normal day,1,7,0,0,123
2024-07-04,Hyderabad,Electrician,Rain,Major event,3,7,0,0,181
2024-02-03,Hyderabad,Painter,Clear,Normal day,5,2,1,0,68
2023-10-16,Hyderabad,Domestic Helper,Clear,Normal day,0,10,0,0,81
2025-04-09,Mumbai,Painter,Extreme heat,Normal day,2,4,0,0,93
2025-12-17,Mumbai,Domestic Helper,Clear,Normal day,2,12,0,0,117
2023-08-31,Hyderabad,Domestic Helper,Extreme heat,Normal day,3,8,0,1,97
2025-09-20,Bengaluru,Carpenter,Clear,Normal day,5,9,1,0,80
2025-05-28,Mumbai,Carpenter,Clear,Holiday,2,5,0,1,114
2025-07-19,Hyderabad,Electrician,Rain,Normal day,5,7,1,0,134
2023-02-15,Bengaluru,Plumber,Clear,Normal day,2,2,0,0,87
2025-01-04,Hyderabad,Technician,Extreme heat,Normal day,5,1,1,0,110
2024-01-18,Hyderabad,Electrician,Clear,Holiday,3,1,0,0,84
2023-01-12,Delhi,Plumber,Rain,Normal day,3,1,0,0,124
2025-01-09,Delhi,Domestic Helper,Clear,Normal day,3,1,0,0,103
2025-08-01,Hyderabad,Painter,Clear,Holiday,4,8,0,0,85
2023-10-10,Hyderabad,Carpenter,Clear,Holiday,1,10,0,0,89
2023-06-02,Bengaluru,Domestic Helper,Rain,Normal day,4,6,0,0,157
2023-10-24,Delhi,Electrician,Clear,Normal day,1,10,0,0,124
2023-10-10,Hyderabad,Carpenter,Clear,Holiday,1,10,0,0,96
2025-09-04,Delhi,Domestic Helper,Rain,Normal day,3,9,0,0,118
2024-06-25,Delhi,Carpenter,Rain,Holiday,1,6,0,0,116
2024-12-10,Delhi,Carpenter,Clear,Normal day,1,12,0,0,88
2024-10-15,Hyderabad,Technician,Clear,Major event,1,10,0,0,112
2023-10-17,Mumbai,Technician,Rain,Normal day,1,10,0,0,109
2023-01-01,Bengaluru,Caregiver,Clear,Normal day,6,1,1,0,80
2024-03-25,Delhi,Painter,Clear,Holiday,0,3,0,0,80
2023-12-18,Mumbai,Technician,Clear,Normal day,0,12,0,0,94
2025-08-20,Mumbai,Domestic Helper,Clear,Normal day,2,8,0,0,103
2024-11-02,Delhi,Electrician,Clear,Normal day,5,11,1,0,110
2025-11-24,Mumbai,Plumber,Clear,Normal day,0,11,0,0,104
2024-05-07,Bengaluru,Plumber,Extreme heat,Holiday,1,5,0,0,119
2025-02-03,Bengaluru,Painter,Clear,Normal day,0,2,0,0,69
2023-05-01,Bengaluru,Electrician,Rain,Normal day,0,5,0,0,117
2023-12-31,Hyderabad,Technician,Clear,Normal day,6,12,1,1,99
2023-06-26,Delhi,Plumber,Clear,Normal day,0,6,0,1,121
2023-03-31,Delhi,Plumber,Rain,Normal day,4,3,0,1,172
2025-06-21,Bengaluru,Technician,Rain,Normal day,5,6,1,0,128
2023-03-09,Hyderabad,Electrician,Clear,Normal day,3,3,0,0,103
2023-01-31,Bengaluru,Painter,Clear,Normal day,1,1,0,1,79
2023-06-27,Delhi,Domestic Helper,Rain,Normal day,1,6,0,1,124
2024-04-09,Mumbai,Technician,Rain,Normal day,1,4,0,0,110
2024-03-12,Hyderabad,Carpenter,Clear,Normal day,1,3,0,0,66
2025-08-25,Bengaluru,Painter,Rain,Holiday,0,8,0,0,111
2025-11-20,Mumbai,Painter,Clear,Normal day,3,11,0,0,95
2023-06-19,Mumbai,Technician,Rain,Holiday,0,6,0,0,134
2024-06-12,Delhi,Electrician,Clear,Normal day,2,6,0,0,107
2025-04-05,Mumbai,Caregiver,Clear,Normal day,5,4,1,0,103
2024-08-30,Mumbai,Technician,Rain,Normal day,4,8,0,1,159
2024-06-08,Mumbai,Carpenter,Rain,Normal day,5,6,1,0,146
2025-12-21,Bengaluru,Painter,Rain,Normal day,6,12,1,0,96
2025-06-10,Bengaluru,Caregiver,Clear,Normal day,1,6,0,0,82
2024-03-24,Delhi,Carpenter,Rain,Normal day,6,3,1,0,117
2024-09-13,Mumbai,Carpenter,Rain,Normal day,4,9,0,0,114
2024-09-02,Hyderabad,Plumber,Rain,Normal day,0,9,0,0,91
2023-04-19,Hyderabad,Technician,Clear,Normal day,2,4,0,0,89
2023-04-13,Hyderabad,Carpenter,Clear,Normal day,3,4,0,0,68
2023-06-13,Delhi,Painter,Clear,Normal day,1,6,0,0,76
2023-01-20,Bengaluru,Domestic Helper,Rain,Normal day,4,1,0,0,107
2024-10-26,Bengaluru,Electrician,Clear,Normal day,5,10,1,1,130
2023-02-26,Bengaluru,Plumber,Clear,Holiday,6,2,1,1,121
2023-07-25,Hyderabad,Technician,Rain,Normal day,1,7,0,0,114
2023-02-09,Mumbai,Carpenter,Clear,Normal day,3,2,0,0,79
2025-06-30,Hyderabad,Electrician,Rain,Normal day,0,6,0,1,113
2023-02-18,Hyderabad,Caregiver,Clear,Normal day,5,2,1,0,65
2024-10-07,Delhi,Caregiver,Rain,Normal day,0,10,0,0,100
2023-01-02,Bengaluru,Caregiver,Clear,Normal day,0,1,0,0,64
2024-10-04,Delhi,Technician,Extreme heat,Major event,4,10,0,0,146
2025-05-05,Bengaluru,Electrician,Clear,Normal day,0,5,0,0,100
2024-01-10,Delhi,Technician,Clear,Normal day,2,1,0,0,87
2024-06-15,Hyderabad,Caregiver,Rain,Normal day,5,6,1,0,111
2025-06-16,Delhi,Electrician,Extreme heat,Normal day,0,6,0,0,118
2025-06-26,Mumbai,Technician,Clear,Normal day,3,6,0,1,93
2023-04-12,Delhi,Caregiver,Extreme heat,Normal day,2,4,0,0,98
2023-02-27,Mumbai,Caregiver,Clear,Holiday,0,2,0,1,86
2023-01-20,Hyderabad,Carpenter,Extreme heat,Normal day,4,1,0,0,87
2024-09-14,Bengaluru,Plumber,Rain,Normal day,5,9,1,0,128
2023-01-07,Delhi,Carpenter,Clear,Major event,5,1,1,0,117
2024-03-15,Hyderabad,Electrician,Clear,Normal day,4,3,0,0,100
2024-08-05,Bengaluru,Electrician,Rain,Normal day,0,8,0,0,152
2023-07-12,Mumbai,Caregiver,Clear,Normal day,2,7,0,0,114
2023-12-23,Delhi,Carpenter,Clear,Normal day,5,12,1,0,92
2025-02-04,Delhi,Plumber,Clear,Normal day,1,2,0,0,108
2023-03-10,Bengaluru,Painter,Extreme heat,Normal day,4,3,0,0,76
2023-01-27,Bengaluru,Painter,Clear,Normal day,4,1,0,1,62
2023-05-01,Bengaluru,Domestic Helper,Clear,Normal day,0,5,0,0,90
2024-06-22,Bengaluru,Technician,Rain,Normal day,5,6,1,0,112
2025-09-07,Delhi,Caregiver,Rain,Normal day,6,9,1,0,151
2024-03-22,Mumbai,Domestic Helper,Clear,Normal day,4,3,0,0,97
2025-02-06,Mumbai,Electrician,Clear,Normal day,3,2,0,0,116
2025-02-11,Mumbai,Carpenter,Clear,Normal day,1,2,0,0,92
2024-12-13,Bengaluru,Electrician,Clear,Normal day,4,12,0,0,86
2024-10-03,Delhi,Plumber,Rain,Holiday,3,10,0,0,170
2023-08-05,Hyderabad,Domestic Helper,Clear,Normal day,5,8,1,0,86
2024-01-18,Mumbai,Plumber,Clear,Normal day,3,1,0,0,112
2023-07-15,Bengaluru,Electrician,Rain,Major event,5,7,1,0,213
2023-03-23,Hyderabad,Technician,Clear,Normal day,3,3,0,0,86
2023-01-12,Hyderabad,Domestic Helper,Clear,Major event,3,1,0,0,118
2023-08-27,Bengaluru,Painter,Clear,Normal day,6,8,1,1,91
2023-10-06,Bengaluru,Carpenter,Rain,Normal day,4,10,0,0,122
2025-07-23,Delhi,Technician,Rain,Normal day,2,7,0,0,123
2025-07-12,Delhi,Technician,Rain,Normal day,5,7,1,0,148
2023-12-17,Hyderabad,Carpenter,Clear,Holiday,6,12,1,0,105
2024-05-07,Hyderabad,Caregiver,Extreme heat,Normal day,1,5,0,0,100
2023-01-18,Mumbai,Painter,Clear,Normal day,2,1,0,0,86
2023-06-09,Delhi,Painter,Extreme heat,Normal day,4,6,0,0,89
2023-09-16,Bengaluru,Painter,Clear,Normal day,5,9,1,0,81
2023-11-28,Mumbai,Caregiver,Clear,Major event,1,11,0,1,103
2024-01-23,Hyderabad,Caregiver,Extreme heat,Holiday,1,1,0,0,80
2023-12-17,Bengaluru,Carpenter,Rain,Normal day,6,12,1,0,106
2023-09-12,Hyderabad,Caregiver,Clear,Normal day,1,9,0,0,64
2023-07-13,Hyderabad,Electrician,Rain,Normal day,3,7,0,0,144
2024-03-09,Delhi,Carpenter,Clear,Holiday,5,3,1,0,107
2024-10-02,Hyderabad,Caregiver,Extreme heat,Holiday,2,10,0,0,88
2023-07-12,Hyderabad,Domestic Helper,Rain,Normal day,2,7,0,0,135
2024-11-26,Mumbai,Painter,Clear,Normal day,1,11,0,1,78
2024-03-18,Bengaluru,Domestic Helper,Extreme heat,Normal day,0,3,0,0,100
2023-11-13,Hyderabad,Plumber,Clear,Normal day,0,11,0,0,110
2024-09-28,Bengaluru,Caregiver,Clear,Normal day,5,9,1,1,110
2023-12-11,Hyderabad,Plumber,Clear,Holiday,0,12,0,0,109
2024-03-13,Delhi,Domestic Helper,Clear,Normal day,2,3,0,0,103
2024-04-13,Mumbai,Caregiver,Extreme heat,Holiday,5,4,1,0,148
2023-07-01,Delhi,Carpenter,Rain,Normal day,5,7,1,0,145
2024-03-08,Mumbai,Caregiver,Rain,Normal day,4,3,0,0,120
2023-05-16,Hyderabad,Carpenter,Rain,Normal day,1,5,0,0,96
2023-01-21,Mumbai,Caregiver,Clear,Major event,5,1,1,0,115
2023-03-15,Mumbai,Electrician,Clear,Normal day,2,3,0,0,122
2023-11-02,Mumbai,Technician,Clear,Normal day,3,11,0,0,125
2025-10-16,Delhi,Technician,Rain,Normal day,3,10,0,0,123
2023-07-31,Mumbai,Carpenter,Rain,Holiday,0,7,0,1,148
2023-09-25,Bengaluru,Painter,Clear,Holiday,0,9,0,0,95
2024-06-03,Hyderabad,Plumber,Clear,Normal day,0,6,0,0,91
2023-04-28,Delhi,Caregiver,Extreme heat,Normal day,4,4,0,1,135
2025-06-20,Hyderabad,Painter,Clear,Normal day,4,6,0,0,82
2023-07-16,Mumbai,Plumber,Rain,Normal day,6,7,1,0,157
2023-11-28,Bengaluru,Painter,Clear,Normal day,1,11,0,1,104
2023-06-01,Hyderabad,Carpenter,Clear,Normal day,3,6,0,0,77
2023-11-22,Mumbai,Electrician,Rain,Major event,2,11,0,0,228
2024-05-22,Delhi,Electrician,Extreme heat,Normal day,2,5,0,0,145
2023-11-05,Bengaluru,Technician,Rain,Normal day,6,11,1,0,104
2025-05-09,Hyderabad,Electrician,Clear,Normal day,4,5,0,0,107
2025-01-24,Hyderabad,Technician,Extreme heat,Normal day,4,1,0,0,86
2023-03-25,Hyderabad,Plumber,Clear,Normal day,5,3,1,0,114
2023-06-22,Hyderabad,Carpenter,Clear,Normal day,3,6,0,0,84
2024-08-10,Delhi,Carpenter,Rain,Normal day,5,8,1,0,133
2025-06-02,Hyderabad,Plumber,Rain,Normal day,0,6,0,0,116
2024-01-22,Mumbai,Domestic Helper,Clear,Major event,0,1,0,0,113
2025-02-10,Mumbai,Painter,Clear,Normal day,0,2,0,0,79
2025-02-28,Mumbai,Painter,Rain,Normal day,4,2,0,1,96
2024-08-28,Mumbai,Carpenter,Clear,Normal day,2,8,0,1,123
2023-10-09,Delhi,Caregiver,Clear,Normal day,0,10,0,0,102
2023-11-06,Bengaluru,Caregiver,Clear,Normal day,0,11,0,0,94
2023-03-22,Hyderabad,Domestic Helper,Extreme heat,Normal day,2,3,0,0,75
2025-04-14,Mumbai,Caregiver,Clear,Normal day,0,4,0,0,92
2023-06-23,Hyderabad,Carpenter,Clear,Normal day,4,6,0,0,60
2024-05-05,Mumbai,Caregiver,Extreme heat,Normal day,6,5,1,0,111
2025-08-01,Mumbai,Carpenter,Rain,Normal day,4,8,0,0,114
2024-04-28,Mumbai,Plumber,Clear,Normal day,6,4,1,1,127
2023-03-13,Mumbai,Electrician,Clear,Normal day,0,3,0,0,96
2025-12-19,Hyderabad,Painter,Clear,Normal day,4,12,0,0,70
2024-06-30,Delhi,Technician,Rain,Normal day,6,6,1,1,132
2024-07-04,Hyderabad,Carpenter,Rain,Normal day,3,7,0,0,119
2024-07-03,Delhi,Plumber,Clear,Normal day,2,7,0,0,115
2025-01-29,Hyderabad,Technician,Clear,Normal day,2,1,0,1,83
2025-10-26,Hyderabad,Technician,Clear,Normal day,6,10,1,1,103
2024-07-28,Mumbai,Electrician,Clear,Normal day,6,7,1,1,148
2023-02-15,Bengaluru,Domestic Helper,Clear,Normal day,2,2,0,0,77
2024-09-19,Bengaluru,Technician,Clear,Normal day,3,9,0,0,94
2023-10-20,Delhi,Technician,Rain,Normal day,4,10,0,0,115
2025-03-24,Delhi,Technician,Clear,Normal day,0,3,0,0,96
2024-05-05,Bengaluru,Painter,Extreme heat,Normal day,6,5,1,0,74
2024-05-05,Delhi,Technician,Extreme heat,Normal day,6,5,1,0,113
2024-06-28,Mumbai,Painter,Clear,Normal day,4,6,0,1,94
2023-04-18,Delhi,Caregiver,Clear,Normal day,1,4,0,0,95
2023-11-19,Hyderabad,Technician,Clear,Normal day,6,11,1,0,92
2024-09-24,Mumbai,Caregiver,Rain,Normal day,1,9,0,0,116
2025-04-25,Mumbai,Caregiver,Extreme heat,Normal day,4,4,0,0,85
2023-02-07,Bengaluru,Domestic Helper,Clear,Normal day,1,2,0,0,73
2025-10-12,Delhi,Plumber,Clear,Holiday,6,10,1,0,140
2025-01-24,Hyderabad,Electrician,Rain,Normal day,4,1,0,0,106
2024-10-13,Mumbai,Plumber,Clear,Normal day,6,10,1,0,149
2024-07-26,Mumbai,Painter,Rain,Normal day,4,7,0,1,120
2025-08-01,Delhi,Carpenter,Rain,Normal day,4,8,0,0,136
2025-10-17,Bengaluru,Electrician,Clear,Normal day,4,10,0,0,115
2023-12-02,Bengaluru,Caregiver,Clear,Normal day,5,12,1,0,76
2023-10-30,Mumbai,Painter,Clear,Holiday,0,10,0,1,111
2025-05-30,Hyderabad,Caregiver,Clear,Normal day,4,5,0,1,84
2025-08-16,Bengaluru,Electrician,Clear,Holiday,5,8,1,0,140
2023-04-06,Delhi,Technician,Clear,Normal day,3,4,0,0,82
2023-05-09,Bengaluru,Carpenter,Clear,Normal day,1,5,0,0,84
2023-04-04,Bengaluru,Electrician,Extreme heat,Normal day,1,4,0,0,113
2023-12-31,Mumbai,Electrician,Clear,Normal day,6,12,1,1,105
2024-02-04,Bengaluru,Painter,Clear,Normal day,6,2,1,0,76
2023-09-10,Mumbai,Technician,Clear,Normal day,6,9,1,0,100
2023-06-27,Hyderabad,Plumber,Rain,Normal day,1,6,0,1,143
2024-02-10,Hyderabad,Domestic Helper,Clear,Normal day,5,2,1,0,101
2025-11-27,Hyderabad,Plumber,Rain,Major event,3,11,0,1,167
2024-01-17,Hyderabad,Technician,Clear,Holiday,2,1,0,0,74
2025-02-03,Delhi,Technician,Rain,Normal day,0,2,0,0,128
2024-03-12,Mumbai,Plumber,Clear,Normal day,1,3,0,0,98
2025-06-25,Mumbai,Caregiver,Rain,Normal day,2,6,0,0,102
2023-12-23,Bengaluru,Carpenter,Clear,Normal day,5,12,1,0,98
2024-03-30,Delhi,Plumber,Clear,Normal day,5,3,1,1,138
2023-06-28,Delhi,Electrician,Rain,Holiday,2,6,0,1,131
2023-04-11,Hyderabad,Electrician,Clear,Normal day,1,4,0,0,83
2025-10-16,Bengaluru,Technician,Clear,Holiday,3,10,0,0,111
2024-02-14,Hyderabad,Electrician,Clear,Normal day,2,2,0,0,92
2023-11-16,Hyderabad,Electrician,Clear,Normal day,3,11,0,0,124
2024-03-31,Mumbai,Caregiver,Clear,Normal day,6,3,1,1,92
2025-06-09,Delhi,Domestic Helper,Rain,Normal day,0,6,0,0,122
2025-09-06,Mumbai,Carpenter,Clear,Normal day,5,9,1,0,124
2023-10-25,Mumbai,Plumber,Extreme heat,Normal day,2,10,0,0,153
2023-10-18,Mumbai,Caregiver,Clear,Normal day,2,10,0,0,82
2024-08-21,Delhi,Plumber,Clear,Normal day,2,8,0,0,105
2023-11-12,Mumbai,Plumber,Clear,Normal day,6,11,1,0,116
2023-04-28,Hyderabad,Plumber,Extreme heat,Normal day,4,4,0,1,136
2024-11-22,Mumbai,Carpenter,Clear,Normal day,4,11,0,0,96
2024-05-11,Hyderabad,Technician,Extreme heat,Holiday,5,5,1,0,122
2023-08-23,Bengaluru,Carpenter,Clear,Normal day,2,8,0,0,79
2024-07-18,Bengaluru,Technician,Clear,Normal day,3,7,0,0,83
2024-10-07,Mumbai,Technician,Clear,Normal day,0,10,0,0,105
2023-09-07,Delhi,Plumber,Clear,Normal day,3,9,0,0,106
2024-03-26,Hyderabad,Plumber,Clear,Holiday,1,3,0,1,121
2024-08-10,Hyderabad,Plumber,Rain,Normal day,5,8,1,0,154
2025-01-18,Hyderabad,Electrician,Clear,Normal day,5,1,1,0,91
2025-09-02,Bengaluru,Carpenter,Clear,Normal day,1,9,0,0,78
2023-12-23,Bengaluru,Carpenter,Clear,Normal day,5,12,1,0,102
2024-07-02,Bengaluru,Electrician,Rain,Normal day,1,7,0,0,128
2024-12-01,Delhi,Painter,Clear,Normal day,6,12,1,0,90
2023-07-07,Hyderabad,Domestic Helper,Extreme heat,Normal day,4,7,0,0,120
2025-07-12,Hyderabad,Carpenter,Rain,Holiday,5,7,1,0,133
2023-01-02,Mumbai,Electrician,Clear,Normal day,0,1,0,0,101
2023-11-21,Bengaluru,Electrician,Clear,Normal day,1,11,0,0,109
2023-07-16,Mumbai,Caregiver,Rain,Normal day,6,7,1,0,123
2023-05-31,Mumbai,Domestic Helper,Clear,Normal day,2,5,0,1,102
2025-04-06,Hyderabad,Domestic Helper,Rain,Normal day,6,4,1,0,110
2023-03-16,Hyderabad,Plumber,Clear,Normal day,3,3,0,0,85
2025-09-17,Mumbai,Electrician,Rain,Normal day,2,9,0,0,163
2024-01-15,Mumbai,Painter,Clear,Normal day,0,1,0,0,65
2023-02-27,Hyderabad,Carpenter,Clear,Normal day,0,2,0,1,77
2025-08-31,Hyderabad,Carpenter,Clear,Normal day,6,8,1,1,103
2024-03-01,Delhi,Plumber,Clear,Holiday,4,3,0,0,119
2025-02-21,Delhi,Carpenter,Clear,Normal day,4,2,0,0,84
2024-11-16,Mumbai,Plumber,Clear,Holiday,5,11,1,0,155
2023-09-05,Bengaluru,Carpenter,Rain,Normal day,1,9,0,0,102
2025-09-22,Hyderabad,Carpenter,Extreme heat,Normal day,0,9,0,0,105
2025-07-23,Delhi,Painter,Clear,Holiday,2,7,0,0,113
2023-10-15,Hyderabad,Domestic Helper,Clear,Normal day,6,10,1,0,92
2025-06-10,Hyderabad,Painter,Clear,Normal day,1,6,0,0,74
2025-07-10,Delhi,Electrician,Clear,Normal day,3,7,0,0,121
2024-12-12,Hyderabad,Caregiver,Extreme heat,Normal day,3,12,0,0,76
2024-11-08,Bengaluru,Electrician,Clear,Normal day,4,11,0,0,105
2024-03-27,Hyderabad,Plumber,Clear,Normal day,2,3,0,1,103
2024-07-11,Hyderabad,Domestic Helper,Clear,Normal day,3,7,0,0,103
2023-06-11,Bengaluru,Caregiver,Rain,Normal day,6,6,1,0,100
2025-02-17,Mumbai,Carpenter,Clear,Normal day,0,2,0,0,87
2025-08-12,Bengaluru,Plumber,Clear,Holiday,1,8,0,0,135
2025-12-19,Mumbai,Painter,Clear,Normal day,4,12,0,0,83
2024-09-05,Mumbai,Electrician,Rain,Normal day,3,9,0,0,106
2025-12-10,Delhi,Domestic Helper,Clear,Normal day,2,12,0,0,100
2025-04-27,Hyderabad,Plumber,Clear,Normal day,6,4,1,1,105
2024-06-20,Delhi,Caregiver,Clear,Normal day,3,6,0,0,85
2023-05-30,Delhi,Domestic Helper,Clear,Normal day,1,5,0,1,100
2024-05-15,Mumbai,Technician,Extreme heat,Normal day,2,5,0,0,93
2024-07-18,Hyderabad,Carpenter,Clear,Normal day,3,7,0,0,62
2025-04-19,Delhi,Electrician,Clear,Normal day,5,4,1,0,96
2023-12-17,Mumbai,Plumber,Clear,Normal day,6,12,1,0,139
2025-05-10,Mumbai,Domestic Helper,Extreme heat,Normal day,5,5,1,0,137
2024-03-23,Delhi,Electrician,Clear,Holiday,5,3,1,0,160
2023-01-17,Hyderabad,Plumber,Clear,Holiday,1,1,0,0,109
2025-09-07,Bengaluru,Painter,Clear,Normal day,6,9,1,0,72
2025-11-28,Delhi,Plumber,Clear,Normal day,4,11,0,1,119
2025-04-25,Delhi,Carpenter,Clear,Normal day,4,4,0,0,85
2023-09-15,Bengaluru,Plumber,Clear,Normal day,4,9,0,0,114
2025-06-05,Delhi,Painter,Rain,Normal day,3,6,0,0,100
2024-04-02,Bengaluru,Technician,Clear,Normal day,1,4,0,0,76
2024-12-29,Bengaluru,Plumber,Clear,Normal day,6,12,1,1,125
2025-08-03,Delhi,Technician,Clear,Normal day,6,8,1,0,104
2025-03-13,Mumbai,Carpenter,Clear,Normal day,3,3,0,0,88
2025-08-23,Bengaluru,Domestic Helper,Rain,Normal day,5,8,1,0,150
2023-06-11,Mumbai,Electrician,Clear,Normal day,6,6,1,0,111
2024-09-03,Mumbai,Carpenter,Rain,Normal day,1,9,0,0,107
2024-03-29,Bengaluru,Electrician,Clear,Normal day,4,3,0,1,101
2025-01-29,Bengaluru,Plumber,Clear,Holiday,2,1,0,1,114
2025-04-14,Mumbai,Caregiver,Extreme heat,Major event,0,4,0,0,128
2024-05-24,Mumbai,Carpenter,Clear,Normal day,4,5,0,0,88
2025-04-12,Mumbai,Caregiver,Clear,Normal day,5,4,1,0,91
2025-07-12,Hyderabad,Domestic Helper,Rain,Normal day,5,7,1,0,124
2025-03-22,Bengaluru,Electrician,Clear,Normal day,5,3,1,0,104
2024-10-04,Mumbai,Domestic Helper,Rain,Normal day,4,10,0,0,146
2023-04-13,Mumbai,Technician,Extreme heat,Normal day,3,4,0,0,106
2025-09-24,Hyderabad,Carpenter,Clear,Normal day,2,9,0,0,107
2023-03-18,Delhi,Plumber,Clear,Holiday,5,3,1,0,140
2024-04-12,Delhi,Electrician,Clear,Normal day,4,4,0,0,107
2024-07-28,Hyderabad,Painter,Clear,Normal day,6,7,1,1,79
2024-11-20,Mumbai,Plumber,Clear,Normal day,2,11,0,0,115
2023-11-10,Mumbai,Electrician,Clear,Holiday,4,11,0,0,123
2025-04-01,Bengaluru,Plumber,Clear,Major event,1,4,0,0,129
2023-02-14,Mumbai,Plumber,Clear,Normal day,1,2,0,0,107
2023-05-19,Bengaluru,Caregiver,Extreme heat,Normal day,4,5,0,0,81
2025-01-17,Bengaluru,Painter,Rain,Holiday,4,1,0,0,103
2025-09-06,Delhi,Technician,Rain,Normal day,5,9,1,0,134
2023-04-27,Mumbai,Carpenter,Extreme heat,Normal day,3,4,0,1,130
2023-06-10,Mumbai,Plumber,Rain,Normal day,5,6,1,0,167
2024-06-13,Hyderabad,Plumber,Clear,Normal day,3,6,0,0,90
2023-09-27,Bengaluru,Plumber,Rain,Normal day,2,9,0,1,129
2023-02-03,Bengaluru,Painter,Clear,Normal day,4,2,0,0,96
2023-09-29,Delhi,Electrician,Rain,Holiday,4,9,0,1,156
2025-04-27,Delhi,Caregiver,Extreme heat,Normal day,6,4,1,1,130
2023-07-28,Hyderabad,Caregiver,Rain,Normal day,4,7,0,1,98
2024-06-17,Hyderabad,Electrician,Rain,Normal day,0,6,0,0,107
2024-01-10,Delhi,Electrician,Clear,Normal day,2,1,0,0,90
2024-04-10,Hyderabad,Plumber,Extreme heat,Normal day,2,4,0,0,112
2023-10-31,Delhi,Domestic Helper,Rain,Holiday,1,10,0,1,154
2023-11-15,Delhi,Domestic Helper,Clear,Normal day,2,11,0,0,110
2024-12-03,Hyderabad,Painter,Clear,Normal day,1,12,0,0,60
2024-06-05,Mumbai,Plumber,Rain,Normal day,2,6,0,0,138
2025-07-13,Bengaluru,Technician,Clear,Normal day,6,7,1,0,90
2023-06-26,Bengaluru,Electrician,Rain,Normal day,0,6,0,1,106
2023-03-27,Mumbai,Caregiver,Clear,Normal day,0,3,0,1,90
2025-05-01,Bengaluru,Caregiver,Extreme heat,Normal day,3,5,0,0,87
2023-06-01,Hyderabad,Technician,Clear,Normal day,3,6,0,0,89
2024-08-19,Bengaluru,Technician,Rain,Normal day,0,8,0,0,112
2023-11-06,Delhi,Electrician,Clear,Normal day,0,11,0,0,112
2024-05-30,Delhi,Plumber,Rain,Normal day,3,5,0,1,162
2023-08-13,Hyderabad,Electrician,Clear,Holiday,6,8,1,0,117
2025-10-05,Hyderabad,Caregiver,Clear,Normal day,6,10,1,0,81
2025-07-19,Mumbai,Plumber,Clear,Normal day,5,7,1,0,131
2023-11-03,Mumbai,Electrician,Clear,Normal day,4,11,0,0,98
2024-10-18,Delhi,Domestic Helper,Rain,Normal day,4,10,0,0,148
2024-01-29,Mumbai,Caregiver,Clear,Normal day,0,1,0,1,69
2024-02-05,Mumbai,Carpenter,Clear,Normal day,0,2,0,0,91
2023-02-07,Delhi,Domestic Helper,Clear,Normal day,1,2,0,0,84
2024-11-08,Bengaluru,Carpenter,Clear,Normal day,4,11,0,0,85
2023-01-22,Delhi,Domestic Helper,Clear,Normal day,6,1,1,0,106
2024-12-16,Bengaluru,Domestic Helper,Clear,Normal day,0,12,0,0,90
2025-07-06,Hyderabad,Carpenter,Rain,Normal day,6,7,1,0,107
2025-03-24,Hyderabad,Caregiver,Clear,Normal day,0,3,0,0,74
2024-10-10,Hyderabad,Plumber,Clear,Normal day,3,10,0,0,111
2025-10-16,Hyderabad,Carpenter,Clear,Holiday,3,10,0,0,100
2025-01-04,Mumbai,Electrician,Clear,Normal day,5,1,1,0,116
2024-12-16,Bengaluru,Plumber,Clear,Holiday,0,12,0,0,109
2025-01-25,Mumbai,Plumber,Clear,Holiday,5,1,1,0,108
2024-10-22,Hyderabad,Plumber,Clear,Normal day,1,10,0,0,90
2024-10-08,Hyderabad,Plumber,Clear,Normal day,1,10,0,0,96
2023-11-12,Hyderabad,Plumber,Clear,Normal day,6,11,1,0,112
2024-01-04,Bengaluru,Painter,Clear,Normal day,3,1,0,0,72
2024-06-14,Bengaluru,Caregiver,Rain,Normal day,4,6,0,0,105
2024-02-03,Mumbai,Caregiver,Clear,Normal day,5,2,1,0,109
2023-03-24,Bengaluru,Carpenter,Clear,Normal day,4,3,0,0,69
2024-04-04,Mumbai,Electrician,Extreme heat,Holiday,3,4,0,0,155
2023-11-07,Bengaluru,Technician,Clear,Holiday,1,11,0,0,108
2024-08-29,Bengaluru,Caregiver,Clear,Holiday,3,8,0,1,98
2025-06-10,Hyderabad,Domestic Helper,Rain,Normal day,1,6,0,0,121
2023-01-18,Bengaluru,Technician,Clear,Normal day,2,1,0,0,87
2024-06-20,Bengaluru,Painter,Clear,Normal day,3,6,0,0,79
2023-10-01,Bengaluru,Electrician,Clear,Holiday,6,10,1,0,143
2025-10-26,Hyderabad,Painter,Clear,Normal day,6,10,1,1,77
2024-10-04,Delhi,Technician,Clear,Normal day,4,10,0,0,125
2025-04-02,Delhi,Technician,Clear,Normal day,2,4,0,0,84
2023-09-01,Hyderabad,Caregiver,Clear,Normal day,4,9,0,0,84
2024-01-05,Bengaluru,Domestic Helper,Clear,Normal day,4,1,0,0,114
2023-10-24,Mumbai,Electrician,Clear,Major event,1,10,0,0,138
2023-05-11,Bengaluru,Carpenter,Clear,Normal day,3,5,0,0,69
2024-03-20,Bengaluru,Carpenter,Clear,Normal day,2,3,0,0,76
2023-08-18,Bengaluru,Painter,Rain,Normal day,4,8,0,0,101
2025-04-12,Delhi,Domestic Helper,Extreme heat,Holiday,5,4,1,0,139
2023-11-26,Mumbai,Electrician,Clear,Major event,6,11,1,1,171
2024-03-25,Hyderabad,Painter,Clear,Normal day,0,3,0,0,63
2023-12-11,Bengaluru,Electrician,Clear,Normal day,0,12,0,0,88
2023-11-27,Delhi,Plumber,Clear,Holiday,0,11,0,1,114
2023-07-17,Bengaluru,Carpenter,Rain,Normal day,0,7,0,0,103
2024-01-03,Delhi,Plumber,Rain,Normal day,2,1,0,0,110
2023-01-04,Delhi,Domestic Helper,Clear,Normal day,2,1,0,0,89
2023-12-17,Bengaluru,Electrician,Clear,Normal day,6,12,1,0,105
2025-06-04,Mumbai,Technician,Rain,Normal day,2,6,0,0,98
2024-05-14,Mumbai,Plumber,Extreme heat,Normal day,1,5,0,0,126
2024-02-28,Hyderabad,Caregiver,Clear,Normal day,2,2,0,1,77
2024-03-15,Hyderabad,Painter,Rain,Holiday,4,3,0,0,107
2024-11-19,Bengaluru,Caregiver,Extreme heat,Normal day,1,11,0,0,103
2025-04-04,Mumbai,Painter,Clear,Normal day,4,4,0,0,86
2024-09-16,Bengaluru,Electrician,Extreme heat,Normal day,0,9,0,0,107
2025-11-01,Mumbai,Plumber,Rain,Normal day,5,11,1,0,167
2023-11-09,Bengaluru,Caregiver,Clear,Normal day,3,11,0,0,100
2024-04-03,Delhi,Plumber,Clear,Normal day,2,4,0,0,101
2023-05-10,Hyderabad,Carpenter,Extreme heat,Normal day,2,5,0,0,98
2023-02-10,Hyderabad,Painter,Clear,Holiday,4,2,0,0,76
2023-03-30,Hyderabad,Technician,Clear,Normal day,3,3,0,1,86
2023-12-09,Bengaluru,Caregiver,Rain,Normal day,5,12,1,0,109
2023-07-25,Delhi,Plumber,Rain,Normal day,1,7,0,0,143
2025-08-14,Hyderabad,Painter,Clear,Normal day,3,8,0,0,85
2023-08-15,Delhi,Domestic Helper,Clear,Normal day,1,8,0,0,101
2024-05-20,Delhi,Carpenter,Extreme heat,Normal day,0,5,0,0,104
2023-02-04,Mumbai,Caregiver,Clear,Normal day,5,2,1,0,96
2025-03-28,Hyderabad,Technician,Clear,Normal day,4,3,0,1,79
2023-07-12,Mumbai,Carpenter,Clear,Normal day,2,7,0,0,114
2025-11-04,Mumbai,Carpenter,Clear,Normal day,1,11,0,0,85
2025-06-10,Bengaluru,Technician,Clear,Normal day,1,6,0,0,101
2023-10-07,Bengaluru,Painter,Clear,Normal day,5,10,1,0,82
2025-04-23,Hyderabad,Domestic Helper,Extreme heat,Normal day,2,4,0,0,100
2025-06-15,Hyderabad,Painter,Clear,Major event,6,6,1,0,97
2025-07-25,Delhi,Caregiver,Rain,Normal day,4,7,0,0,121
2024-12-21,Delhi,Painter,Clear,Normal day,5,12,1,0,80
2024-02-01,Delhi,Electrician,Clear,Normal day,3,2,0,0,105
2025-07-27,Delhi,Plumber,Clear,Normal day,6,7,1,1,140
2025-12-28,Bengaluru,Painter,Clear,Normal day,6,12,1,1,105
2023-02-27,Delhi,Carpenter,Clear,Normal day,0,2,0,1,75
2023-12-08,Hyderabad,Electrician,Clear,Holiday,4,12,0,0,114
2023-03-06,Mumbai,Painter,Clear,Normal day,0,3,0,0,70
2025-03-23,Hyderabad,Carpenter,Clear,Normal day,6,3,1,0,94
2023-02-07,Mumbai,Carpenter,Clear,Normal day,1,2,0,0,95
2025-12-01,Bengaluru,Technician,Clear,Normal day,0,12,0,0,76
2024-01-25,Bengaluru,Carpenter,Clear,Normal day,3,1,0,0,89
2024-04-30,Hyderabad,Carpenter,Extreme heat,Normal day,1,4,0,1,84
2023-08-06,Delhi,Painter,Extreme heat,Normal day,6,8,1,0,121
2023-11-02,Hyderabad,Technician,Clear,Major event,3,11,0,0,119
2023-01-02,Mumbai,Electrician,Clear,Normal day,0,1,0,0,90
2025-04-05,Bengaluru,Domestic Helper,Extreme heat,Normal day,5,4,1,0,127
2024-12-29,Mumbai,Electrician,Rain,Normal day,6,12,1,1,157
2025-03-04,Delhi,Electrician,Clear,Normal day,1,3,0,0,101
2024-01-28,Hyderabad,Domestic Helper,Clear,Normal day,6,1,1,1,95
2024-08-25,Hyderabad,Painter,Rain,Normal day,6,8,1,0,116
2025-09-09,Bengaluru,Caregiver,Clear,Normal day,1,9,0,0,67
2025-04-28,Bengaluru,Electrician,Clear,Normal day,0,4,0,1,90
2025-05-25,Delhi,Caregiver,Clear,Normal day,6,5,1,0,96
2024-08-28,Delhi,Carpenter,Clear,Normal day,2,8,0,1,117
2023-03-30,Hyderabad,Painter,Clear,Normal day,3,3,0,1,88
2025-05-14,Hyderabad,Technician,Extreme heat,Normal day,2,5,0,0,95
2023-03-21,Hyderabad,Plumber,Clear,Normal day,1,3,0,0,89
2024-10-24,Delhi,Domestic Helper,Clear,Normal day,3,10,0,0,102
2023-10-08,Delhi,Painter,Clear,Holiday,6,10,1,0,110
2024-01-06,Bengaluru,Domestic Helper,Clear,Normal day,5,1,1,0,117
2024-08-26,Hyderabad,Technician,Clear,Normal day,0,8,0,1,86
2025-09-10,Hyderabad,Carpenter,Rain,Normal day,2,9,0,0,105
2024-10-28,Delhi,Domestic Helper,Clear,Normal day,0,10,0,1,103
2023-12-16,Bengaluru,Technician,Clear,Normal day,5,12,1,0,108
2024-04-06,Delhi,Electrician,Clear,Holiday,5,4,1,0,141
2023-10-08,Delhi,Carpenter,Clear,Normal day,6,10,1,0,107
2023-12-07,Bengaluru,Electrician,Clear,Normal day,3,12,0,0,110
2024-01-14,Bengaluru,Technician,Clear,Normal day,6,1,1,0,91
2025-08-25,Mumbai,Technician,Rain,Normal day,0,8,0,0,146
2025-08-06,Hyderabad,Plumber,Clear,Normal day,2,8,0,0,105
2024-05-19,Delhi,Domestic Helper,Clear,Normal day,6,5,1,0,114
2024-10-27,Mumbai,Plumber,Clear,Normal day,6,10,1,1,149
2024-12-10,Mumbai,Caregiver,Rain,Holiday,1,12,0,0,140
2023-08-25,Delhi,Painter,Clear,Holiday,4,8,0,0,107
2023-05-17,Bengaluru,Carpenter,Extreme heat,Normal day,2,5,0,0,100
2023-04-07,Delhi,Carpenter,Rain,Normal day,4,4,0,0,102
2025-07-19,Delhi,Carpenter,Rain,Normal day,5,7,1,0,129
2024-03-15,Delhi,Technician,Clear,Normal day,4,3,0,0,108
2025-12-19,Delhi,Electrician,Clear,Normal day,4,12,0,0,97
2023-09-01,Delhi,Domestic Helper,Clear,Normal day,4,9,0,0,122
2025-07-29,Mumbai,Carpenter,Clear,Normal day,1,7,0,1,111
2024-02-21,Bengaluru,Carpenter,Clear,Normal day,2,2,0,0,68
2023-03-04,Mumbai,Plumber,Clear,Normal day,5,3,1,0,132
2023-06-20,Bengaluru,Caregiver,Clear,Normal day,1,6,0,0,80
2025-12-03,Mumbai,Painter,Rain,Normal day,2,12,0,0,86
2025-11-02,Mumbai,Technician,Rain,Holiday,6,11,1,0,165
2023-12-23,Hyderabad,Domestic Helper,Clear,Major event,5,12,1,0,136
2025-06-09,Mumbai,Carpenter,Rain,Normal day,0,6,0,0,126
2023-09-08,Hyderabad,Caregiver,Clear,Normal day,4,9,0,0,89
2024-03-11,Delhi,Caregiver,Clear,Normal day,0,3,0,0,78
2025-11-14,Bengaluru,Electrician,Clear,Normal day,4,11,0,0,114
2024-12-30,Hyderabad,Caregiver,Clear,Normal day,0,12,0,1,68
2025-02-20,Hyderabad,Electrician,Clear,Normal day,3,2,0,0,82
2025-02-14,Mumbai,Domestic Helper,Clear,Normal day,4,2,0,0,112
2023-05-14,Delhi,Plumber,Clear,Normal day,6,5,1,0,108
2024-06-10,Hyderabad,Caregiver,Rain,Normal day,0,6,0,0,96
2024-11-30,Bengaluru,Domestic Helper,Clear,Normal day,5,11,1,1,131
2023-03-01,Bengaluru,Electrician,Clear,Normal day,2,3,0,0,98
2024-11-27,Hyderabad,Plumber,Clear,Normal day,2,11,0,1,124
2024-04-24,Delhi,Plumber,Clear,Holiday,2,4,0,0,147
2025-04-18,Delhi,Carpenter,Clear,Normal day,4,4,0,0,87
2024-07-21,Delhi,Domestic Helper,Rain,Normal day,6,7,1,0,168
2025-07-26,Delhi,Painter,Clear,Normal day,5,7,1,1,103
2025-01-29,Hyderabad,Carpenter,Clear,Normal day,2,1,0,1,69
2025-11-30,Mumbai,Domestic Helper,Clear,Normal day,6,11,1,1,127
2023-04-16,Mumbai,Plumber,Clear,Normal day,6,4,1,0,127
2025-08-05,Bengaluru,Technician,Clear,Normal day,1,8,0,0,105
2024-01-20,Hyderabad,Electrician,Clear,Normal day,5,1,1,0,103
2025-12-19,Delhi,Carpenter,Rain,Normal day,4,12,0,0,106
2024-06-28,Mumbai,Painter,Rain,Normal day,4,6,0,1,118
2025-12-07,Hyderabad,Domestic Helper,Clear,Holiday,6,12,1,0,111
2024-03-21,Bengaluru,Plumber,Clear,Normal day,3,3,0,0,99
2025-06-08,Bengaluru,Technician,Clear,Normal day,6,6,1,0,86
2025-10-03,Bengaluru,Carpenter,Rain,Normal day,4,10,0,0,119
2023-01-24,Bengaluru,Caregiver,Clear,Normal day,1,1,0,0,84
2023-12-08,Bengaluru,Painter,Clear,Holiday,4,12,0,0,93
2024-10-08,Mumbai,Domestic Helper,Rain,Normal day,1,10,0,0,144
2024-03-01,Mumbai,Technician,Clear,Holiday,4,3,0,0,114
2024-10-03,Bengaluru,Technician,Clear,Normal day,3,10,0,0,96
2023-01-25,Delhi,Plumber,Clear,Normal day,2,1,0,0,84
2023-09-06,Bengaluru,Domestic Helper,Clear,Normal day,2,9,0,0,94
2023-01-22,Mumbai,Technician,Clear,Normal day,6,1,1,0,94
2025-08-29,Delhi,Plumber,Rain,Normal day,4,8,0,1,158
2023-09-06,Mumbai,Caregiver,Clear,Normal day,2,9,0,0,93
2025-12-23,Delhi,Technician,Clear,Holiday,1,12,0,0,130
2025-10-25,Bengaluru,Electrician,Clear,Holiday,5,10,1,0,121
2023-10-05,Delhi,Plumber,Clear,Normal day,3,10,0,0,108
2023-05-23,Delhi,Caregiver,Extreme heat,Normal day,1,5,0,0,85
2024-02-26,Hyderabad,Technician,Clear,Normal day,0,2,0,1,85
2023-06-11,Mumbai,Caregiver,Clear,Normal day,6,6,1,0,123
2025-04-01,Mumbai,Plumber,Clear,Normal day,1,4,0,0,99
2023-05-04,Bengaluru,Caregiver,Clear,Normal day,3,5,0,0,62
2025-05-31,Bengaluru,Carpenter,Extreme heat,Normal day,5,5,1,1,136
2024-05-19,Bengaluru,Caregiver,Clear,Normal day,6,5,1,0,100
2025-02-08,Mumbai,Domestic Helper,Clear,Normal day,5,2,1,0,123
2024-12-11,Bengaluru,Electrician,Clear,Normal day,2,12,0,0,93
2023-03-29,Mumbai,Technician,Clear,Normal day,2,3,0,1,109
2025-09-22,Mumbai,Painter,Clear,Normal day,0,9,0,0,90
2025-05-13,Hyderabad,Painter,Clear,Normal day,1,5,0,0,68
2024-08-27,Mumbai,Domestic Helper,Clear,Normal day,1,8,0,1,104
2024-06-09,Bengaluru,Technician,Rain,Normal day,6,6,1,0,142
2023-03-13,Bengaluru,Domestic Helper,Extreme heat,Normal day,0,3,0,0,113
2024-10-24,Mumbai,Carpenter,Clear,Normal day,3,10,0,0,95
2024-09-05,Hyderabad,Technician,Clear,Normal day,3,9,0,0,92
2023-09-12,Bengaluru,Plumber,Rain,Normal day,1,9,0,0,124
2023-10-05,Hyderabad,Plumber,Clear,Holiday,3,10,0,0,140
2025-05-09,Mumbai,Painter,Clear,Normal day,4,5,0,0,101
2023-07-29,Delhi,Caregiver,Clear,Normal day,5,7,1,1,128
2023-08-26,Mumbai,Domestic Helper,Clear,Normal day,5,8,1,1,156
2023-02-14,Hyderabad,Domestic Helper,Clear,Normal day,1,2,0,0,87
2025-04-03,Delhi,Caregiver,Extreme heat,Normal day,3,4,0,0,93
2023-01-08,Mumbai,Plumber,Clear,Normal day,6,1,1,0,141
2024-07-23,Hyderabad,Technician,Clear,Normal day,1,7,0,0,86
2024-12-19,Bengaluru,Technician,Clear,Normal day,3,12,0,0,87
2024-11-04,Hyderabad,Plumber,Clear,Holiday,0,11,0,0,90
2024-06-28,Mumbai,Electrician,Rain,Normal day,4,6,0,1,175
2023-09-03,Bengaluru,Technician,Clear,Normal day,6,9,1,0,87
2024-07-08,Bengaluru,Plumber,Clear,Normal day,0,7,0,0,128
2025-10-28,Bengaluru,Domestic Helper,Clear,Normal day,1,10,0,1,86
2025-06-26,Delhi,Domestic Helper,Clear,Normal day,3,6,0,1,100
2025-04-08,Delhi,Technician,Clear,Major event,1,4,0,0,114
2024-05-29,Bengaluru,Plumber,Extreme heat,Normal day,2,5,0,1,141
2023-08-19,Delhi,Plumber,Rain,Normal day,5,8,1,0,212
2025-05-08,Bengaluru,Plumber,Clear,Normal day,3,5,0,0,97
2024-12-15,Delhi,Technician,Clear,Major event,6,12,1,0,134
2024-06-20,Bengaluru,Caregiver,Rain,Normal day,3,6,0,0,110
2024-04-21,Bengaluru,Domestic Helper,Clear,Normal day,6,4,1,0,116
2025-07-11,Hyderabad,Plumber,Clear,Normal day,4,7,0,0,127
2023-05-16,Bengaluru,Electrician,Extreme heat,Normal day,1,5,0,0,120
2024-07-11,Bengaluru,Domestic Helper,Clear,Normal day,3,7,0,0,109
2024-05-06,Bengaluru,Electrician,Extreme heat,Normal day,0,5,0,0,98
2024-09-25,Bengaluru,Caregiver,Rain,Normal day,2,9,0,0,81
2024-07-21,Hyderabad,Electrician,Rain,Normal day,6,7,1,0,128
2025-08-30,Mumbai,Caregiver,Clear,Normal day,5,8,1,1,114
2025-04-13,Mumbai,Plumber,Clear,Holiday,6,4,1,0,138
2025-10-12,Delhi,Technician,Clear,Normal day,6,10,1,0,116
2024-06-26,Mumbai,Plumber,Clear,Holiday,2,6,0,1,141
2023-04-16,Bengaluru,Plumber,Clear,Normal day,6,4,1,0,115
2023-07-23,Hyderabad,Plumber,Clear,Major event,6,7,1,0,149
2025-03-28,Hyderabad,Caregiver,Clear,Holiday,4,3,0,1,80
2023-11-07,Bengaluru,Electrician,Clear,Normal day,1,11,0,0,110
2024-04-29,Hyderabad,Technician,Clear,Normal day,0,4,0,1,93
2025-01-08,Mumbai,Painter,Extreme heat,Normal day,2,1,0,0,85
2023-01-21,Delhi,Painter,Clear,Normal day,5,1,1,0,84
2023-05-03,Bengaluru,Painter,Clear,Normal day,2,5,0,0,74
2023-01-26,Bengaluru,Technician,Clear,Normal day,3,1,0,1,88
2023-07-03,Mumbai,Technician,Rain,Normal day,0,7,0,0,103
2023-12-18,Mumbai,Electrician,Clear,Normal day,0,12,0,0,92
2025-02-18,Bengaluru,Caregiver,Clear,Normal day,1,2,0,0,66
2025-03-09,Hyderabad,Plumber,Clear,Major event,6,3,1,0,126
2024-06-03,Delhi,Technician,Rain,Normal day,0,6,0,0,112
2025-04-14,Bengaluru,Painter,Clear,Normal day,0,4,0,0,83
2023-05-21,Hyderabad,Technician,Clear,Normal day,6,5,1,0,99
2024-05-16,Hyderabad,Electrician,Extreme heat,Normal day,3,5,0,0,121
2024-04-06,Delhi,Carpenter,Extreme heat,Normal day,5,4,1,0,105
2023-09-27,Mumbai,Carpenter,Clear,Normal day,2,9,0,1,99
2023-02-01,Mumbai,Carpenter,Clear,Normal day,2,2,0,0,101
2024-07-06,Bengaluru,Plumber,Extreme heat,Normal day,5,7,1,0,169
2023-02-04,Delhi,Carpenter,Clear,Normal day,5,2,1,0,119
2025-08-29,Mumbai,Painter,Rain,Normal day,4,8,0,1,124
2024-01-10,Hyderabad,Caregiver,Clear,Normal day,2,1,0,0,81
2024-04-05,Mumbai,Painter,Clear,Normal day,4,4,0,0,81
2024-09-06,Bengaluru,Caregiver,Clear,Normal day,4,9,0,0,80
2025-01-05,Delhi,Electrician,Clear,Holiday,6,1,1,0,99
2023-08-06,Bengaluru,Carpenter,Extreme heat,Normal day,6,8,1,0,108
2023-07-06,Mumbai,Technician,Clear,Normal day,3,7,0,0,99
2024-08-07,Hyderabad,Carpenter,Rain,Normal day,2,8,0,0,92
2025-11-18,Hyderabad,Plumber,Clear,Normal day,1,11,0,0,97
2023-05-01,Bengaluru,Domestic Helper,Clear,Normal day,0,5,0,0,86
2024-06-14,Bengaluru,Domestic Helper,Rain,Normal day,4,6,0,0,131
2023-07-01,Bengaluru,Domestic Helper,Clear,Normal day,5,7,1,0,97
2023-09-25,Bengaluru,Painter,Clear,Holiday,0,9,0,0,93
2025-12-19,Mumbai,Painter,Clear,Normal day,4,12,0,0,86
2023-09-19,Mumbai,Technician,Clear,Normal day,1,9,0,0,95
2024-07-04,Hyderabad,Carpenter,Clear,Normal day,3,7,0,0,73
2025-10-29,Mumbai,Electrician,Clear,Normal day,2,10,0,1,109
2025-04-20,Delhi,Carpenter,Clear,Normal day,6,4,1,0,99
2023-01-20,Mumbai,Electrician,Extreme heat,Holiday,4,1,0,0,159
2025-10-03,Mumbai,Technician,Clear,Normal day,4,10,0,0,104
2023-01-04,Mumbai,Technician,Clear,Holiday,2,1,0,0,110
2023-02-07,Hyderabad,Plumber,Clear,Normal day,1,2,0,0,71
2025-04-05,Hyderabad,Plumber,Rain,Normal day,5,4,1,0,126
2023-01-07,Bengaluru,Electrician,Clear,Normal day,5,1,1,0,111
2023-01-06,Bengaluru,Domestic Helper,Extreme heat,Normal day,4,1,0,0,118
2025-02-26,Mumbai,Technician,Clear,Normal day,2,2,0,1,107
2024-02-17,Hyderabad,Caregiver,Clear,Normal day,5,2,1,0,79
2025-07-30,Bengaluru,Painter,Clear,Normal day,2,7,0,1,88
2024-11-20,Delhi,Domestic Helper,Extreme heat,Normal day,2,11,0,0,106
2025-05-20,Hyderabad,Carpenter,Clear,Holiday,1,5,0,0,79
2023-02-17,Delhi,Caregiver,Clear,Normal day,4,2,0,0,104
2023-07-18,Mumbai,Painter,Clear,Holiday,1,7,0,0,88
2023-06-24,Delhi,Electrician,Rain,Normal day,5,6,1,0,169
2025-01-26,Delhi,Carpenter,Clear,Normal day,6,1,1,1,77
2024-09-24,Mumbai,Electrician,Clear,Normal day,1,9,0,0,113
2023-01-25,Bengaluru,Carpenter,Clear,Normal day,2,1,0,0,80
2024-07-22,Hyderabad,Painter,Clear,Normal day,0,7,0,0,87
2024-05-27,Delhi,Domestic Helper,Extreme heat,Normal day,0,5,0,1,127
2025-04-08,Hyderabad,Painter,Clear,Holiday,1,4,0,0,93
2023-04-30,Mumbai,Carpenter,Extreme heat,Normal day,6,4,1,1,108
2023-10-13,Bengaluru,Caregiver,Clear,Normal day,4,10,0,0,105
2024-03-31,Hyderabad,Domestic Helper,Rain,Normal day,6,3,1,1,125
2023-01-03,Mumbai,Painter,Clear,Normal day,1,1,0,0,60
2025-10-22,Bengaluru,Painter,Clear,Normal day,2,10,0,0,81
2023-10-06,Hyderabad,Plumber,Clear,Normal day,4,10,0,0,109
2024-01-30,Hyderabad,Carpenter,Clear,Normal day,1,1,0,1,68
2024-12-06,Hyderabad,Electrician,Clear,Holiday,4,12,0,0,105
2023-07-13,Mumbai,Domestic Helper,Rain,Holiday,3,7,0,0,139
2023-08-26,Hyderabad,Electrician,Rain,Normal day,5,8,1,1,129
2024-11-01,Delhi,Domestic Helper,Clear,Normal day,4,11,0,0,131
2025-03-25,Bengaluru,Electrician,Clear,Normal day,1,3,0,0,105
2024-03-24,Bengaluru,Carpenter,Clear,Major event,6,3,1,0,121
2023-06-24,Mumbai,Domestic Helper,Clear,Normal day,5,6,1,0,128
2023-06-27,Bengaluru,Electrician,Rain,Normal day,1,6,0,1,106
2023-12-26,Mumbai,Plumber,Clear,Normal day,1,12,0,1,90
2025-05-24,Bengaluru,Carpenter,Clear,Major event,5,5,1,0,131
2024-06-25,Delhi,Electrician,Rain,Normal day,1,6,0,0,143
2024-10-27,Mumbai,Technician,Clear,Normal day,6,10,1,1,116
2024-06-13,Delhi,Painter,Rain,Normal day,3,6,0,0,112
2024-09-17,Mumbai,Plumber,Extreme heat,Normal day,1,9,0,0,134
2024-03-24,Delhi,Painter,Clear,Major event,6,3,1,0,112
2023-06-30,Delhi,Plumber,Clear,Normal day,4,6,0,1,126
2024-02-24,Delhi,Painter,Clear,Normal day,5,2,1,0,70
2024-12-17,Hyderabad,Electrician,Clear,Normal day,1,12,0,0,100
2023-12-13,Mumbai,Carpenter,Clear,Normal day,2,12,0,0,98
2023-09-16,Hyderabad,Caregiver,Extreme heat,Normal day,5,9,1,0,106
2023-01-08,Hyderabad,Technician,Clear,Normal day,6,1,1,0,92
2024-12-20,Hyderabad,Plumber,Rain,Normal day,4,12,0,0,104
2023-06-06,Hyderabad,Painter,Rain,Normal day,1,6,0,0,76
2024-07-06,Delhi,Painter,Rain,Holiday,5,7,1,0,143
2023-11-23,Bengaluru,Caregiver,Clear,Major event,3,11,0,0,116
2025-04-25,Bengaluru,Technician,Clear,Normal day,4,4,0,0,92
2025-09-16,Delhi,Plumber,Clear,Normal day,1,9,0,0,78
2024-07-10,Mumbai,Carpenter,Clear,Normal day,2,7,0,0,102
2025-02-13,Mumbai,Electrician,Clear,Normal day,3,2,0,0,93
2025-06-05,Delhi,Domestic Helper,Rain,Normal day,3,6,0,0,145
2024-12-31,Delhi,Domestic Helper,Clear,Major event,1,12,0,1,141
2025-03-29,Delhi,Technician,Clear,Normal day,5,3,1,1,114
2023-09-11,Bengaluru,Caregiver,Rain,Normal day,0,9,0,0,102
2024-02-05,Bengaluru,Domestic Helper,Clear,Normal day,0,2,0,0,88
2025-05-28,Mumbai,Carpenter,Clear,Normal day,2,5,0,1,109
2024-08-11,Mumbai,Caregiver,Clear,Normal day,6,8,1,0,116
2025-05-09,Bengaluru,Painter,Clear,Normal day,4,5,0,0,62
2023-02-07,Delhi,Technician,Clear,Holiday,1,2,0,0,88
2023-03-31,Mumbai,Electrician,Clear,Normal day,4,3,0,1,112
2024-09-28,Mumbai,Caregiver,Rain,Holiday,5,9,1,1,159
2024-01-17,Mumbai,Technician,Clear,Normal day,2,1,0,0,99
2023-04-15,Delhi,Domestic Helper,Extreme heat,Normal day,5,4,1,0,112
2023-01-09,Mumbai,Painter,Clear,Normal day,0,1,0,0,67
2025-10-31,Hyderabad,Electrician,Extreme heat,Normal day,4,10,0,1,146
2023-05-08,Mumbai,Electrician,Rain,Normal day,0,5,0,0,137
2023-04-12,Bengaluru,Electrician,Extreme heat,Major event,2,4,0,0,163
2023-01-28,Mumbai,Carpenter,Rain,Normal day,5,1,1,1,143
2023-08-28,Mumbai,Electrician,Rain,Normal day,0,8,0,1,136
2023-07-22,Hyderabad,Technician,Rain,Normal day,5,7,1,0,106
2023-08-03,Hyderabad,Plumber,Rain,Normal day,3,8,0,0,134
2023-04-15,Delhi,Electrician,Rain,Normal day,5,4,1,0,162
2025-08-13,Delhi,Technician,Clear,Major event,2,8,0,0,135
2023-09-04,Bengaluru,Plumber,Extreme heat,Normal day,0,9,0,0,112
2024-11-22,Mumbai,Caregiver,Clear,Normal day,4,11,0,0,91
2023-12-07,Hyderabad,Domestic Helper,Clear,Normal day,3,12,0,0,76
2025-08-16,Bengaluru,Caregiver,Clear,Holiday,5,8,1,0,111
2025-04-30,Bengaluru,Painter,Clear,Normal day,2,4,0,1,71
2023-08-16,Hyderabad,Technician,Clear,Normal day,2,8,0,0,95
2025-02-25,Delhi,Painter,Clear,Normal day,1,2,0,0,88
2024-02-10,Hyderabad,Carpenter,Clear,Holiday,5,2,1,0,133
2025-05-08,Bengaluru,Electrician,Clear,Normal day,3,5,0,0,86
2023-01-31,Delhi,Technician,Clear,Normal day,1,1,0,1,91
2025-10-22,Bengaluru,Electrician,Clear,Normal day,2,10,0,0,98
2024-08-23,Mumbai,Technician,Rain,Normal day,4,8,0,0,138
2025-03-20,Mumbai,Plumber,Extreme heat,Normal day,3,3,0,0,131
2023-03-19,Hyderabad,Domestic Helper,Clear,Normal day,6,3,1,0,87
2024-12-22,Hyderabad,Carpenter,Clear,Normal day,6,12,1,0,102
2025-03-07,Hyderabad,Caregiver,Clear,Holiday,4,3,0,0,80
2023-08-31,Mumbai,Domestic Helper,Rain,Normal day,3,8,0,1,154
2025-01-16,Mumbai,Electrician,Clear,Normal day,3,1,0,0,101
2025-04-12,Delhi,Technician,Clear,Holiday,5,4,1,0,119
2025-09-10,Bengaluru,Plumber,Clear,Holiday,2,9,0,0,92
2025-12-06,Delhi,Technician,Clear,Normal day,5,12,1,0,100
2023-08-19,Mumbai,Domestic Helper,Clear,Normal day,5,8,1,0,130
2024-08-22,Bengaluru,Plumber,Clear,Normal day,3,8,0,0,91
2023-08-08,Hyderabad,Domestic Helper,Rain,Holiday,1,8,0,0,122
2023-02-01,Delhi,Technician,Clear,Normal day,2,2,0,0,99
2025-01-24,Bengaluru,Painter,Clear,Normal day,4,1,0,0,75
2025-03-05,Delhi,Painter,Clear,Normal day,2,3,0,0,88
2024-11-06,Mumbai,Carpenter,Clear,Holiday,2,11,0,0,114
2024-10-29,Bengaluru,Technician,Clear,Normal day,1,10,0,1,101
2025-10-18,Hyderabad,Carpenter,Clear,Holiday,5,10,1,0,111
2025-11-01,Hyderabad,Technician,Extreme heat,Normal day,5,11,1,0,122
2024-05-20,Delhi,Carpenter,Extreme heat,Normal day,0,5,0,0,101
2023-08-16,Mumbai,Domestic Helper,Rain,Normal day,2,8,0,0,125
2025-10-06,Delhi,Technician,Clear,Normal day,0,10,0,0,82
2025-02-01,Hyderabad,Domestic Helper,Clear,Normal day,5,2,1,0,108
2023-11-13,Hyderabad,Technician,Rain,Holiday,0,11,0,0,91
2025-08-03,Mumbai,Plumber,Rain,Major event,6,8,1,0,252
2024-08-28,Delhi,Painter,Rain,Normal day,2,8,0,1,129
2025-01-27,Delhi,Painter,Clear,Normal day,0,1,0,1,96
2023-03-17,Delhi,Electrician,Clear,Major event,4,3,0,0,151
2024-02-21,Bengaluru,Technician,Clear,Normal day,2,2,0,0,83
2025-02-25,Delhi,Technician,Clear,Normal day,1,2,0,0,85
2024-04-15,Hyderabad,Caregiver,Extreme heat,Normal day,0,4,0,0,84
2025-09-23,Delhi,Carpenter,Extreme heat,Normal day,1,9,0,0,80
2024-01-16,Hyderabad,Carpenter,Clear,Normal day,1,1,0,0,73
2025-10-27,Delhi,Caregiver,Clear,Holiday,0,10,0,1,113
2023-04-13,Mumbai,Domestic Helper,Clear,Normal day,3,4,0,0,91
2025-03-18,Hyderabad,Plumber,Rain,Normal day,1,3,0,0,109
2025-11-23,Delhi,Electrician,Clear,Normal day,6,11,1,0,114
2023-10-06,Bengaluru,Painter,Clear,Normal day,4,10,0,0,77
2024-02-28,Mumbai,Painter,Rain,Normal day,2,2,0,1,87
2024-02-27,Delhi,Plumber,Clear,Normal day,1,2,0,1,105
2025-04-01,Hyderabad,Painter,Extreme heat,Normal day,1,4,0,0,99
2023-09-14,Mumbai,Domestic Helper,Clear,Normal day,3,9,0,0,102
2025-08-31,Bengaluru,Painter,Rain,Normal day,6,8,1,1,113
2024-06-23,Hyderabad,Domestic Helper,Rain,Normal day,6,6,1,0,108
2024-11-16,Delhi,Technician,Clear,Major event,5,11,1,0,157
2023-02-22,Mumbai,Painter,Clear,Normal day,2,2,0,0,96
2023-06-21,Delhi,Domestic Helper,Rain,Normal day,2,6,0,0,125
2024-06-11,Bengaluru,Carpenter,Clear,Normal day,1,6,0,0,81
2024-10-20,Hyderabad,Painter,Clear,Normal day,6,10,1,0,68
2025-08-06,Hyderabad,Caregiver,Clear,Normal day,2,8,0,0,91
2025-06-12,Bengaluru,Domestic Helper,Rain,Major event,3,6,0,0,161
2025-12-15,Delhi,Plumber,Clear,Normal day,0,12,0,0,107
2025-04-04,Mumbai,Painter,Extreme heat,Normal day,4,4,0,0,106
2023-12-27,Mumbai,Caregiver,Clear,Holiday,2,12,0,1,106
2023-06-03,Hyderabad,Technician,Clear,Normal day,5,6,1,0,86
2025-05-22,Bengaluru,Painter,Clear,Normal day,3,5,0,0,80
2024-08-26,Mumbai,Domestic Helper,Rain,Normal day,0,8,0,1,155
2024-08-14,Delhi,Technician,Rain,Normal day,2,8,0,0,102
2024-04-21,Bengaluru,Carpenter,Clear,Holiday,6,4,1,0,118
2025-05-20,Bengaluru,Plumber,Rain,Normal day,1,5,0,0,121
2024-01-19,Bengaluru,Plumber,Clear,Normal day,4,1,0,0,84
2023-01-29,Bengaluru,Carpenter,Clear,Normal day,6,1,1,1,93
2025-10-11,Bengaluru,Electrician,Clear,Major event,5,10,1,0,145
2023-05-27,Hyderabad,Painter,Extreme heat,Normal day,5,5,1,1,103
2024-03-18,Bengaluru,Painter,Rain,Normal day,0,3,0,0,90
2023-03-22,Delhi,Caregiver,Clear,Major event,2,3,0,0,116
2024-02-11,Mumbai,Plumber,Clear,Normal day,6,2,1,0,121
2024-06-03,Delhi,Painter,Rain,Normal day,0,6,0,0,109
2025-06-21,Mumbai,Domestic Helper,Clear,Normal day,5,6,1,0,121
2024-05-09,Bengaluru,Domestic Helper,Clear,Normal day,3,5,0,0,90
2025-03-25,Delhi,Carpenter,Clear,Normal day,1,3,0,0,90
2024-10-27,Bengaluru,Caregiver,Clear,Normal day,6,10,1,1,109
2024-04-05,Mumbai,Painter,Extreme heat,Normal day,4,4,0,0,118
2025-10-07,Mumbai,Domestic Helper,Rain,Holiday,1,10,0,0,147
2023-08-30,Hyderabad,Plumber,Clear,Holiday,2,8,0,1,149
2025-05-29,Bengaluru,Plumber,Extreme heat,Normal day,3,5,0,1,127
2025-07-15,Hyderabad,Caregiver,Clear,Normal day,1,7,0,0,80
2023-12-07,Delhi,Carpenter,Extreme heat,Normal day,3,12,0,0,92
2024-06-26,Delhi,Electrician,Rain,Major event,2,6,0,1,210
2025-06-09,Delhi,Technician,Clear,Normal day,0,6,0,0,84
2025-01-14,Hyderabad,Technician,Rain,Holiday,1,1,0,0,104
2023-01-21,Bengaluru,Domestic Helper,Extreme heat,Normal day,5,1,1,0,121
2023-04-06,Mumbai,Plumber,Extreme heat,Normal day,3,4,0,0,122
2024-09-04,Mumbai,Domestic Helper,Clear,Normal day,2,9,0,0,103
2023-03-12,Mumbai,Plumber,Rain,Normal day,6,3,1,0,156
2024-01-30,Mumbai,Plumber,Clear,Normal day,1,1,0,1,136
2024-05-16,Delhi,Electrician,Clear,Normal day,3,5,0,0,111
2024-11-09,Delhi,Technician,Extreme heat,Holiday,5,11,1,0,144
2024-04-08,Delhi,Carpenter,Clear,Normal day,0,4,0,0,93
2023-03-10,Mumbai,Technician,Clear,Normal day,4,3,0,0,96
2024-08-06,Mumbai,Domestic Helper,Clear,Normal day,1,8,0,0,112
2024-01-30,Mumbai,Carpenter,Clear,Normal day,1,1,0,1,71
2023-12-01,Hyderabad,Plumber,Clear,Normal day,4,12,0,0,102
2024-12-11,Mumbai,Electrician,Clear,Normal day,2,12,0,0,107
2024-07-05,Delhi,Electrician,Clear,Normal day,4,7,0,0,102
2025-06-28,Delhi,Technician,Rain,Normal day,5,6,1,1,167
2023-10-02,Bengaluru,Electrician,Clear,Normal day,0,10,0,0,107
2025-04-02,Mumbai,Electrician,Clear,Normal day,2,4,0,0,87
2025-01-31,Delhi,Plumber,Clear,Major event,4,1,0,1,151
2024-01-09,Delhi,Caregiver,Clear,Normal day,1,1,0,0,85
2025-07-06,Delhi,Domestic Helper,Extreme heat,Holiday,6,7,1,0,126
2023-09-29,Mumbai,Painter,Clear,Normal day,4,9,0,1,109
2023-07-24,Hyderabad,Carpenter,Clear,Normal day,0,7,0,0,85
2025-05-17,Delhi,Painter,Clear,Normal day,5,5,1,0,82
2025-11-07,Hyderabad,Carpenter,Clear,Normal day,4,11,0,0,85
2023-10-18,Bengaluru,Domestic Helper,Clear,Normal day,2,10,0,0,106
2024-04-13,Bengaluru,Electrician,Rain,Normal day,5,4,1,0,130
2025-12-27,Delhi,Carpenter,Rain,Normal day,5,12,1,1,139
2024-01-27,Mumbai,Caregiver,Clear,Normal day,5,1,1,1,112
2024-04-16,Delhi,Carpenter,Clear,Holiday,1,4,0,0,113
2024-03-05,Mumbai,Electrician,Clear,Holiday,1,3,0,0,111
2024-05-01,Bengaluru,Domestic Helper,Extreme heat,Normal day,2,5,0,0,118
2025-08-02,Mumbai,Carpenter,Rain,Normal day,5,8,1,0,133
2025-02-05,Delhi,Technician,Clear,Normal day,2,2,0,0,86
2025-10-24,Mumbai,Caregiver,Clear,Normal day,4,10,0,0,97
2024-10-20,Bengaluru,Domestic Helper,Clear,Normal day,6,10,1,0,115
2023-01-16,Delhi,Technician,Clear,Normal day,0,1,0,0,89
2025-06-02,Hyderabad,Caregiver,Clear,Normal day,0,6,0,0,70
2024-03-03,Mumbai,Technician,Clear,Normal day,6,3,1,0,117
2025-05-30,Delhi,Electrician,Clear,Normal day,4,5,0,1,116
2023-04-28,Mumbai,Carpenter,Clear,Normal day,4,4,0,1,83
2024-08-16,Hyderabad,Carpenter,Clear,Normal day,4,8,0,0,88
2025-10-28,Delhi,Caregiver,Clear,Holiday,1,10,0,1,80
2023-12-18,Delhi,Caregiver,Clear,Normal day,0,12,0,0,110
2023-10-04,Hyderabad,Technician,Clear,Normal day,2,10,0,0,104
2024-06-29,Hyderabad,Painter,Clear,Normal day,5,6,1,1,105
2023-12-11,Delhi,Carpenter,Rain,Normal day,0,12,0,0,106
2024-10-15,Delhi,Electrician,Clear,Normal day,1,10,0,0,101
2023-11-22,Mumbai,Plumber,Rain,Major event,2,11,0,0,171
2023-08-06,Mumbai,Carpenter,Rain,Normal day,6,8,1,0,139
2025-04-10,Mumbai,Technician,Extreme heat,Normal day,3,4,0,0,112
2023-12-19,Hyderabad,Plumber,Clear,Normal day,1,12,0,0,109
2024-01-05,Bengaluru,Electrician,Rain,Holiday,4,1,0,0,142
2023-11-29,Mumbai,Carpenter,Clear,Normal day,2,11,0,1,113
2023-12-25,Bengaluru,Technician,Clear,Normal day,0,12,0,0,80
2025-05-05,Hyderabad,Plumber,Extreme heat,Normal day,0,5,0,0,100
2023-10-03,Hyderabad,Painter,Clear,Normal day,1,10,0,0,72
2024-12-02,Bengaluru,Domestic Helper,Clear,Holiday,0,12,0,0,93
2023-05-17,Hyderabad,Technician,Clear,Major event,2,5,0,0,97
2024-04-19,Bengaluru,Electrician,Extreme heat,Holiday,4,4,0,0,134
2024-03-25,Mumbai,Carpenter,Clear,Normal day,0,3,0,0,83
2023-12-30,Mumbai,Plumber,Clear,Normal day,5,12,1,1,126
2023-06-27,Mumbai,Painter,Rain,Normal day,1,6,0,1,103
2025-05-09,Bengaluru,Domestic Helper,Clear,Normal day,4,5,0,0,108
2023-03-18,Delhi,Painter,Clear,Normal day,5,3,1,0,82
2025-05-06,Bengaluru,Painter,Extreme heat,Normal day,1,5,0,0,84
2025-03-11,Delhi,Plumber,Clear,Normal day,1,3,0,0,98
2024-12-25,Bengaluru,Electrician,Clear,Normal day,2,12,0,0,103
2023-12-22,Mumbai,Carpenter,Clear,Normal day,4,12,0,0,89
2025-05-21,Mumbai,Technician,Clear,Normal day,2,5,0,0,123
2024-02-10,Hyderabad,Electrician,Clear,Normal day,5,2,1,0,98
2024-06-14,Delhi,Caregiver,Clear,Normal day,4,6,0,0,100
2023-10-09,Mumbai,Caregiver,Clear,Normal day,0,10,0,0,103
2024-08-12,Bengaluru,Caregiver,Clear,Holiday,0,8,0,0,79
2025-08-20,Hyderabad,Domestic Helper,Clear,Normal day,2,8,0,0,108
2023-03-06,Hyderabad,Technician,Clear,Normal day,0,3,0,0,65
2024-08-21,Mumbai,Domestic Helper,Extreme heat,Normal day,2,8,0,0,109
2025-05-27,Bengaluru,Painter,Clear,Normal day,1,5,0,1,97
2025-11-13,Hyderabad,Electrician,Extreme heat,Normal day,3,11,0,0,92
2025-10-09,Mumbai,Plumber,Clear,Holiday,3,10,0,0,116
2023-12-12,Delhi,Domestic Helper,Clear,Normal day,1,12,0,0,94
2024-07-01,Bengaluru,Technician,Rain,Normal day,0,7,0,0,118
2024-12-08,Hyderabad,Technician,Clear,Holiday,6,12,1,0,101
2025-03-07,Delhi,Painter,Clear,Normal day,4,3,0,0,69
2023-12-05,Delhi,Technician,Clear,Normal day,1,12,0,0,84
2024-04-06,Hyderabad,Technician,Extreme heat,Normal day,5,4,1,0,98
2023-03-26,Delhi,Caregiver,Clear,Normal day,6,3,1,1,111
2025-06-07,Delhi,Electrician,Rain,Normal day,5,6,1,0,161
2023-01-07,Delhi,Plumber,Clear,Normal day,5,1,1,0,96
2024-10-02,Hyderabad,Caregiver,Rain,Holiday,2,10,0,0,106
2025-03-11,Delhi,Plumber,Clear,Normal day,1,3,0,0,94
2023-02-02,Bengaluru,Domestic Helper,Clear,Normal day,3,2,0,0,97
2023-06-09,Delhi,Caregiver,Clear,Normal day,4,6,0,0,88
2025-04-20,Bengaluru,Carpenter,Clear,Normal day,6,4,1,0,96
2025-12-06,Delhi,Carpenter,Clear,Holiday,5,12,1,0,120
2025-02-07,Bengaluru,Domestic Helper,Clear,Normal day,4,2,0,0,74
2024-12-20,Hyderabad,Carpenter,Rain,Normal day,4,12,0,0,99
2023-09-27,Hyderabad,Technician,Clear,Normal day,2,9,0,1,81
2023-05-18,Delhi,Caregiver,Clear,Normal day,3,5,0,0,94
2025-11-29,Delhi,Technician,Clear,Normal day,5,11,1,1,123
2023-03-10,Bengaluru,Plumber,Clear,Normal day,4,3,0,0,102
2023-12-08,Bengaluru,Electrician,Clear,Normal day,4,12,0,0,87
2023-03-25,Hyderabad,Caregiver,Clear,Normal day,5,3,1,0,84
2023-02-11,Delhi,Plumber,Clear,Normal day,5,2,1,0,149
2025-05-27,Bengaluru,Carpenter,Extreme heat,Normal day,1,5,0,1,100
2024-05-22,Hyderabad,Carpenter,Extreme heat,Normal day,2,5,0,0,87
2024-05-18,Mumbai,Electrician,Clear,Normal day,5,5,1,0,109
2024-03-08,Bengaluru,Technician,Clear,Normal day,4,3,0,0,83
2023-09-04,Mumbai,Plumber,Rain,Normal day,0,9,0,0,144
2025-08-31,Delhi,Technician,Clear,Major event,6,8,1,1,169
2025-11-14,Hyderabad,Domestic Helper,Clear,Normal day,4,11,0,0,104
2024-03-22,Delhi,Caregiver,Clear,Normal day,4,3,0,0,78
2025-03-04,Hyderabad,Technician,Clear,Normal day,1,3,0,0,101
2024-09-15,Mumbai,Caregiver,Rain,Normal day,6,9,1,0,136
2025-10-28,Hyderabad,Painter,Clear,Normal day,1,10,0,1,86
2024-10-22,Bengaluru,Technician,Clear,Normal day,1,10,0,0,97
2023-10-10,Mumbai,Technician,Clear,Normal day,1,10,0,0,112
2024-06-21,Hyderabad,Technician,Rain,Holiday,4,6,0,0,122
2025-04-02,Hyderabad,Electrician,Clear,Normal day,2,4,0,0,103
2023-05-06,Bengaluru,Painter,Extreme heat,Normal day,5,5,1,0,93
2023-01-31,Hyderabad,Plumber,Rain,Normal day,1,1,0,1,101
2023-12-30,Bengaluru,Caregiver,Extreme heat,Normal day,5,12,1,1,120
2023-11-24,Hyderabad,Electrician,Clear,Normal day,4,11,0,0,102
2024-10-23,Mumbai,Technician,Clear,Normal day,2,10,0,0,123
2025-07-26,Bengaluru,Domestic Helper,Clear,Normal day,5,7,1,1,117
2024-06-21,Mumbai,Painter,Rain,Normal day,4,6,0,0,125
2024-02-27,Mumbai,Electrician,Clear,Normal day,1,2,0,1,107
2024-10-31,Delhi,Caregiver,Extreme heat,Normal day,3,10,0,1,103
2023-02-09,Bengaluru,Carpenter,Clear,Normal day,3,2,0,0,91
2025-05-07,Hyderabad,Electrician,Extreme heat,Normal day,2,5,0,0,115
2023-05-11,Delhi,Technician,Clear,Normal day,3,5,0,0,90
2025-01-23,Delhi,Domestic Helper,Clear,Normal day,3,1,0,0,104
2024-07-10,Mumbai,Domestic Helper,Rain,Normal day,2,7,0,0,140
2024-07-23,Mumbai,Technician,Clear,Normal day,1,7,0,0,95
2023-06-04,Hyderabad,Caregiver,Rain,Normal day,6,6,1,0,133
2025-10-25,Bengaluru,Painter,Clear,Normal day,5,10,1,0,92
2024-07-09,Mumbai,Caregiver,Clear,Normal day,1,7,0,0,94
2025-12-16,Bengaluru,Electrician,Clear,Normal day,1,12,0,0,96
2023-10-18,Bengaluru,Carpenter,Clear,Normal day,2,10,0,0,93
2023-04-05,Bengaluru,Painter,Clear,Normal day,2,4,0,0,52
2023-11-16,Hyderabad,Caregiver,Clear,Normal day,3,11,0,0,69
2023-04-09,Mumbai,Electrician,Clear,Normal day,6,4,1,0,134
2025-11-26,Bengaluru,Painter,Clear,Holiday,2,11,0,1,94
2023-12-06,Hyderabad,Domestic Helper,Clear,Normal day,2,12,0,0,77
2024-08-29,Delhi,Technician,Rain,Normal day,3,8,0,1,140
2023-03-03,Bengaluru,Painter,Clear,Normal day,4,3,0,0,77
2024-11-25,Mumbai,Caregiver,Clear,Normal day,0,11,0,0,80
2023-07-01,Bengaluru,Painter,Rain,Normal day,5,7,1,0,113
2023-08-19,Hyderabad,Technician,Clear,Normal day,5,8,1,0,102
2025-04-11,Hyderabad,Plumber,Clear,Major event,4,4,0,0,111
2023-10-01,Bengaluru,Plumber,Clear,Normal day,6,10,1,0,105
2023-12-25,Hyderabad,Plumber,Clear,Normal day,0,12,0,0,101
2024-07-28,Delhi,Plumber,Clear,Normal day,6,7,1,1,127
2024-01-12,Delhi,Carpenter,Extreme heat,Normal day,4,1,0,0,99
2025-09-19,Bengaluru,Electrician,Clear,Normal day,4,9,0,0,100
2024-08-27,Mumbai,Carpenter,Clear,Normal day,1,8,0,1,117
2024-03-16,Hyderabad,Domestic Helper,Clear,Holiday,5,3,1,0,109
2023-11-16,Mumbai,Painter,Clear,Major event,3,11,0,0,120
2024-06-29,Hyderabad,Painter,Rain,Normal day,5,6,1,1,114
2023-05-01,Mumbai,Domestic Helper,Clear,Normal day,0,5,0,0,127
2023-01-02,Mumbai,Technician,Clear,Normal day,0,1,0,0,100
2023-09-30,Delhi,Electrician,Clear,Normal day,5,9,1,1,150
2025-05-20,Delhi,Domestic Helper,Extreme heat,Normal day,1,5,0,0,100
2025-06-19,Delhi,Technician,Rain,Normal day,3,6,0,0,121
2024-05-12,Hyderabad,Technician,Extreme heat,Normal day,6,5,1,0,118
2025-11-10,Mumbai,Electrician,Clear,Normal day,0,11,0,0,105
2025-07-14,Hyderabad,Plumber,Rain,Normal day,0,7,0,0,117
2025-03-30,Hyderabad,Plumber,Extreme heat,Normal day,6,3,1,1,122
2024-04-17,Hyderabad,Electrician,Clear,Normal day,2,4,0,0,99
2025-12-19,Hyderabad,Carpenter,Clear,Holiday,4,12,0,0,104
2024-09-27,Hyderabad,Technician,Rain,Normal day,4,9,0,1,111
2023-10-04,Bengaluru,Carpenter,Clear,Normal day,2,10,0,0,109
2024-01-13,Mumbai,Painter,Clear,Holiday,5,1,1,0,107
2025-02-25,Hyderabad,Painter,Clear,Normal day,1,2,0,0,68
2025-04-15,Mumbai,Plumber,Extreme heat,Normal day,1,4,0,0,138
2023-11-13,Mumbai,Plumber,Clear,Normal day,0,11,0,0,120
2025-09-04,Hyderabad,Domestic Helper,Rain,Normal day,3,9,0,0,94
2025-07-12,Mumbai,Carpenter,Rain,Normal day,5,7,1,0,140
2024-09-08,Bengaluru,Plumber,Clear,Normal day,6,9,1,0,118
2025-12-07,Delhi,Domestic Helper,Clear,Holiday,6,12,1,0,116
2024-02-14,Mumbai,Technician,Clear,Normal day,2,2,0,0,99
2023-09-16,Hyderabad,Electrician,Clear,Normal day,5,9,1,0,103
2024-08-16,Delhi,Electrician,Rain,Normal day,4,8,0,0,131
2025-08-13,Hyderabad,Plumber,Rain,Normal day,2,8,0,0,114
2023-05-18,Delhi,Caregiver,Extreme heat,Normal day,3,5,0,0,113
2023-03-11,Delhi,Caregiver,Rain,Holiday,5,3,1,0,146
2024-09-07,Bengaluru,Electrician,Clear,Normal day,5,9,1,0,109
2025-10-12,Delhi,Plumber,Rain,Normal day,6,10,1,0,151
2025-08-20,Mumbai,Electrician,Rain,Normal day,2,8,0,0,124
2024-11-01,Hyderabad,Carpenter,Clear,Normal day,4,11,0,0,108
2023-10-05,Delhi,Electrician,Clear,Normal day,3,10,0,0,107
2023-11-06,Bengaluru,Domestic Helper,Clear,Normal day,0,11,0,0,90
2024-04-20,Bengaluru,Domestic Helper,Extreme heat,Normal day,5,4,1,0,134
2025-05-26,Bengaluru,Domestic Helper,Extreme heat,Normal day,0,5,0,1,117
2025-03-31,Mumbai,Domestic Helper,Rain,Normal day,0,3,0,1,139
2023-03-11,Delhi,Painter,Clear,Normal day,5,3,1,0,89
2023-06-24,Hyderabad,Caregiver,Clear,Normal day,5,6,1,0,84
2023-01-06,Hyderabad,Domestic Helper,Clear,Holiday,4,1,0,0,102
2025-12-13,Hyderabad,Domestic Helper,Clear,Normal day,5,12,1,0,93
2024-08-17,Bengaluru,Carpenter,Clear,Normal day,5,8,1,0,95
2025-10-02,Delhi,Electrician,Clear,Normal day,3,10,0,0,113
2023-05-29,Mumbai,Painter,Extreme heat,Normal day,0,5,0,1,87
2025-04-08,Bengaluru,Electrician,Clear,Normal day,1,4,0,0,101
2024-02-07,Mumbai,Electrician,Clear,Normal day,2,2,0,0,100
2023-05-08,Mumbai,Painter,Clear,Normal day,0,5,0,0,67
2024-01-03,Bengaluru,Plumber,Clear,Normal day,2,1,0,0,87
2023-05-26,Mumbai,Domestic Helper,Clear,Normal day,4,5,0,1,97
2023-03-24,Mumbai,Carpenter,Clear,Normal day,4,3,0,0,121
2024-09-27,Delhi,Technician,Clear,Normal day,4,9,0,1,116
2023-01-01,Delhi,Painter,Clear,Normal day,6,1,1,0,78
2025-12-30,Hyderabad,Technician,Clear,Normal day,1,12,0,1,81
2023-05-15,Bengaluru,Caregiver,Extreme heat,Normal day,0,5,0,0,95
2023-06-06,Bengaluru,Technician,Rain,Major event,1,6,0,0,157
2025-01-01,Bengaluru,Painter,Clear,Normal day,2,1,0,0,64
2023-12-07,Delhi,Electrician,Clear,Normal day,3,12,0,0,124
2024-06-07,Bengaluru,Domestic Helper,Rain,Normal day,4,6,0,0,123
2024-12-26,Bengaluru,Carpenter,Clear,Normal day,3,12,0,1,106
2023-07-15,Delhi,Technician,Rain,Normal day,5,7,1,0,169
2025-03-14,Delhi,Plumber,Clear,Normal day,4,3,0,0,113
2025-03-26,Bengaluru,Caregiver,Clear,Normal day,2,3,0,1,85
2023-04-14,Delhi,Electrician,Rain,Normal day,4,4,0,0,134
2023-01-26,Delhi,Carpenter,Rain,Holiday,3,1,0,1,127
2024-07-19,Bengaluru,Technician,Clear,Normal day,4,7,0,0,104
2023-11-03,Mumbai,Electrician,Clear,Major event,4,11,0,0,152
2024-03-04,Hyderabad,Painter,Clear,Normal day,0,3,0,0,70
2023-03-23,Mumbai,Domestic Helper,Clear,Normal day,3,3,0,0,102
2025-03-28,Delhi,Caregiver,Extreme heat,Normal day,4,3,0,1,111
2025-06-29,Bengaluru,Plumber,Clear,Normal day,6,6,1,1,113
2024-11-23,Bengaluru,Painter,Clear,Normal day,5,11,1,0,90
2024-02-28,Mumbai,Caregiver,Clear,Normal day,2,2,0,1,95
2023-09-28,Mumbai,Electrician,Rain,Normal day,3,9,0,1,134
2025-08-17,Delhi,Carpenter,Rain,Normal day,6,8,1,0,124
2025-11-04,Bengaluru,Technician,Clear,Normal day,1,11,0,0,83
2023-03-29,Hyderabad,Electrician,Clear,Holiday,2,3,0,1,112
2023-08-29,Bengaluru,Domestic Helper,Rain,Normal day,1,8,0,1,138
2024-07-31,Mumbai,Electrician,Clear,Normal day,2,7,0,1,101
2023-10-25,Hyderabad,Painter,Clear,Normal day,2,10,0,0,82
2024-07-18,Delhi,Domestic Helper,Clear,Normal day,3,7,0,0,99
2025-03-28,Mumbai,Plumber,Clear,Normal day,4,3,0,1,124
2025-04-05,Bengaluru,Carpenter,Extreme heat,Normal day,5,4,1,0,117
2023-11-22,Mumbai,Electrician,Clear,Normal day,2,11,0,0,109
2025-08-21,Bengaluru,Painter,Rain,Normal day,3,8,0,0,90
2024-07-24,Delhi,Painter,Rain,Normal day,2,7,0,0,96
2023-04-27,Mumbai,Caregiver,Extreme heat,Holiday,3,4,0,1,145
2023-05-11,Delhi,Painter,Extreme heat,Normal day,3,5,0,0,101
2024-11-25,Mumbai,Domestic Helper,Clear,Normal day,0,11,0,0,128
2025-09-22,Hyderabad,Painter,Clear,Normal day,0,9,0,0,68
2024-05-23,Delhi,Caregiver,Extreme heat,Normal day,3,5,0,0,124
2023-01-06,Delhi,Plumber,Extreme heat,Holiday,4,1,0,0,167
2025-02-26,Bengaluru,Caregiver,Clear,Major event,2,2,0,1,118
2025-02-04,Hyderabad,Technician,Clear,Normal day,1,2,0,0,86
2024-03-18,Hyderabad,Domestic Helper,Clear,Normal day,0,3,0,0,80
2023-04-17,Hyderabad,Plumber,Clear,Normal day,0,4,0,0,80
2025-06-07,Bengaluru,Carpenter,Clear,Normal day,5,6,1,0,102
2023-06-29,Hyderabad,Carpenter,Rain,Normal day,3,6,0,1,129
2023-09-05,Bengaluru,Technician,Clear,Holiday,1,9,0,0,104
2023-08-31,Mumbai,Electrician,Rain,Normal day,3,8,0,1,152
2023-03-01,Mumbai,Carpenter,Clear,Normal day,2,3,0,0,97
2024-11-25,Mumbai,Caregiver,Clear,Normal day,0,11,0,0,82
2025-01-29,Hyderabad,Caregiver,Clear,Normal day,2,1,0,1,68
2023-08-18,Mumbai,Painter,Clear,Normal day,4,8,0,0,102
2025-12-28,Hyderabad,Electrician,Clear,Normal day,6,12,1,1,91
2024-12-15,Hyderabad,Carpenter,Clear,Normal day,6,12,1,0,84
2024-07-13,Mumbai,Electrician,Clear,Normal day,5,7,1,0,144
2024-07-30,Delhi,Carpenter,Clear,Holiday,1,7,0,1,108
2023-02-03,Bengaluru,Caregiver,Clear,Normal day,4,2,0,0,98
2024-12-18,Mumbai,Carpenter,Rain,Normal day,2,12,0,0,103
2024-11-07,Hyderabad,Painter,Clear,Holiday,3,11,0,0,68
2025-01-29,Mumbai,Electrician,Clear,Normal day,2,1,0,1,123
2024-10-06,Hyderabad,Painter,Clear,Normal day,6,10,1,0,80
2025-04-16,Bengaluru,Technician,Clear,Normal day,2,4,0,0,82
2025-05-16,Bengaluru,Painter,Clear,Normal day,4,5,0,0,74
2023-11-12,Hyderabad,Painter,Clear,Holiday,6,11,1,0,96
2023-05-09,Delhi,Domestic Helper,Clear,Holiday,1,5,0,0,110
2024-02-12,Bengaluru,Electrician,Clear,Normal day,0,2,0,0,89
2023-07-04,Hyderabad,Painter,Rain,Normal day,1,7,0,0,81
2023-04-21,Delhi,Domestic Helper,Clear,Holiday,4,4,0,0,104
2023-09-22,Mumbai,Carpenter,Clear,Normal day,4,9,0,0,101
2024-10-30,Delhi,Painter,Clear,Holiday,2,10,0,1,114
2025-02-07,Delhi,Caregiver,Clear,Normal day,4,2,0,0,80
2024-10-17,Hyderabad,Domestic Helper,Clear,Normal day,3,10,0,0,83
2023-09-10,Bengaluru,Technician,Rain,Normal day,6,9,1,0,109
2025-12-24,Hyderabad,Painter,Extreme heat,Normal day,2,12,0,0,78
2025-04-08,Mumbai,Painter,Clear,Normal day,1,4,0,0,77
2024-04-26,Mumbai,Carpenter,Extreme heat,Normal day,4,4,0,1,111
2025-07-31,Hyderabad,Domestic Helper,Extreme heat,Normal day,3,7,0,1,111
2025-08-17,Bengaluru,Technician,Clear,Normal day,6,8,1,0,111
2025-09-06,Hyderabad,Technician,Rain,Normal day,5,9,1,0,100
2024-05-15,Bengaluru,Technician,Extreme heat,Normal day,2,5,0,0,108
2023-12-02,Bengaluru,Domestic Helper,Clear,Normal day,5,12,1,0,111
2024-03-20,Mumbai,Technician,Clear,Normal day,2,3,0,0,89
2025-09-08,Mumbai,Technician,Rain,Normal day,0,9,0,0,113
2025-04-09,Delhi,Carpenter,Clear,Normal day,2,4,0,0,82
2023-10-01,Delhi,Plumber,Clear,Normal day,6,10,1,0,119
2025-07-31,Hyderabad,Domestic Helper,Rain,Normal day,3,7,0,1,122
2024-06-12,Mumbai,Painter,Rain,Normal day,2,6,0,0,103
2023-11-23,Mumbai,Caregiver,Clear,Normal day,3,11,0,0,79
2023-10-16,Bengaluru,Plumber,Clear,Holiday,0,10,0,0,135
2023-07-12,Delhi,Caregiver,Extreme heat,Holiday,2,7,0,0,116
2024-01-22,Mumbai,Technician,Clear,Normal day,0,1,0,0,89
2024-08-23,Mumbai,Plumber,Extreme heat,Normal day,4,8,0,0,155
2023-05-25,Mumbai,Domestic Helper,Clear,Normal day,3,5,0,0,100
2024-11-09,Delhi,Technician,Clear,Normal day,5,11,1,0,123
2024-12-01,Mumbai,Painter,Clear,Normal day,6,12,1,0,101
2024-10-24,Hyderabad,Domestic Helper,Clear,Normal day,3,10,0,0,110
2024-02-18,Mumbai,Electrician,Clear,Normal day,6,2,1,0,108
2025-03-16,Delhi,Plumber,Clear,Normal day,6,3,1,0,115
2025-06-04,Mumbai,Plumber,Rain,Normal day,2,6,0,0,175
2024-03-23,Mumbai,Electrician,Clear,Normal day,5,3,1,0,115
2023-03-11,Hyderabad,Painter,Rain,Normal day,5,3,1,0,101
2023-02-27,Hyderabad,Electrician,Clear,Normal day,0,2,0,1,92
2024-05-02,Hyderabad,Technician,Clear,Normal day,3,5,0,0,86
2023-12-14,Delhi,Plumber,Clear,Holiday,3,12,0,0,111
2023-03-18,Hyderabad,Technician,Clear,Normal day,5,3,1,0,102
2023-09-28,Hyderabad,Carpenter,Clear,Normal day,3,9,0,1,81
2025-06-08,Hyderabad,Technician,Rain,Normal day,6,6,1,0,105
2025-05-26,Hyderabad,Painter,Clear,Normal day,0,5,0,1,63
2023-01-05,Hyderabad,Technician,Clear,Normal day,3,1,0,0,76
2024-05-16,Hyderabad,Plumber,Extreme heat,Normal day,3,5,0,0,101
2024-12-31,Hyderabad,Technician,Clear,Normal day,1,12,0,1,91
2023-05-26,Delhi,Domestic Helper,Clear,Normal day,4,5,0,1,119
2025-09-21,Mumbai,Electrician,Rain,Normal day,6,9,1,0,157
2025-09-19,Delhi,Technician,Extreme heat,Normal day,4,9,0,0,131
2024-06-11,Hyderabad,Electrician,Rain,Normal day,1,6,0,0,131
2024-10-07,Delhi,Electrician,Rain,Normal day,0,10,0,0,152
2024-03-01,Mumbai,Technician,Clear,Normal day,4,3,0,0,123
2024-08-30,Mumbai,Plumber,Clear,Normal day,4,8,0,1,139
2024-06-10,Hyderabad,Electrician,Clear,Normal day,0,6,0,0,84
2025-12-28,Bengaluru,Caregiver,Rain,Holiday,6,12,1,1,125
2024-08-13,Delhi,Plumber,Clear,Major event,1,8,0,0,165
2023-05-30,Mumbai,Caregiver,Clear,Normal day,1,5,0,1,93
2023-12-01,Mumbai,Plumber,Clear,Normal day,4,12,0,0,105
2024-09-14,Hyderabad,Carpenter,Clear,Normal day,5,9,1,0,86
2023-11-27,Delhi,Painter,Clear,Normal day,0,11,0,1,80
2025-10-03,Bengaluru,Technician,Clear,Normal day,4,10,0,0,97
2023-10-17,Mumbai,Plumber,Clear,Normal day,1,10,0,0,123
2025-09-16,Bengaluru,Carpenter,Rain,Normal day,1,9,0,0,81
2024-08-17,Bengaluru,Painter,Rain,Normal day,5,8,1,0,96
2023-06-07,Mumbai,Caregiver,Rain,Normal day,2,6,0,0,114
2025-01-27,Hyderabad,Carpenter,Clear,Normal day,0,1,0,1,99
2024-07-09,Hyderabad,Electrician,Rain,Normal day,1,7,0,0,121
2025-05-27,Hyderabad,Domestic Helper,Clear,Normal day,1,5,0,1,104
2025-03-03,Mumbai,Caregiver,Clear,Normal day,0,3,0,0,95
2025-06-29,Mumbai,Plumber,Clear,Normal day,6,6,1,1,113
2023-05-02,Mumbai,Painter,Clear,Normal day,1,5,0,0,83
2023-01-16,Bengaluru,Painter,Clear,Normal day,0,1,0,0,59
2025-07-09,Hyderabad,Carpenter,Clear,Normal day,2,7,0,0,88
2025-12-06,Hyderabad,Carpenter,Clear,Normal day,5,12,1,0,80
2025-10-07,Delhi,Electrician,Extreme heat,Holiday,1,10,0,0,133
2025-08-21,Hyderabad,Carpenter,Clear,Holiday,3,8,0,0,102
2025-12-08,Hyderabad,Carpenter,Clear,Normal day,0,12,0,0,96
2025-12-23,Mumbai,Carpenter,Clear,Normal day,1,12,0,0,91
2025-04-29,Hyderabad,Carpenter,Clear,Holiday,1,4,0,1,101
2023-12-25,Delhi,Technician,Clear,Holiday,0,12,0,0,104
2025-11-15,Hyderabad,Carpenter,Clear,Normal day,5,11,1,0,88
2024-02-18,Mumbai,Domestic Helper,Clear,Normal day,6,2,1,0,122
2025-05-22,Bengaluru,Domestic Helper,Extreme heat,Normal day,3,5,0,0,99
2025-08-20,Bengaluru,Caregiver,Clear,Major event,2,8,0,0,123
2024-05-17,Hyderabad,Plumber,Clear,Normal day,4,5,0,0,102
2024-07-02,Mumbai,Plumber,Rain,Normal day,1,7,0,0,176
2023-12-22,Bengaluru,Technician,Clear,Normal day,4,12,0,0,106
2024-04-02,Bengaluru,Domestic Helper,Extreme heat,Normal day,1,4,0,0,101
2023-05-22,Mumbai,Carpenter,Extreme heat,Major event,0,5,0,0,134
2025-06-06,Bengaluru,Technician,Rain,Normal day,4,6,0,0,132
2025-09-24,Mumbai,Technician,Clear,Normal day,2,9,0,0,94
2024-07-04,Bengaluru,Plumber,Clear,Normal day,3,7,0,0,91
2025-12-14,Bengaluru,Carpenter,Clear,Holiday,6,12,1,0,83
2024-02-24,Delhi,Technician,Clear,Normal day,5,2,1,0,94
2025-10-04,Delhi,Domestic Helper,Extreme heat,Major event,5,10,1,0,150
2024-10-21,Hyderabad,Caregiver,Clear,Normal day,0,10,0,0,62
2024-05-29,Bengaluru,Carpenter,Rain,Normal day,2,5,0,1,107
2023-04-03,Mumbai,Caregiver,Extreme heat,Major event,0,4,0,0,131
2024-05-28,Delhi,Plumber,Extreme heat,Normal day,1,5,0,1,133
2023-04-01,Mumbai,Electrician,Clear,Normal day,5,4,1,0,125
2023-10-14,Delhi,Domestic Helper,Clear,Normal day,5,10,1,0,117
2023-02-05,Hyderabad,Plumber,Clear,Normal day,6,2,1,0,108
2024-04-10,Bengaluru,Domestic Helper,Extreme heat,Normal day,2,4,0,0,99
2025-08-22,Delhi,Domestic Helper,Clear,Normal day,4,8,0,0,122
2025-01-18,Bengaluru,Caregiver,Clear,Normal day,5,1,1,0,98
2025-05-21,Delhi,Caregiver,Clear,Normal day,2,5,0,0,86
2023-01-08,Mumbai,Technician,Clear,Normal day,6,1,1,0,113
2025-11-30,Hyderabad,Caregiver,Clear,Normal day,6,11,1,1,106
2023-08-06,Hyderabad,Plumber,Clear,Normal day,6,8,1,0,116
2023-12-11,Hyderabad,Electrician,Clear,Normal day,0,12,0,0,82
2025-02-10,Delhi,Plumber,Clear,Normal day,0,2,0,0,90
2024-08-22,Mumbai,Electrician,Rain,Normal day,3,8,0,0,141
2023-01-06,Hyderabad,Painter,Clear,Normal day,4,1,0,0,61
2023-06-27,Delhi,Electrician,Extreme heat,Normal day,1,6,0,1,135
2023-07-04,Hyderabad,Domestic Helper,Rain,Normal day,1,7,0,0,128
2023-10-28,Hyderabad,Technician,Clear,Normal day,5,10,1,1,111
2024-10-01,Hyderabad,Domestic Helper,Clear,Normal day,1,10,0,0,95
2025-05-10,Mumbai,Plumber,Clear,Normal day,5,5,1,0,131
2024-03-26,Hyderabad,Electrician,Clear,Normal day,1,3,0,1,79
2023-02-25,Mumbai,Plumber,Clear,Normal day,5,2,1,0,114
2023-04-26,Bengaluru,Caregiver,Extreme heat,Normal day,2,4,0,1,102
2025-05-27,Delhi,Technician,Clear,Normal day,1,5,0,1,91
2025-07-06,Bengaluru,Caregiver,Rain,Normal day,6,7,1,0,109
2025-08-12,Hyderabad,Domestic Helper,Clear,Normal day,1,8,0,0,89
2025-06-30,Hyderabad,Painter,Clear,Normal day,0,6,0,1,73
2025-12-10,Bengaluru,Technician,Rain,Normal day,2,12,0,0,112
2023-03-23,Hyderabad,Caregiver,Clear,Normal day,3,3,0,0,63
2024-12-23,Bengaluru,Carpenter,Clear,Holiday,0,12,0,0,78
2024-09-11,Delhi,Domestic Helper,Extreme heat,Normal day,2,9,0,0,117
2025-03-10,Mumbai,Painter,Clear,Normal day,0,3,0,0,79
2024-06-23,Hyderabad,Painter,Clear,Major event,6,6,1,0,87
2023-11-15,Bengaluru,Caregiver,Clear,Holiday,2,11,0,0,96
2024-05-02,Hyderabad,Caregiver,Clear,Normal day,3,5,0,0,69
2023-02-27,Delhi,Caregiver,Clear,Normal day,0,2,0,1,84
2023-07-24,Mumbai,Domestic Helper,Rain,Normal day,0,7,0,0,134
2025-03-03,Bengaluru,Domestic Helper,Clear,Normal day,0,3,0,0,75
2023-02-24,Hyderabad,Electrician,Rain,Normal day,4,2,0,0,132
2023-03-17,Bengaluru,Electrician,Clear,Normal day,4,3,0,0,96
2025-09-12,Mumbai,Domestic Helper,Rain,Normal day,4,9,0,0,139
2024-04-18,Mumbai,Carpenter,Extreme heat,Normal day,3,4,0,0,116
2025-06-13,Delhi,Domestic Helper,Rain,Normal day,4,6,0,0,118
2024-05-11,Delhi,Electrician,Clear,Normal day,5,5,1,0,136
2025-11-12,Hyderabad,Technician,Clear,Normal day,2,11,0,0,93
2024-04-06,Mumbai,Carpenter,Clear,Normal day,5,4,1,0,109
2025-09-24,Hyderabad,Plumber,Rain,Normal day,2,9,0,0,111
2024-03-22,Bengaluru,Carpenter,Clear,Normal day,4,3,0,0,75
2024-10-13,Hyderabad,Caregiver,Rain,Normal day,6,10,1,0,119
2023-07-11,Hyderabad,Domestic Helper,Rain,Normal day,1,7,0,0,100
2024-03-31,Delhi,Caregiver,Clear,Normal day,6,3,1,1,102
2024-09-29,Delhi,Domestic Helper,Rain,Holiday,6,9,1,1,150
2023-06-06,Delhi,Electrician,Clear,Normal day,1,6,0,0,119
2023-04-16,Bengaluru,Technician,Clear,Normal day,6,4,1,0,89
2024-10-22,Bengaluru,Plumber,Clear,Normal day,1,10,0,0,84
2023-08-22,Delhi,Caregiver,Rain,Normal day,1,8,0,0,104
2025-12-29,Bengaluru,Caregiver,Clear,Normal day,0,12,0,1,83
2025-07-11,Hyderabad,Domestic Helper,Clear,Normal day,4,7,0,0,107
2024-04-20,Delhi,Technician,Extreme heat,Normal day,5,4,1,0,128
2025-05-23,Delhi,Carpenter,Clear,Normal day,4,5,0,0,110
2024-08-23,Bengaluru,Technician,Extreme heat,Normal day,4,8,0,0,143
2025-05-16,Hyderabad,Carpenter,Extreme heat,Holiday,4,5,0,0,102
2024-03-22,Mumbai,Domestic Helper,Clear,Normal day,4,3,0,0,81
2025-10-18,Mumbai,Technician,Clear,Normal day,5,10,1,0,108
2025-10-17,Delhi,Painter,Clear,Holiday,4,10,0,0,97
2023-10-29,Hyderabad,Plumber,Clear,Normal day,6,10,1,1,110
2024-03-02,Bengaluru,Plumber,Clear,Holiday,5,3,1,0,143
2025-01-24,Delhi,Caregiver,Clear,Normal day,4,1,0,0,88
2024-04-09,Mumbai,Carpenter,Clear,Normal day,1,4,0,0,80
2025-02-02,Bengaluru,Domestic Helper,Clear,Normal day,6,2,1,0,87
2024-05-21,Hyderabad,Technician,Clear,Normal day,1,5,0,0,82
2024-02-29,Delhi,Carpenter,Clear,Normal day,3,2,0,1,107
2024-06-05,Hyderabad,Plumber,Rain,Normal day,2,6,0,0,98
2024-12-31,Delhi,Caregiver,Clear,Normal day,1,12,0,1,73
2024-07-02,Bengaluru,Painter,Clear,Major event,1,7,0,0,92
2023-01-27,Mumbai,Plumber,Clear,Normal day,4,1,0,1,117
2025-04-08,Bengaluru,Caregiver,Extreme heat,Normal day,1,4,0,0,109
2023-07-22,Mumbai,Technician,Rain,Normal day,5,7,1,0,142
2025-09-09,Hyderabad,Caregiver,Rain,Normal day,1,9,0,0,87
2024-06-06,Mumbai,Caregiver,Rain,Normal day,3,6,0,0,112
2023-02-22,Mumbai,Domestic Helper,Clear,Normal day,2,2,0,0,94
2025-04-09,Delhi,Caregiver,Extreme heat,Normal day,2,4,0,0,113
2024-02-17,Bengaluru,Technician,Clear,Normal day,5,2,1,0,97
2024-12-13,Bengaluru,Domestic Helper,Clear,Normal day,4,12,0,0,106
2024-01-19,Bengaluru,Domestic Helper,Rain,Normal day,4,1,0,0,120
2025-07-15,Hyderabad,Electrician,Rain,Normal day,1,7,0,0,137
2025-04-30,Hyderabad,Painter,Extreme heat,Major event,2,4,0,1,117
2024-10-03,Hyderabad,Plumber,Clear,Normal day,3,10,0,0,115
2023-03-07,Mumbai,Technician,Clear,Normal day,1,3,0,0,77
2024-03-26,Delhi,Domestic Helper,Clear,Major event,1,3,0,1,137
2024-03-03,Hyderabad,Painter,Clear,Normal day,6,3,1,0,71
2025-09-26,Delhi,Domestic Helper,Rain,Holiday,4,9,0,1,150
2025-07-15,Bengaluru,Carpenter,Clear,Normal day,1,7,0,0,88
2025-04-06,Bengaluru,Carpenter,Clear,Normal day,6,4,1,0,100
2024-03-08,Mumbai,Technician,Rain,Holiday,4,3,0,0,139
2024-09-14,Hyderabad,Carpenter,Clear,Normal day,5,9,1,0,98
2025-02-10,Bengaluru,Electrician,Clear,Normal day,0,2,0,0,77
2023-09-20,Hyderabad,Plumber,Clear,Normal day,2,9,0,0,98
2024-12-31,Hyderabad,Domestic Helper,Clear,Normal day,1,12,0,1,99
2023-11-20,Mumbai,Painter,Clear,Normal day,0,11,0,0,83
2024-06-22,Bengaluru,Carpenter,Rain,Major event,5,6,1,0,172
2024-10-24,Bengaluru,Plumber,Clear,Normal day,3,10,0,0,114
2023-05-11,Mumbai,Technician,Extreme heat,Normal day,3,5,0,0,119
2024-08-13,Delhi,Domestic Helper,Clear,Holiday,1,8,0,0,102
2025-12-28,Mumbai,Domestic Helper,Clear,Normal day,6,12,1,1,108
2024-05-08,Mumbai,Electrician,Clear,Normal day,2,5,0,0,116
2025-02-13,Bengaluru,Carpenter,Clear,Normal day,3,2,0,0,89
2024-02-10,Mumbai,Carpenter,Clear,Normal day,5,2,1,0,109
2025-07-26,Hyderabad,Domestic Helper,Rain,Normal day,5,7,1,1,141
2023-10-02,Bengaluru,Carpenter,Clear,Normal day,0,10,0,0,99
2024-05-14,Hyderabad,Painter,Extreme heat,Normal day,1,5,0,0,106
2025-11-18,Mumbai,Electrician,Clear,Normal day,1,11,0,0,128
2025-10-25,Bengaluru,Electrician,Clear,Normal day,5,10,1,0,130
2025-09-10,Mumbai,Electrician,Clear,Normal day,2,9,0,0,108
2024-10-26,Bengaluru,Electrician,Clear,Normal day,5,10,1,1,131
2025-04-24,Mumbai,Caregiver,Clear,Normal day,3,4,0,0,104
2025-09-22,Bengaluru,Domestic Helper,Rain,Holiday,0,9,0,0,127
2025-04-10,Delhi,Painter,Clear,Normal day,3,4,0,0,68
2025-07-19,Bengaluru,Painter,Rain,Normal day,5,7,1,0,132
2023-01-05,Mumbai,Technician,Clear,Normal day,3,1,0,0,106
2024-02-10,Mumbai,Technician,Clear,Normal day,5,2,1,0,107
2024-06-23,Mumbai,Caregiver,Rain,Major event,6,6,1,0,204
2023-03-10,Bengaluru,Plumber,Clear,Normal day,4,3,0,0,114
2025-10-25,Hyderabad,Technician,Clear,Normal day,5,10,1,0,93
2024-11-17,Bengaluru,Caregiver,Clear,Normal day,6,11,1,0,86
2023-12-11,Delhi,Caregiver,Clear,Normal day,0,12,0,0,74
2023-11-11,Bengaluru,Painter,Clear,Major event,5,11,1,0,117
2024-10-07,Bengaluru,Carpenter,Clear,Normal day,0,10,0,0,82
2023-10-18,Bengaluru,Electrician,Extreme heat,Normal day,2,10,0,0,111
2024-05-26,Mumbai,Technician,Extreme heat,Normal day,6,5,1,1,143
2023-10-05,Mumbai,Carpenter,Clear,Normal day,3,10,0,0,87
2024-04-20,Mumbai,Plumber,Extreme heat,Holiday,5,4,1,0,183
2025-02-12,Mumbai,Caregiver,Clear,Normal day,2,2,0,0,88
2023-04-05,Bengaluru,Electrician,Extreme heat,Normal day,2,4,0,0,115
2024-09-20,Mumbai,Plumber,Rain,Normal day,4,9,0,0,163
2023-12-23,Delhi,Plumber,Clear,Normal day,5,12,1,0,130
2023-08-28,Mumbai,Plumber,Clear,Normal day,0,8,0,1,156
2024-11-18,Hyderabad,Caregiver,Clear,Holiday,0,11,0,0,101
2024-09-15,Mumbai,Domestic Helper,Clear,Normal day,6,9,1,0,125
2024-09-02,Hyderabad,Painter,Rain,Normal day,0,9,0,0,64
2025-11-14,Hyderabad,Painter,Clear,Holiday,4,11,0,0,107
2023-04-22,Delhi,Plumber,Clear,Normal day,5,4,1,0,119
2025-08-27,Mumbai,Carpenter,Rain,Normal day,2,8,0,1,127
2025-01-08,Mumbai,Domestic Helper,Clear,Normal day,2,1,0,0,106
2025-04-08,Bengaluru,Carpenter,Extreme heat,Normal day,1,4,0,0,111
2025-04-07,Delhi,Technician,Clear,Normal day,0,4,0,0,98
2024-07-01,Hyderabad,Technician,Rain,Normal day,0,7,0,0,106
2025-01-27,Mumbai,Technician,Clear,Holiday,0,1,0,1,103
2025-05-03,Hyderabad,Carpenter,Clear,Normal day,5,5,1,0,96
2025-01-26,Mumbai,Plumber,Clear,Normal day,6,1,1,1,117
2025-01-29,Mumbai,Carpenter,Rain,Normal day,2,1,0,1,112
2024-07-08,Hyderabad,Painter,Rain,Normal day,0,7,0,0,85
2024-11-23,Mumbai,Domestic Helper,Clear,Normal day,5,11,1,0,119
2025-04-15,Mumbai,Technician,Extreme heat,Normal day,1,4,0,0,117
2024-11-25,Mumbai,Plumber,Clear,Normal day,0,11,0,0,109
2025-03-06,Hyderabad,Domestic Helper,Clear,Holiday,3,3,0,0,93
2025-08-30,Bengaluru,Plumber,Rain,Normal day,5,8,1,1,154
2025-05-06,Mumbai,Caregiver,Extreme heat,Normal day,1,5,0,0,101
2024-10-25,Delhi,Plumber,Rain,Normal day,4,10,0,0,178
2024-11-03,Hyderabad,Plumber,Clear,Major event,6,11,1,0,162
2023-07-27,Hyderabad,Caregiver,Rain,Normal day,3,7,0,1,94
2025-08-21,Mumbai,Domestic Helper,Rain,Normal day,3,8,0,0,142
2023-06-08,Hyderabad,Electrician,Clear,Normal day,3,6,0,0,99
2025-10-21,Bengaluru,Electrician,Clear,Normal day,1,10,0,0,108
2024-02-07,Hyderabad,Electrician,Clear,Major event,2,2,0,0,120
2024-03-02,Hyderabad,Plumber,Clear,Normal day,5,3,1,0,120
2023-12-07,Bengaluru,Electrician,Clear,Normal day,3,12,0,0,98
2025-09-14,Bengaluru,Domestic Helper,Rain,Normal day,6,9,1,0,116
2024-07-17,Mumbai,Electrician,Clear,Normal day,2,7,0,0,122
2024-08-07,Hyderabad,Technician,Clear,Normal day,2,8,0,0,79
2025-06-24,Hyderabad,Plumber,Clear,Normal day,1,6,0,0,99
2023-10-23,Mumbai,Painter,Clear,Normal day,0,10,0,0,67
2025-04-10,Mumbai,Technician,Clear,Holiday,3,4,0,0,109
2023-10-12,Delhi,Electrician,Clear,Normal day,3,10,0,0,100
2024-06-21,Bengaluru,Caregiver,Clear,Normal day,4,6,0,0,83
2025-02-23,Delhi,Domestic Helper,Clear,Normal day,6,2,1,0,80
2025-07-13,Bengaluru,Painter,Rain,Normal day,6,7,1,0,119
2024-03-23,Delhi,Plumber,Clear,Major event,5,3,1,0,161
2025-03-08,Bengaluru,Plumber,Clear,Normal day,5,3,1,0,97
2023-02-26,Bengaluru,Painter,Clear,Normal day,6,2,1,1,82
2024-07-11,Bengaluru,Technician,Rain,Normal day,3,7,0,0,111
2024-04-19,Delhi,Carpenter,Clear,Normal day,4,4,0,0,94
2025-05-08,Hyderabad,Caregiver,Extreme heat,Normal day,3,5,0,0,100
2024-07-14,Bengaluru,Carpenter,Clear,Normal day,6,7,1,0,104
2024-06-27,Bengaluru,Caregiver,Clear,Holiday,3,6,0,1,102
2025-06-08,Hyderabad,Domestic Helper,Clear,Holiday,6,6,1,0,138
2024-05-29,Bengaluru,Electrician,Clear,Normal day,2,5,0,1,123
2023-06-20,Bengaluru,Electrician,Rain,Normal day,1,6,0,0,126
2023-11-27,Bengaluru,Plumber,Clear,Normal day,0,11,0,1,124
2025-05-04,Hyderabad,Electrician,Clear,Normal day,6,5,1,0,102
2023-03-09,Bengaluru,Domestic Helper,Clear,Normal day,3,3,0,0,89
2023-10-23,Bengaluru,Technician,Clear,Normal day,0,10,0,0,76
2024-11-05,Delhi,Domestic Helper,Clear,Holiday,1,11,0,0,133
2023-05-03,Mumbai,Carpenter,Clear,Normal day,2,5,0,0,120
2025-09-06,Bengaluru,Painter,Rain,Normal day,5,9,1,0,99
2023-07-24,Mumbai,Domestic Helper,Clear,Holiday,0,7,0,0,123
2025-09-11,Bengaluru,Technician,Rain,Holiday,3,9,0,0,130
2025-10-11,Bengaluru,Plumber,Rain,Normal day,5,10,1,0,156
2023-07-20,Delhi,Technician,Rain,Normal day,3,7,0,0,122
2024-09-13,Hyderabad,Caregiver,Rain,Normal day,4,9,0,0,117
2025-12-02,Bengaluru,Carpenter,Clear,Holiday,1,12,0,0,91
2025-12-28,Hyderabad,Technician,Clear,Normal day,6,12,1,1,118
2025-09-19,Bengaluru,Technician,Rain,Normal day,4,9,0,0,129
2025-06-12,Hyderabad,Technician,Rain,Normal day,3,6,0,0,98
2024-08-26,Hyderabad,Plumber,Rain,Normal day,0,8,0,1,135
2023-06-13,Bengaluru,Caregiver,Rain,Normal day,1,6,0,0,103
2023-08-16,Hyderabad,Electrician,Rain,Normal day,2,8,0,0,114
2023-12-13,Mumbai,Caregiver,Clear,Normal day,2,12,0,0,108
2023-04-09,Bengaluru,Caregiver,Clear,Normal day,6,4,1,0,74
2024-03-22,Delhi,Electrician,Clear,Normal day,4,3,0,0,120
2024-01-15,Hyderabad,Electrician,Clear,Normal day,0,1,0,0,70
2024-12-06,Delhi,Plumber,Extreme heat,Holiday,4,12,0,0,126
2025-10-14,Delhi,Electrician,Clear,Normal day,1,10,0,0,111
2024-08-02,Hyderabad,Caregiver,Rain,Normal day,4,8,0,0,111
2025-08-13,Delhi,Domestic Helper,Rain,Normal day,2,8,0,0,141
2025-05-22,Hyderabad,Domestic Helper,Clear,Normal day,3,5,0,0,94
2024-03-28,Bengaluru,Electrician,Clear,Normal day,3,3,0,1,120
2024-11-28,Hyderabad,Painter,Clear,Normal day,3,11,0,1,86
2025-04-03,Mumbai,Carpenter,Clear,Normal day,3,4,0,0,87
2023-10-26,Mumbai,Painter,Clear,Holiday,3,10,0,1,118
2023-11-16,Hyderabad,Painter,Clear,Normal day,3,11,0,0,67
2025-04-09,Delhi,Electrician,Clear,Normal day,2,4,0,0,108
2025-09-02,Bengaluru,Caregiver,Clear,Normal day,1,9,0,0,87
2024-07-16,Bengaluru,Technician,Clear,Normal day,1,7,0,0,115
2025-02-13,Hyderabad,Technician,Clear,Holiday,3,2,0,0,105
2025-11-14,Hyderabad,Technician,Clear,Normal day,4,11,0,0,88
2023-01-08,Hyderabad,Painter,Clear,Holiday,6,1,1,0,68
2024-07-10,Bengaluru,Painter,Clear,Normal day,2,7,0,0,79
2025-08-24,Hyderabad,Plumber,Clear,Normal day,6,8,1,0,125
2023-09-07,Delhi,Technician,Rain,Normal day,3,9,0,0,121
2024-04-14,Mumbai,Domestic Helper,Clear,Normal day,6,4,1,0,113
2023-11-14,Delhi,Electrician,Clear,Normal day,1,11,0,0,110
2023-11-15,Mumbai,Carpenter,Extreme heat,Normal day,2,11,0,0,91
2024-08-31,Bengaluru,Electrician,Clear,Major event,5,8,1,1,180
2024-07-02,Hyderabad,Domestic Helper,Rain,Normal day,1,7,0,0,104
2023-07-28,Bengaluru,Plumber,Clear,Major event,4,7,0,1,148
2024-10-05,Mumbai,Carpenter,Extreme heat,Normal day,5,10,1,0,138
2023-10-26,Mumbai,Technician,Clear,Normal day,3,10,0,1,119
2023-01-16,Hyderabad,Carpenter,Clear,Normal day,0,1,0,0,71
2025-01-06,Hyderabad,Domestic Helper,Extreme heat,Normal day,0,1,0,0,95
2025-08-09,Mumbai,Electrician,Clear,Normal day,5,8,1,0,157
2023-05-30,Bengaluru,Carpenter,Clear,Normal day,1,5,0,1,106
2024-11-05,Mumbai,Carpenter,Clear,Normal day,1,11,0,0,101
2023-09-16,Bengaluru,Caregiver,Clear,Normal day,5,9,1,0,81
2025-04-19,Hyderabad,Carpenter,Extreme heat,Normal day,5,4,1,0,104
2023-03-16,Mumbai,Electrician,Clear,Normal day,3,3,0,0,102
2024-04-02,Bengaluru,Painter,Clear,Normal day,1,4,0,0,78
2023-02-21,Mumbai,Painter,Clear,Normal day,1,2,0,0,72
2023-10-26,Bengaluru,Plumber,Clear,Normal day,3,10,0,1,126
2025-06-29,Delhi,Plumber,Rain,Normal day,6,6,1,1,165
2023-01-29,Delhi,Technician,Clear,Normal day,6,1,1,1,114
2024-12-06,Hyderabad,Technician,Clear,Normal day,4,12,0,0,100
2023-02-12,Delhi,Plumber,Clear,Normal day,6,2,1,0,94
2025-05-08,Hyderabad,Domestic Helper,Extreme heat,Normal day,3,5,0,0,111
2025-01-05,Mumbai,Domestic Helper,Clear,Normal day,6,1,1,0,102
2023-01-31,Hyderabad,Electrician,Clear,Normal day,1,1,0,1,93
2025-05-10,Hyderabad,Plumber,Clear,Normal day,5,5,1,0,142
2025-01-30,Hyderabad,Electrician,Clear,Normal day,3,1,0,1,90
2025-06-28,Hyderabad,Electrician,Rain,Normal day,5,6,1,1,117
2023-05-22,Delhi,Domestic Helper,Extreme heat,Holiday,0,5,0,0,134
2025-01-02,Mumbai,Caregiver,Clear,Normal day,3,1,0,0,87
2025-09-07,Hyderabad,Domestic Helper,Rain,Normal day,6,9,1,0,112
2025-03-25,Delhi,Carpenter,Clear,Normal day,1,3,0,0,100
2025-10-18,Mumbai,Carpenter,Clear,Normal day,5,10,1,0,115
2025-12-24,Delhi,Caregiver,Clear,Normal day,2,12,0,0,90
2024-05-28,Mumbai,Plumber,Clear,Major event,1,5,0,1,152
2023-03-07,Delhi,Electrician,Clear,Normal day,1,3,0,0,98
2023-08-15,Delhi,Carpenter,Clear,Normal day,1,8,0,0,100
2023-08-10,Delhi,Domestic Helper,Clear,Normal day,3,8,0,0,139
2023-02-28,Hyderabad,Plumber,Clear,Normal day,1,2,0,1,99
2025-02-14,Bengaluru,Plumber,Clear,Normal day,4,2,0,0,97
2023-05-06,Mumbai,Technician,Clear,Normal day,5,5,1,0,118
2024-11-23,Delhi,Carpenter,Clear,Normal day,5,11,1,0,117
2023-06-19,Delhi,Caregiver,Rain,Normal day,0,6,0,0,106
2025-12-11,Hyderabad,Plumber,Clear,Major event,3,12,0,0,98
2023-10-14,Hyderabad,Painter,Clear,Normal day,5,10,1,0,95
2023-07-05,Hyderabad,Plumber,Clear,Normal day,2,7,0,0,125
2023-11-18,Mumbai,Technician,Clear,Normal day,5,11,1,0,117
2025-04-14,Hyderabad,Domestic Helper,Extreme heat,Normal day,0,4,0,0,94
2023-09-02,Delhi,Caregiver,Clear,Normal day,5,9,1,0,82
2025-04-11,Hyderabad,Domestic Helper,Clear,Normal day,4,4,0,0,89
2023-01-11,Hyderabad,Plumber,Extreme heat,Normal day,2,1,0,0,128
2023-03-09,Mumbai,Electrician,Clear,Normal day,3,3,0,0,126
2025-10-21,Bengaluru,Carpenter,Clear,Normal day,1,10,0,0,82
2025-01-03,Bengaluru,Plumber,Clear,Normal day,4,1,0,0,102
2023-04-10,Bengaluru,Domestic Helper,Clear,Normal day,0,4,0,0,86
2025-02-04,Mumbai,Painter,Clear,Holiday,1,2,0,0,95
2023-05-07,Bengaluru,Electrician,Extreme heat,Normal day,6,5,1,0,108
2024-11-30,Hyderabad,Electrician,Clear,Holiday,5,11,1,1,155
2024-11-28,Hyderabad,Caregiver,Clear,Normal day,3,11,0,1,96
2025-10-05,Bengaluru,Domestic Helper,Clear,Normal day,6,10,1,0,107
2024-09-25,Bengaluru,Caregiver,Clear,Normal day,2,9,0,0,87
2023-10-20,Mumbai,Electrician,Clear,Normal day,4,10,0,0,127
2024-03-20,Mumbai,Caregiver,Clear,Normal day,2,3,0,0,93
2025-08-17,Hyderabad,Technician,Rain,Holiday,6,8,1,0,137
2024-11-09,Hyderabad,Carpenter,Clear,Normal day,5,11,1,0,80
2024-05-16,Hyderabad,Electrician,Extreme heat,Normal day,3,5,0,0,106
2024-08-28,Delhi,Plumber,Rain,Normal day,2,8,0,1,188
2023-08-02,Bengaluru,Caregiver,Rain,Normal day,2,8,0,0,94
2025-05-11,Hyderabad,Carpenter,Clear,Normal day,6,5,1,0,86
2025-08-22,Hyderabad,Electrician,Clear,Normal day,4,8,0,0,98
2023-11-24,Bengaluru,Technician,Clear,Normal day,4,11,0,0,96
2023-04-23,Hyderabad,Caregiver,Clear,Normal day,6,4,1,0,84
2023-05-03,Mumbai,Plumber,Clear,Normal day,2,5,0,0,121
2025-03-11,Hyderabad,Caregiver,Clear,Normal day,1,3,0,0,89
2023-02-19,Hyderabad,Caregiver,Clear,Normal day,6,2,1,0,70
2024-02-23,Delhi,Plumber,Clear,Normal day,4,2,0,0,130
2025-09-22,Bengaluru,Domestic Helper,Clear,Normal day,0,9,0,0,86
2023-10-10,Hyderabad,Technician,Clear,Normal day,1,10,0,0,71
2025-11-15,Delhi,Painter,Clear,Normal day,5,11,1,0,112
2023-06-20,Delhi,Technician,Clear,Normal day,1,6,0,0,82
2023-02-14,Bengaluru,Electrician,Rain,Normal day,1,2,0,0,100
2024-11-20,Mumbai,Domestic Helper,Clear,Normal day,2,11,0,0,109
2023-11-01,Mumbai,Caregiver,Clear,Normal day,2,11,0,0,100
2024-06-15,Hyderabad,Carpenter,Rain,Normal day,5,6,1,0,118
2025-02-17,Hyderabad,Domestic Helper,Clear,Normal day,0,2,0,0,84
2024-06-12,Bengaluru,Painter,Rain,Normal day,2,6,0,0,96
2025-10-14,Hyderabad,Carpenter,Clear,Normal day,1,10,0,0,93
2024-11-29,Mumbai,Domestic Helper,Clear,Holiday,4,11,0,1,105
2024-07-16,Bengaluru,Technician,Clear,Normal day,1,7,0,0,104
2025-05-26,Hyderabad,Carpenter,Clear,Normal day,0,5,0,1,78
2024-03-27,Delhi,Electrician,Clear,Normal day,2,3,0,1,110
2024-07-26,Delhi,Carpenter,Clear,Normal day,4,7,0,1,116
2024-05-24,Hyderabad,Technician,Clear,Normal day,4,5,0,0,101
2025-03-01,Hyderabad,Painter,Clear,Normal day,5,3,1,0,89
2024-08-24,Hyderabad,Plumber,Clear,Normal day,5,8,1,0,119
2024-08-12,Delhi,Technician,Clear,Normal day,0,8,0,0,93
2023-10-10,Delhi,Electrician,Extreme heat,Normal day,1,10,0,0,126
2025-05-07,Delhi,Painter,Clear,Normal day,2,5,0,0,99
2023-08-13,Mumbai,Technician,Rain,Normal day,6,8,1,0,167
2023-09-16,Hyderabad,Painter,Rain,Normal day,5,9,1,0,87
2024-04-18,Delhi,Caregiver,Clear,Normal day,3,4,0,0,74
2024-03-17,Delhi,Caregiver,Rain,Normal day,6,3,1,0,125
2023-05-30,Mumbai,Domestic Helper,Clear,Normal day,1,5,0,1,122
2025-01-30,Bengaluru,Plumber,Clear,Holiday,3,1,0,1,129
2025-10-07,Hyderabad,Domestic Helper,Extreme heat,Normal day,1,10,0,0,109
2023-01-13,Delhi,Carpenter,Extreme heat,Normal day,4,1,0,0,121
2025-08-07,Mumbai,Carpenter,Clear,Normal day,3,8,0,0,102
2023-04-17,Hyderabad,Electrician,Clear,Normal day,0,4,0,0,80
2025-12-20,Mumbai,Electrician,Clear,Normal day,5,12,1,0,104
2023-10-22,Mumbai,Plumber,Clear,Normal day,6,10,1,0,130
2023-11-16,Bengaluru,Domestic Helper,Clear,Normal day,3,11,0,0,80
2023-05-12,Hyderabad,Painter,Clear,Normal day,4,5,0,0,80
2023-01-25,Hyderabad,Plumber,Clear,Normal day,2,1,0,0,90
2023-10-15,Hyderabad,Plumber,Clear,Holiday,6,10,1,0,122
2023-10-11,Mumbai,Electrician,Clear,Normal day,2,10,0,0,136
2025-11-26,Delhi,Domestic Helper,Rain,Holiday,2,11,0,1,163
2024-06-02,Mumbai,Plumber,Extreme heat,Normal day,6,6,1,0,158
2025-07-13,Hyderabad,Electrician,Rain,Normal day,6,7,1,0,122
2025-04-10,Hyderabad,Caregiver,Extreme heat,Holiday,3,4,0,0,87
2024-02-28,Hyderabad,Electrician,Rain,Normal day,2,2,0,1,114
2024-06-02,Delhi,Painter,Rain,Normal day,6,6,1,0,109
2023-02-19,Delhi,Painter,Clear,Normal day,6,2,1,0,95
2023-04-17,Bengaluru,Technician,Clear,Normal day,0,4,0,0,81
2025-01-26,Bengaluru,Domestic Helper,Rain,Normal day,6,1,1,1,131
2023-01-02,Bengaluru,Electrician,Rain,Normal day,0,1,0,0,108
2023-08-13,Hyderabad,Carpenter,Rain,Normal day,6,8,1,0,128
2023-05-03,Bengaluru,Plumber,Extreme heat,Normal day,2,5,0,0,126
2023-03-15,Delhi,Carpenter,Clear,Holiday,2,3,0,0,112
2023-05-06,Delhi,Plumber,Clear,Normal day,5,5,1,0,119
2025-11-08,Delhi,Electrician,Clear,Normal day,5,11,1,0,128
2024-01-27,Bengaluru,Carpenter,Clear,Normal day,5,1,1,1,105
2024-09-27,Hyderabad,Carpenter,Clear,Holiday,4,9,0,1,83
2023-03-28,Bengaluru,Electrician,Rain,Normal day,1,3,0,1,130
2024-10-12,Hyderabad,Carpenter,Clear,Normal day,5,10,1,0,89
2025-07-12,Delhi,Electrician,Clear,Normal day,5,7,1,0,124
2023-03-18,Mumbai,Painter,Clear,Normal day,5,3,1,0,96
2025-04-09,Mumbai,Painter,Extreme heat,Normal day,2,4,0,0,105
2023-08-07,Delhi,Domestic Helper,Rain,Normal day,0,8,0,0,149
2025-11-25,Hyderabad,Electrician,Clear,Normal day,1,11,0,0,94
2025-02-28,Hyderabad,Carpenter,Clear,Normal day,4,2,0,1,76
2024-02-18,Mumbai,Plumber,Clear,Normal day,6,2,1,0,123
2023-03-27,Delhi,Technician,Clear,Normal day,0,3,0,1,82
2024-02-29,Delhi,Plumber,Clear,Normal day,3,2,0,1,111
2023-05-18,Delhi,Painter,Clear,Normal day,3,5,0,0,92
2025-01-26,Mumbai,Carpenter,Extreme heat,Normal day,6,1,1,1,127
2025-11-08,Mumbai,Carpenter,Clear,Normal day,5,11,1,0,111
2023-10-18,Bengaluru,Painter,Rain,Normal day,2,10,0,0,80
2024-11-17,Bengaluru,Electrician,Clear,Normal day,6,11,1,0,125
2024-07-02,Hyderabad,Painter,Rain,Normal day,1,7,0,0,86
2024-03-02,Bengaluru,Technician,Rain,Normal day,5,3,1,0,118
2023-11-07,Delhi,Plumber,Clear,Normal day,1,11,0,0,123
2024-01-02,Hyderabad,Technician,Clear,Normal day,1,1,0,0,77
2024-03-30,Delhi,Carpenter,Clear,Normal day,5,3,1,1,115
2023-05-06,Mumbai,Carpenter,Clear,Normal day,5,5,1,0,93
2024-09-06,Hyderabad,Electrician,Extreme heat,Major event,4,9,0,0,165
2025-08-14,Mumbai,Electrician,Rain,Normal day,3,8,0,0,132
2025-08-24,Mumbai,Caregiver,Rain,Normal day,6,8,1,0,110
2024-04-03,Mumbai,Painter,Extreme heat,Normal day,2,4,0,0,92
2023-08-26,Bengaluru,Technician,Rain,Holiday,5,8,1,1,141
2023-09-20,Hyderabad,Caregiver,Rain,Normal day,2,9,0,0,79
2023-01-03,Bengaluru,Electrician,Clear,Holiday,1,1,0,0,86
2023-05-30,Bengaluru,Technician,Clear,Normal day,1,5,0,1,77
2023-10-16,Mumbai,Carpenter,Clear,Normal day,0,10,0,0,90
2023-04-17,Delhi,Caregiver,Extreme heat,Normal day,0,4,0,0,103
2025-07-04,Hyderabad,Electrician,Rain,Normal day,4,7,0,0,139
2025-05-24,Bengaluru,Caregiver,Rain,Normal day,5,5,1,0,104
2023-08-10,Hyderabad,Carpenter,Rain,Normal day,3,8,0,0,97
2025-03-27,Hyderabad,Technician,Clear,Normal day,3,3,0,1,93
2025-02-12,Mumbai,Plumber,Clear,Normal day,2,2,0,0,99
2023-02-05,Delhi,Plumber,Clear,Normal day,6,2,1,0,130
2024-07-30,Mumbai,Caregiver,Clear,Normal day,1,7,0,1,99
2024-02-06,Hyderabad,Domestic Helper,Clear,Normal day,1,2,0,0,69
2023-09-18,Bengaluru,Domestic Helper,Clear,Normal day,0,9,0,0,90
2023-01-28,Hyderabad,Electrician,Clear,Normal day,5,1,1,1,119
2024-05-13,Hyderabad,Electrician,Extreme heat,Normal day,0,5,0,0,98
2023-08-23,Bengaluru,Carpenter,Clear,Normal day,2,8,0,0,89
2023-03-31,Bengaluru,Painter,Clear,Normal day,4,3,0,1,78
2025-05-08,Bengaluru,Electrician,Clear,Normal day,3,5,0,0,111
2024-12-15,Mumbai,Caregiver,Clear,Normal day,6,12,1,0,92
2024-11-19,Hyderabad,Technician,Clear,Normal day,1,11,0,0,93
2024-03-27,Delhi,Carpenter,Clear,Normal day,2,3,0,1,98
2025-01-03,Hyderabad,Electrician,Clear,Holiday,4,1,0,0,96
2025-04-05,Hyderabad,Domestic Helper,Clear,Normal day,5,4,1,0,109
2024-05-11,Hyderabad,Caregiver,Clear,Normal day,5,5,1,0,85
2024-05-06,Mumbai,Electrician,Extreme heat,Holiday,0,5,0,0,144
2025-10-10,Mumbai,Technician,Clear,Normal day,4,10,0,0,104
2023-10-27,Mumbai,Carpenter,Clear,Normal day,4,10,0,1,117
2023-12-07,Hyderabad,Caregiver,Clear,Major event,3,12,0,0,103
2023-03-12,Mumbai,Electrician,Clear,Normal day,6,3,1,0,102
2023-06-26,Delhi,Caregiver,Rain,Normal day,0,6,0,1,117
2024-10-16,Bengaluru,Domestic Helper,Clear,Normal day,2,10,0,0,103
2024-07-27,Mumbai,Technician,Clear,Normal day,5,7,1,1,128
2025-03-31,Mumbai,Caregiver,Clear,Normal day,0,3,0,1,99
2024-02-10,Mumbai,Carpenter,Rain,Normal day,5,2,1,0,133
2024-03-20,Hyderabad,Domestic Helper,Clear,Normal day,2,3,0,0,91
2024-02-16,Bengaluru,Electrician,Rain,Holiday,4,2,0,0,120
2023-03-19,Bengaluru,Domestic Helper,Clear,Normal day,6,3,1,0,97
2023-05-16,Hyderabad,Domestic Helper,Clear,Major event,1,5,0,0,117
2024-09-26,Bengaluru,Plumber,Rain,Normal day,3,9,0,1,123
2024-04-17,Delhi,Caregiver,Extreme heat,Holiday,2,4,0,0,123
2024-01-04,Bengaluru,Domestic Helper,Clear,Holiday,3,1,0,0,120
2024-06-21,Mumbai,Caregiver,Clear,Normal day,4,6,0,0,89
2024-05-11,Hyderabad,Painter,Clear,Normal day,5,5,1,0,100
2023-02-20,Bengaluru,Plumber,Extreme heat,Normal day,0,2,0,0,113
2025-05-28,Bengaluru,Carpenter,Extreme heat,Normal day,2,5,0,1,93
2024-09-12,Hyderabad,Caregiver,Extreme heat,Normal day,3,9,0,0,89
2023-01-08,Delhi,Caregiver,Clear,Normal day,6,1,1,0,77
2023-06-30,Bengaluru,Carpenter,Rain,Normal day,4,6,0,1,125
2024-05-15,Bengaluru,Technician,Extreme heat,Normal day,2,5,0,0,115
2024-02-20,Hyderabad,Domestic Helper,Clear,Normal day,1,2,0,0,73
2023-07-13,Bengaluru,Caregiver,Clear,Normal day,3,7,0,0,81
2024-04-21,Hyderabad,Painter,Extreme heat,Normal day,6,4,1,0,85
2023-02-28,Bengaluru,Painter,Clear,Normal day,1,2,0,1,72
2023-07-21,Hyderabad,Painter,Clear,Normal day,4,7,0,0,76
2025-12-23,Mumbai,Painter,Rain,Normal day,1,12,0,0,117
2025-12-13,Delhi,Electrician,Clear,Normal day,5,12,1,0,104
2023-11-27,Hyderabad,Painter,Clear,Holiday,0,11,0,1,108
2025-05-20,Hyderabad,Painter,Clear,Normal day,1,5,0,0,79
2025-11-20,Bengaluru,Domestic Helper,Clear,Holiday,3,11,0,0,104
2025-03-24,Bengaluru,Painter,Extreme heat,Normal day,0,3,0,0,91
2024-01-19,Bengaluru,Painter,Clear,Normal day,4,1,0,0,69
2024-10-13,Bengaluru,Plumber,Clear,Normal day,6,10,1,0,135
2025-09-10,Hyderabad,Plumber,Clear,Normal day,2,9,0,0,96
2025-10-12,Hyderabad,Carpenter,Clear,Normal day,6,10,1,0,88
2025-01-26,Bengaluru,Carpenter,Clear,Holiday,6,1,1,1,97
2024-08-18,Bengaluru,Technician,Clear,Normal day,6,8,1,0,101
2025-03-04,Delhi,Painter,Clear,Normal day,1,3,0,0,82
2023-05-24,Mumbai,Domestic Helper,Extreme heat,Normal day,2,5,0,0,108
2025-03-22,Delhi,Technician,Clear,Normal day,5,3,1,0,111
2023-06-14,Bengaluru,Technician,Extreme heat,Normal day,2,6,0,0,102
2023-03-22,Bengaluru,Technician,Clear,Normal day,2,3,0,0,93
2023-01-09,Mumbai,Carpenter,Clear,Normal day,0,1,0,0,71
2024-01-06,Hyderabad,Domestic Helper,Clear,Normal day,5,1,1,0,101
2025-08-06,Bengaluru,Caregiver,Clear,Major event,2,8,0,0,99
2023-10-17,Mumbai,Electrician,Clear,Normal day,1,10,0,0,110
2023-11-04,Delhi,Caregiver,Clear,Normal day,5,11,1,0,103
2025-03-12,Bengaluru,Painter,Clear,Normal day,2,3,0,0,88
2023-02-17,Hyderabad,Caregiver,Clear,Normal day,4,2,0,0,66
2024-01-07,Mumbai,Plumber,Rain,Normal day,6,1,1,0,169
2024-03-07,Bengaluru,Caregiver,Clear,Normal day,3,3,0,0,78
2023-03-27,Bengaluru,Technician,Extreme heat,Normal day,0,3,0,1,86
2023-02-10,Mumbai,Technician,Clear,Normal day,4,2,0,0,93
2025-02-27,Hyderabad,Plumber,Clear,Normal day,3,2,0,1,91
2025-07-13,Delhi,Plumber,Rain,Normal day,6,7,1,0,168
2024-08-13,Bengaluru,Caregiver,Rain,Normal day,1,8,0,0,86
2023-07-08,Delhi,Carpenter,Clear,Normal day,5,7,1,0,100
2025-01-22,Hyderabad,Caregiver,Clear,Normal day,2,1,0,0,88
2023-04-12,Hyderabad,Domestic Helper,Extreme heat,Normal day,2,4,0,0,93
2025-01-11,Delhi,Carpenter,Rain,Normal day,5,1,1,0,130
2024-11-07,Bengaluru,Carpenter,Clear,Normal day,3,11,0,0,95
2025-05-07,Delhi,Technician,Clear,Normal day,2,5,0,0,103
2024-07-02,Mumbai,Technician,Clear,Normal day,1,7,0,0,101
2024-04-13,Delhi,Caregiver,Clear,Normal day,5,4,1,0,108
2023-11-24,Hyderabad,Technician,Clear,Normal day,4,11,0,0,102
2025-03-13,Delhi,Domestic Helper,Clear,Normal day,3,3,0,0,123
2025-08-01,Hyderabad,Carpenter,Rain,Major event,4,8,0,0,173
2025-11-06,Delhi,Plumber,Clear,Normal day,3,11,0,0,107
2025-04-16,Mumbai,Caregiver,Extreme heat,Normal day,2,4,0,0,124
2024-05-14,Hyderabad,Domestic Helper,Extreme heat,Normal day,1,5,0,0,86
2023-03-06,Delhi,Electrician,Clear,Normal day,0,3,0,0,106
2024-10-15,Bengaluru,Carpenter,Extreme heat,Major event,1,10,0,0,142
2023-12-25,Delhi,Painter,Clear,Normal day,0,12,0,0,78
2023-01-17,Bengaluru,Painter,Clear,Holiday,1,1,0,0,68
2024-02-06,Bengaluru,Caregiver,Clear,Normal day,1,2,0,0,62
2025-09-30,Mumbai,Technician,Extreme heat,Normal day,1,9,0,1,127
2024-12-08,Bengaluru,Plumber,Clear,Major event,6,12,1,0,161
2025-05-13,Mumbai,Carpenter,Rain,Normal day,1,5,0,0,114
2024-12-26,Bengaluru,Caregiver,Clear,Normal day,3,12,0,1,87
2023-01-10,Delhi,Carpenter,Clear,Holiday,1,1,0,0,105
2023-07-12,Delhi,Plumber,Clear,Normal day,2,7,0,0,139
2023-10-13,Hyderabad,Domestic Helper,Clear,Normal day,4,10,0,0,105
2024-04-21,Mumbai,Technician,Clear,Normal day,6,4,1,0,111
2024-11-08,Mumbai,Electrician,Clear,Normal day,4,11,0,0,122
2023-07-25,Bengaluru,Plumber,Clear,Normal day,1,7,0,0,109
2023-03-01,Delhi,Technician,Clear,Normal day,2,3,0,0,96
2025-08-01,Delhi,Plumber,Rain,Normal day,4,8,0,0,138
2025-02-17,Mumbai,Technician,Clear,Normal day,0,2,0,0,101
2023-04-15,Delhi,Painter,Clear,Normal day,5,4,1,0,90
2024-12-17,Delhi,Carpenter,Clear,Holiday,1,12,0,0,123
2025-06-02,Bengaluru,Technician,Rain,Normal day,0,6,0,0,103
2023-06-15,Mumbai,Carpenter,Clear,Normal day,3,6,0,0,96
2024-09-15,Delhi,Technician,Clear,Normal day,6,9,1,0,107
2024-03-26,Hyderabad,Caregiver,Clear,Normal day,1,3,0,1,78
2023-10-05,Hyderabad,Plumber,Clear,Holiday,3,10,0,0,127
2025-07-22,Mumbai,Plumber,Clear,Normal day,1,7,0,0,129
2023-10-15,Bengaluru,Caregiver,Clear,Normal day,6,10,1,0,101
2025-05-16,Mumbai,Technician,Clear,Normal day,4,5,0,0,106
2023-12-22,Hyderabad,Electrician,Clear,Normal day,4,12,0,0,99
2025-11-12,Hyderabad,Painter,Clear,Normal day,2,11,0,0,73
2023-05-02,Hyderabad,Domestic Helper,Clear,Normal day,1,5,0,0,76
2025-06-02,Mumbai,Electrician,Rain,Normal day,0,6,0,0,144
2024-11-19,Bengaluru,Painter,Clear,Normal day,1,11,0,0,70
2024-09-28,Delhi,Electrician,Rain,Normal day,5,9,1,1,162
2023-10-20,Mumbai,Caregiver,Clear,Normal day,4,10,0,0,100
2024-04-11,Bengaluru,Plumber,Extreme heat,Normal day,3,4,0,0,101
2024-04-14,Bengaluru,Carpenter,Clear,Normal day,6,4,1,0,86
2023-07-05,Delhi,Caregiver,Clear,Normal day,2,7,0,0,81
2024-05-11,Hyderabad,Carpenter,Clear,Normal day,5,5,1,0,98
2023-10-24,Mumbai,Technician,Clear,Holiday,1,10,0,0,135
2024-06-06,Mumbai,Painter,Clear,Normal day,3,6,0,0,79
2025-02-14,Hyderabad,Plumber,Clear,Holiday,4,2,0,0,107
2024-11-09,Delhi,Domestic Helper,Clear,Normal day,5,11,1,0,122
2024-06-13,Mumbai,Electrician,Rain,Normal day,3,6,0,0,128
2024-09-04,Mumbai,Painter,Rain,Normal day,2,9,0,0,104
2023-06-23,Bengaluru,Caregiver,Rain,Normal day,4,6,0,0,101
2025-09-17,Hyderabad,Electrician,Rain,Holiday,2,9,0,0,124
2023-02-02,Hyderabad,Plumber,Clear,Normal day,3,2,0,0,82
2025-08-15,Mumbai,Painter,Rain,Normal day,4,8,0,0,121
2023-05-12,Hyderabad,Plumber,Extreme heat,Normal day,4,5,0,0,131
2025-05-25,Mumbai,Caregiver,Extreme heat,Normal day,6,5,1,0,92
2025-10-28,Hyderabad,Plumber,Clear,Holiday,1,10,0,1,112
2023-07-20,Mumbai,Painter,Rain,Holiday,3,7,0,0,132
2024-10-21,Hyderabad,Plumber,Clear,Normal day,0,10,0,0,100
2025-09-18,Bengaluru,Technician,Clear,Normal day,3,9,0,0,90
2025-11-18,Hyderabad,Painter,Clear,Normal day,1,11,0,0,66
2024-12-10,Bengaluru,Carpenter,Rain,Holiday,1,12,0,0,104
2024-07-15,Delhi,Electrician,Clear,Normal day,0,7,0,0,108
2023-01-13,Mumbai,Technician,Clear,Normal day,4,1,0,0,103
2025-12-02,Mumbai,Domestic Helper,Clear,Normal day,1,12,0,0,106
2024-03-12,Delhi,Caregiver,Clear,Holiday,1,3,0,0,106
2024-10-09,Hyderabad,Painter,Clear,Holiday,2,10,0,0,69
2023-04-08,Delhi,Electrician,Extreme heat,Normal day,5,4,1,0,138
2024-02-26,Delhi,Painter,Clear,Normal day,0,2,0,1,89
2024-12-13,Delhi,Caregiver,Clear,Normal day,4,12,0,0,98
2023-10-27,Mumbai,Technician,Clear,Normal day,4,10,0,1,126
2023-04-02,Bengaluru,Plumber,Extreme heat,Normal day,6,4,1,0,148
2025-07-03,Mumbai,Electrician,Clear,Normal day,3,7,0,0,116
2023-07-25,Mumbai,Plumber,Clear,Holiday,1,7,0,0,148
2024-09-27,Mumbai,Plumber,Clear,Normal day,4,9,0,1,125
2023-12-13,Delhi,Technician,Clear,Major event,2,12,0,0,102
2024-02-08,Bengaluru,Technician,Clear,Normal day,3,2,0,0,77
2025-04-21,Mumbai,Painter,Extreme heat,Normal day,0,4,0,0,70
2023-06-26,Hyderabad,Plumber,Rain,Normal day,0,6,0,1,136
2025-08-12,Delhi,Caregiver,Rain,Normal day,1,8,0,0,89
2023-04-05,Bengaluru,Electrician,Clear,Holiday,2,4,0,0,87
2023-07-24,Bengaluru,Painter,Rain,Normal day,0,7,0,0,97
2025-06-07,Mumbai,Carpenter,Rain,Normal day,5,6,1,0,160
2023-02-26,Delhi,Electrician,Clear,Normal day,6,2,1,1,110
2025-12-19,Delhi,Electrician,Clear,Normal day,4,12,0,0,116
2023-06-14,Delhi,Technician,Rain,Normal day,2,6,0,0,139
2025-01-14,Hyderabad,Domestic Helper,Clear,Normal day,1,1,0,0,62
2024-12-05,Delhi,Painter,Clear,Normal day,3,12,0,0,81
2025-07-17,Hyderabad,Painter,Clear,Normal day,3,7,0,0,87
2023-08-27,Hyderabad,Technician,Clear,Normal day,6,8,1,1,110
2024-12-26,Hyderabad,Electrician,Clear,Normal day,3,12,0,1,96
2025-02-20,Hyderabad,Domestic Helper,Clear,Major event,3,2,0,0,75
2025-01-14,Hyderabad,Plumber,Clear,Holiday,1,1,0,0,89
2025-12-10,Hyderabad,Caregiver,Clear,Normal day,2,12,0,0,76
2023-12-06,Mumbai,Plumber,Clear,Normal day,2,12,0,0,100
2024-08-14,Hyderabad,Electrician,Clear,Normal day,2,8,0,0,86
2025-02-19,Mumbai,Painter,Clear,Normal day,2,2,0,0,81
2023-01-02,Delhi,Caregiver,Clear,Normal day,0,1,0,0,85
2025-05-02,Bengaluru,Caregiver,Clear,Normal day,4,5,0,0,85
2023-07-29,Delhi,Plumber,Clear,Normal day,5,7,1,1,148
2025-03-23,Hyderabad,Plumber,Rain,Normal day,6,3,1,0,109
2025-09-08,Bengaluru,Technician,Clear,Normal day,0,9,0,0,82
2025-03-04,Hyderabad,Electrician,Clear,Normal day,1,3,0,0,85
2024-04-18,Bengaluru,Electrician,Clear,Normal day,3,4,0,0,87
2024-04-11,Hyderabad,Caregiver,Clear,Normal day,3,4,0,0,91
2024-12-06,Mumbai,Caregiver,Extreme heat,Normal day,4,12,0,0,100
2023-08-21,Mumbai,Painter,Rain,Normal day,0,8,0,0,104
2024-04-01,Delhi,Electrician,Clear,Normal day,0,4,0,0,117
2025-02-11,Mumbai,Domestic Helper,Clear,Normal day,1,2,0,0,110
2023-12-15,Mumbai,Domestic Helper,Clear,Normal day,4,12,0,0,95
2025-11-28,Mumbai,Electrician,Clear,Holiday,4,11,0,1,142
2025-03-31,Bengaluru,Technician,Clear,Normal day,0,3,0,1,75
2025-07-06,Delhi,Technician,Rain,Normal day,6,7,1,0,142
2025-07-08,Bengaluru,Carpenter,Clear,Normal day,1,7,0,0,83
2023-08-07,Hyderabad,Electrician,Clear,Normal day,0,8,0,0,91
2025-04-18,Delhi,Painter,Clear,Normal day,4,4,0,0,87
2025-12-30,Bengaluru,Electrician,Clear,Normal day,1,12,0,1,97
2024-10-03,Hyderabad,Technician,Clear,Normal day,3,10,0,0,96
2024-02-14,Bengaluru,Plumber,Clear,Normal day,2,2,0,0,82
2025-01-20,Delhi,Painter,Clear,Normal day,0,1,0,0,76
2025-04-28,Bengaluru,Painter,Rain,Normal day,0,4,0,1,109
2024-03-22,Hyderabad,Domestic Helper,Clear,Holiday,4,3,0,0,112
2024-03-08,Bengaluru,Painter,Clear,Normal day,4,3,0,0,84
2023-04-07,Bengaluru,Technician,Clear,Normal day,4,4,0,0,102
2025-10-20,Bengaluru,Painter,Extreme heat,Normal day,0,10,0,0,87
2023-12-18,Bengaluru,Painter,Clear,Normal day,0,12,0,0,70
2024-02-03,Hyderabad,Electrician,Clear,Normal day,5,2,1,0,91
2025-08-20,Delhi,Carpenter,Rain,Normal day,2,8,0,0,116
2023-04-03,Delhi,Caregiver,Extreme heat,Holiday,0,4,0,0,101
2025-09-02,Mumbai,Domestic Helper,Clear,Normal day,1,9,0,0,108
2025-11-22,Delhi,Domestic Helper,Clear,Normal day,5,11,1,0,128
2024-04-25,Bengaluru,Plumber,Clear,Normal day,3,4,0,0,98
2024-03-22,Mumbai,Plumber,Rain,Normal day,4,3,0,0,143
2024-12-01,Bengaluru,Painter,Clear,Holiday,6,12,1,0,110
2024-01-13,Delhi,Domestic Helper,Rain,Holiday,5,1,1,0,139
2024-06-04,Hyderabad,Technician,Clear,Normal day,1,6,0,0,75
2023-08-06,Mumbai,Caregiver,Clear,Normal day,6,8,1,0,91
2023-09-06,Hyderabad,Plumber,Rain,Normal day,2,9,0,0,138
2024-06-12,Bengaluru,Technician,Clear,Normal day,2,6,0,0,89
2024-05-30,Delhi,Plumber,Clear,Normal day,3,5,0,1,114
2023-04-18,Mumbai,Electrician,Extreme heat,Normal day,1,4,0,0,112
2025-03-30,Delhi,Technician,Extreme heat,Holiday,6,3,1,1,146
2025-05-27,Delhi,Carpenter,Extreme heat,Normal day,1,5,0,1,94
2025-08-09,Mumbai,Caregiver,Clear,Normal day,5,8,1,0,112
2023-12-27,Bengaluru,Painter,Clear,Normal day,2,12,0,1,87
2024-01-21,Delhi,Caregiver,Rain,Normal day,6,1,1,0,111
2025-05-07,Hyderabad,Domestic Helper,Clear,Normal day,2,5,0,0,90
2024-03-17,Hyderabad,Plumber,Rain,Normal day,6,3,1,0,133
2025-09-06,Mumbai,Electrician,Rain,Normal day,5,9,1,0,159
2024-08-24,Bengaluru,Caregiver,Rain,Normal day,5,8,1,0,137
2023-12-18,Mumbai,Caregiver,Rain,Normal day,0,12,0,0,91
2025-12-11,Mumbai,Technician,Clear,Normal day,3,12,0,0,80
2024-05-18,Mumbai,Caregiver,Clear,Normal day,5,5,1,0,102
2023-01-30,Bengaluru,Domestic Helper,Clear,Normal day,0,1,0,1,101
2024-08-17,Delhi,Plumber,Clear,Normal day,5,8,1,0,162
2024-07-08,Mumbai,Caregiver,Extreme heat,Major event,0,7,0,0,128
2024-07-26,Mumbai,Technician,Rain,Normal day,4,7,0,1,141
2024-09-22,Hyderabad,Painter,Clear,Normal day,6,9,1,0,77
2023-07-06,Bengaluru,Caregiver,Rain,Normal day,3,7,0,0,93
2023-05-14,Delhi,Painter,Extreme heat,Major event,6,5,1,0,131
2024-08-06,Bengaluru,Carpenter,Rain,Holiday,1,8,0,0,133
2023-05-14,Mumbai,Painter,Clear,Normal day,6,5,1,0,90
2023-10-02,Delhi,Technician,Clear,Holiday,0,10,0,0,118
2023-04-25,Mumbai,Painter,Extreme heat,Normal day,1,4,0,0,94
2023-05-25,Bengaluru,Caregiver,Clear,Normal day,3,5,0,0,85
2024-07-01,Mumbai,Caregiver,Rain,Normal day,0,7,0,0,103
2023-03-14,Mumbai,Plumber,Clear,Normal day,1,3,0,0,100
2025-06-05,Hyderabad,Domestic Helper,Clear,Normal day,3,6,0,0,112
2024-12-11,Mumbai,Plumber,Clear,Holiday,2,12,0,0,106
2024-05-27,Bengaluru,Technician,Clear,Normal day,0,5,0,1,96
2024-01-28,Bengaluru,Technician,Clear,Normal day,6,1,1,1,102
2024-09-17,Mumbai,Carpenter,Rain,Normal day,1,9,0,0,120
2024-08-25,Bengaluru,Painter,Clear,Holiday,6,8,1,0,101
2024-01-20,Delhi,Painter,Clear,Normal day,5,1,1,0,80
2025-11-25,Mumbai,Plumber,Clear,Normal day,1,11,0,0,122
2023-07-29,Hyderabad,Painter,Rain,Normal day,5,7,1,1,100
2023-03-18,Hyderabad,Technician,Clear,Normal day,5,3,1,0,81
2023-12-26,Delhi,Plumber,Clear,Holiday,1,12,0,1,160
2023-10-01,Delhi,Carpenter,Clear,Normal day,6,10,1,0,102
2024-11-27,Bengaluru,Domestic Helper,Rain,Holiday,2,11,0,1,160
2025-12-07,Delhi,Domestic Helper,Clear,Normal day,6,12,1,0,125
2025-09-09,Bengaluru,Plumber,Rain,Normal day,1,9,0,0,122
2025-05-14,Delhi,Carpenter,Clear,Normal day,2,5,0,0,80
2025-08-21,Hyderabad,Carpenter,Clear,Normal day,3,8,0,0,94
2025-12-07,Mumbai,Electrician,Clear,Normal day,6,12,1,0,110
2024-11-27,Delhi,Plumber,Clear,Normal day,2,11,0,1,139
2024-03-10,Delhi,Carpenter,Clear,Normal day,6,3,1,0,90
2025-04-03,Hyderabad,Domestic Helper,Extreme heat,Normal day,3,4,0,0,108
2024-06-12,Hyderabad,Electrician,Clear,Holiday,2,6,0,0,112
2023-02-15,Hyderabad,Domestic Helper,Clear,Normal day,2,2,0,0,72
2025-06-20,Bengaluru,Electrician,Clear,Normal day,4,6,0,0,114
2025-12-08,Delhi,Technician,Extreme heat,Normal day,0,12,0,0,108
2025-07-06,Bengaluru,Carpenter,Clear,Normal day,6,7,1,0,107
2025-05-07,Hyderabad,Caregiver,Clear,Normal day,2,5,0,0,70
2023-06-06,Hyderabad,Electrician,Rain,Normal day,1,6,0,0,109
2024-08-22,Delhi,Domestic Helper,Rain,Normal day,3,8,0,0,102
2024-02-23,Delhi,Caregiver,Clear,Normal day,4,2,0,0,79
2025-06-09,Delhi,Electrician,Rain,Normal day,0,6,0,0,124
2024-07-23,Delhi,Technician,Rain,Normal day,1,7,0,0,114
2025-04-17,Hyderabad,Technician,Extreme heat,Normal day,3,4,0,0,92
2024-04-14,Hyderabad,Carpenter,Clear,Normal day,6,4,1,0,86
2024-06-25,Mumbai,Technician,Rain,Holiday,1,6,0,0,169
2023-12-10,Delhi,Technician,Clear,Normal day,6,12,1,0,105
2023-03-10,Mumbai,Carpenter,Clear,Normal day,4,3,0,0,85
2024-05-07,Delhi,Technician,Extreme heat,Normal day,1,5,0,0,112
2023-12-20,Hyderabad,Technician,Clear,Normal day,2,12,0,0,86
2023-05-27,Hyderabad,Technician,Extreme heat,Normal day,5,5,1,1,114
2024-08-11,Mumbai,Technician,Rain,Normal day,6,8,1,0,123
2023-04-17,Hyderabad,Plumber,Clear,Normal day,0,4,0,0,80
2023-02-08,Bengaluru,Electrician,Clear,Normal day,2,2,0,0,95
2023-10-17,Hyderabad,Domestic Helper,Clear,Normal day,1,10,0,0,83
2023-06-22,Mumbai,Electrician,Rain,Normal day,3,6,0,0,133
2025-10-28,Delhi,Plumber,Rain,Normal day,1,10,0,1,139
2025-09-29,Hyderabad,Carpenter,Rain,Normal day,0,9,0,1,93
2023-04-10,Mumbai,Painter,Clear,Normal day,0,4,0,0,91
2024-02-02,Hyderabad,Plumber,Clear,Normal day,4,2,0,0,104
2024-03-08,Delhi,Painter,Clear,Normal day,4,3,0,0,77
2024-05-15,Mumbai,Electrician,Clear,Normal day,2,5,0,0,91
2023-11-05,Mumbai,Plumber,Clear,Normal day,6,11,1,0,127
2023-07-01,Hyderabad,Caregiver,Rain,Normal day,5,7,1,0,129
2025-07-07,Mumbai,Technician,Clear,Normal day,0,7,0,0,126
2024-07-27,Delhi,Painter,Rain,Normal day,5,7,1,1,118
2025-04-26,Mumbai,Painter,Clear,Normal day,5,4,1,1,123
2024-10-03,Bengaluru,Domestic Helper,Clear,Normal day,3,10,0,0,92
2025-09-27,Hyderabad,Carpenter,Rain,Normal day,5,9,1,1,100
2025-02-05,Delhi,Caregiver,Clear,Normal day,2,2,0,0,56
2024-08-07,Delhi,Plumber,Rain,Normal day,2,8,0,0,150
2025-07-02,Hyderabad,Technician,Clear,Normal day,2,7,0,0,98
2023-02-26,Mumbai,Painter,Clear,Normal day,6,2,1,1,86
2025-08-31,Delhi,Electrician,Clear,Holiday,6,8,1,1,138
2025-09-10,Hyderabad,Painter,Clear,Normal day,2,9,0,0,72
2025-06-30,Delhi,Plumber,Clear,Holiday,0,6,0,1,148
2025-08-22,Mumbai,Caregiver,Rain,Holiday,4,8,0,0,142
2023-04-30,Bengaluru,Caregiver,Extreme heat,Normal day,6,4,1,1,96
2024-07-22,Bengaluru,Technician,Clear,Normal day,0,7,0,0,114
2025-11-02,Mumbai,Plumber,Clear,Normal day,6,11,1,0,136
2024-12-04,Mumbai,Domestic Helper,Extreme heat,Normal day,2,12,0,0,122
2025-05-15,Delhi,Plumber,Clear,Normal day,3,5,0,0,98
2024-02-15,Mumbai,Painter,Clear,Major event,3,2,0,0,126
2023-01-28,Bengaluru,Carpenter,Clear,Normal day,5,1,1,1,106
2023-06-11,Bengaluru,Electrician,Rain,Normal day,6,6,1,0,153
2025-01-10,Hyderabad,Electrician,Clear,Normal day,4,1,0,0,110
2025-10-24,Hyderabad,Technician,Clear,Holiday,4,10,0,0,97
2023-07-28,Delhi,Domestic Helper,Clear,Normal day,4,7,0,1,124
2024-07-20,Hyderabad,Painter,Clear,Normal day,5,7,1,0,98
2025-08-21,Hyderabad,Painter,Rain,Normal day,3,8,0,0,98
2025-04-16,Hyderabad,Caregiver,Clear,Normal day,2,4,0,0,67
2025-04-22,Hyderabad,Caregiver,Extreme heat,Normal day,1,4,0,0,76
2025-02-24,Mumbai,Caregiver,Clear,Normal day,0,2,0,0,82
2023-09-30,Delhi,Painter,Clear,Normal day,5,9,1,1,93
2025-02-06,Bengaluru,Domestic Helper,Clear,Holiday,3,2,0,0,101
2023-12-03,Mumbai,Caregiver,Clear,Normal day,6,12,1,0,93
2024-01-16,Hyderabad,Painter,Rain,Normal day,1,1,0,0,68
2024-10-08,Delhi,Technician,Clear,Normal day,1,10,0,0,87
2025-05-14,Mumbai,Plumber,Clear,Holiday,2,5,0,0,130
2023-05-18,Mumbai,Electrician,Clear,Normal day,3,5,0,0,100
2024-09-23,Hyderabad,Carpenter,Rain,Normal day,0,9,0,0,86
2023-07-04,Delhi,Painter,Rain,Normal day,1,7,0,0,101
2023-12-10,Delhi,Painter,Clear,Normal day,6,12,1,0,95
2023-09-20,Bengaluru,Plumber,Clear,Normal day,2,9,0,0,102
2023-07-31,Bengaluru,Caregiver,Rain,Normal day,0,7,0,1,126
2024-04-07,Hyderabad,Caregiver,Clear,Normal day,6,4,1,0,95
2023-06-18,Hyderabad,Painter,Clear,Normal day,6,6,1,0,86
2025-10-14,Hyderabad,Carpenter,Clear,Holiday,1,10,0,0,99
2024-02-21,Delhi,Electrician,Clear,Normal day,2,2,0,0,91
2023-10-17,Delhi,Domestic Helper,Clear,Normal day,1,10,0,0,98
2025-05-06,Delhi,Domestic Helper,Extreme heat,Normal day,1,5,0,0,123
2025-12-15,Delhi,Caregiver,Clear,Holiday,0,12,0,0,88
2024-11-02,Delhi,Domestic Helper,Clear,Holiday,5,11,1,0,109
2025-12-06,Delhi,Caregiver,Rain,Normal day,5,12,1,0,122
2023-06-05,Mumbai,Domestic Helper,Extreme heat,Normal day,0,6,0,0,114
2025-11-28,Bengaluru,Painter,Clear,Normal day,4,11,0,1,86
2023-12-31,Mumbai,Domestic Helper,Clear,Normal day,6,12,1,1,143
2024-03-27,Delhi,Domestic Helper,Clear,Normal day,2,3,0,1,104
2023-03-26,Bengaluru,Plumber,Extreme heat,Holiday,6,3,1,1,155
2024-06-12,Hyderabad,Plumber,Clear,Normal day,2,6,0,0,129
2023-12-21,Delhi,Plumber,Clear,Normal day,3,12,0,0,120
2025-01-27,Hyderabad,Caregiver,Clear,Normal day,0,1,0,1,84
2023-04-17,Bengaluru,Plumber,Clear,Normal day,0,4,0,0,88
2025-08-25,Mumbai,Carpenter,Clear,Holiday,0,8,0,0,95
2025-04-02,Bengaluru,Plumber,Clear,Normal day,2,4,0,0,102
2024-12-30,Delhi,Plumber,Clear,Normal day,0,12,0,1,107
2024-10-18,Mumbai,Electrician,Clear,Normal day,4,10,0,0,126
2024-08-30,Bengaluru,Painter,Clear,Holiday,4,8,0,1,101
2023-07-24,Bengaluru,Domestic Helper,Extreme heat,Normal day,0,7,0,0,98
2025-01-08,Delhi,Caregiver,Clear,Normal day,2,1,0,0,71
2025-04-13,Hyderabad,Plumber,Extreme heat,Normal day,6,4,1,0,101
2024-09-13,Bengaluru,Technician,Rain,Normal day,4,9,0,0,114
2023-07-21,Mumbai,Painter,Rain,Normal day,4,7,0,0,122
2024-06-30,Delhi,Plumber,Clear,Normal day,6,6,1,1,141
2023-06-18,Bengaluru,Electrician,Clear,Holiday,6,6,1,0,102
2025-02-22,Hyderabad,Caregiver,Clear,Major event,5,2,1,0,101
2025-12-14,Mumbai,Plumber,Clear,Holiday,6,12,1,0,142
2023-09-10,Hyderabad,Domestic Helper,Clear,Normal day,6,9,1,0,105
2023-09-15,Mumbai,Caregiver,Clear,Normal day,4,9,0,0,113
2024-12-29,Hyderabad,Plumber,Clear,Normal day,6,12,1,1,104
2025-02-20,Mumbai,Electrician,Clear,Normal day,3,2,0,0,122
2025-10-13,Bengaluru,Caregiver,Clear,Normal day,0,10,0,0,80
2024-04-16,Mumbai,Caregiver,Extreme heat,Normal day,1,4,0,0,103
2024-12-21,Hyderabad,Plumber,Clear,Normal day,5,12,1,0,105
2025-07-22,Bengaluru,Caregiver,Clear,Normal day,1,7,0,0,85
2023-04-06,Hyderabad,Technician,Clear,Normal day,3,4,0,0,88
2025-10-07,Mumbai,Carpenter,Clear,Normal day,1,10,0,0,103
2023-09-08,Mumbai,Domestic Helper,Clear,Normal day,4,9,0,0,105
2024-01-17,Bengaluru,Carpenter,Clear,Normal day,2,1,0,0,80
2023-02-17,Mumbai,Caregiver,Rain,Normal day,4,2,0,0,100
2025-02-17,Bengaluru,Carpenter,Clear,Normal day,0,2,0,0,78
2024-01-08,Delhi,Electrician,Clear,Normal day,0,1,0,0,101
2024-09-07,Hyderabad,Carpenter,Rain,Normal day,5,9,1,0,118
2024-11-29,Bengaluru,Caregiver,Clear,Normal day,4,11,0,1,75
2023-06-20,Delhi,Painter,Clear,Normal day,1,6,0,0,74
2024-02-23,Bengaluru,Electrician,Rain,Normal day,4,2,0,0,112
2024-12-26,Hyderabad,Technician,Clear,Normal day,3,12,0,1,84
2025-10-04,Hyderabad,Caregiver,Rain,Normal day,5,10,1,0,110
2024-05-01,Bengaluru,Plumber,Clear,Normal day,2,5,0,0,105
2025-05-03,Mumbai,Plumber,Extreme heat,Major event,5,5,1,0,201
2023-06-30,Bengaluru,Technician,Rain,Normal day,4,6,0,1,129
2025-02-21,Bengaluru,Carpenter,Clear,Normal day,4,2,0,0,100
2025-07-04,Bengaluru,Technician,Rain,Major event,4,7,0,0,170
2025-11-08,Bengaluru,Plumber,Clear,Normal day,5,11,1,0,110
2024-06-09,Delhi,Caregiver,Clear,Normal day,6,6,1,0,97
2024-08-16,Delhi,Electrician,Rain,Normal day,4,8,0,0,144
2024-06-15,Hyderabad,Technician,Rain,Holiday,5,6,1,0,123
2025-01-10,Mumbai,Carpenter,Clear,Normal day,4,1,0,0,95
2025-01-04,Bengaluru,Caregiver,Clear,Normal day,5,1,1,0,82
2023-04-26,Delhi,Caregiver,Clear,Normal day,2,4,0,1,91
2025-03-17,Hyderabad,Electrician,Clear,Normal day,0,3,0,0,94
2025-11-11,Hyderabad,Technician,Clear,Normal day,1,11,0,0,85
2025-04-27,Delhi,Painter,Extreme heat,Normal day,6,4,1,1,104
2023-12-08,Delhi,Technician,Clear,Normal day,4,12,0,0,90
2024-01-16,Mumbai,Domestic Helper,Rain,Normal day,1,1,0,0,106
2023-01-04,Bengaluru,Domestic Helper,Clear,Normal day,2,1,0,0,88
2024-03-05,Bengaluru,Painter,Rain,Normal day,1,3,0,0,93
2025-05-24,Delhi,Caregiver,Extreme heat,Normal day,5,5,1,0,121
2025-04-18,Hyderabad,Domestic Helper,Clear,Normal day,4,4,0,0,90
2024-07-24,Delhi,Technician,Rain,Normal day,2,7,0,0,124
2024-07-04,Delhi,Domestic Helper,Clear,Normal day,3,7,0,0,107
2024-11-16,Mumbai,Electrician,Clear,Normal day,5,11,1,0,120
2023-06-16,Hyderabad,Carpenter,Rain,Normal day,4,6,0,0,122
2024-11-06,Mumbai,Domestic Helper,Clear,Normal day,2,11,0,0,112
2025-07-25,Delhi,Electrician,Extreme heat,Holiday,4,7,0,0,149
2024-08-19,Hyderabad,Caregiver,Rain,Normal day,0,8,0,0,99
2025-05-27,Hyderabad,Carpenter,Extreme heat,Normal day,1,5,0,1,97
2023-08-30,Hyderabad,Painter,Clear,Normal day,2,8,0,1,74
2025-04-12,Delhi,Technician,Clear,Normal day,5,4,1,0,110
2025-06-11,Delhi,Electrician,Rain,Normal day,2,6,0,0,97
2025-05-24,Mumbai,Caregiver,Clear,Normal day,5,5,1,0,113
2024-02-28,Delhi,Caregiver,Clear,Normal day,2,2,0,1,84
2023-08-14,Hyderabad,Technician,Clear,Major event,0,8,0,0,108
2024-11-01,Hyderabad,Caregiver,Clear,Holiday,4,11,0,0,95
2024-07-29,Mumbai,Plumber,Rain,Normal day,0,7,0,1,129
2024-03-16,Delhi,Technician,Clear,Normal day,5,3,1,0,106
2025-02-20,Hyderabad,Domestic Helper,Clear,Normal day,3,2,0,0,94
2024-06-04,Hyderabad,Caregiver,Rain,Normal day,1,6,0,0,88
2025-11-02,Bengaluru,Carpenter,Clear,Normal day,6,11,1,0,106
2024-09-06,Bengaluru,Electrician,Rain,Normal day,4,9,0,0,126
2024-03-24,Hyderabad,Caregiver,Clear,Normal day,6,3,1,0,88
2025-12-15,Hyderabad,Painter,Extreme heat,Normal day,0,12,0,0,73
2024-12-09,Delhi,Carpenter,Clear,Normal day,0,12,0,0,95
2024-12-07,Mumbai,Domestic Helper,Clear,Normal day,5,12,1,0,118
2025-06-14,Hyderabad,Technician,Clear,Normal day,5,6,1,0,110
2025-04-05,Mumbai,Painter,Clear,Normal day,5,4,1,0,93
2024-02-27,Hyderabad,Caregiver,Rain,Normal day,1,2,0,1,91
2023-05-09,Bengaluru,Domestic Helper,Extreme heat,Normal day,1,5,0,0,93
2024-12-15,Hyderabad,Painter,Clear,Normal day,6,12,1,0,76
2023-11-11,Delhi,Caregiver,Clear,Normal day,5,11,1,0,111
2025-01-01,Delhi,Caregiver,Rain,Normal day,2,1,0,0,102
2024-03-21,Mumbai,Technician,Clear,Normal day,3,3,0,0,117
2024-11-27,Delhi,Domestic Helper,Clear,Normal day,2,11,0,1,90
2025-03-02,Mumbai,Painter,Clear,Normal day,6,3,1,0,96
2025-01-29,Hyderabad,Painter,Clear,Normal day,2,1,0,1,70
2025-03-20,Bengaluru,Painter,Clear,Normal day,3,3,0,0,75
2023-02-15,Hyderabad,Technician,Clear,Normal day,2,2,0,0,82
2023-07-24,Bengaluru,Painter,Rain,Normal day,0,7,0,0,116
2023-11-10,Delhi,Carpenter,Clear,Normal day,4,11,0,0,110
2023-12-05,Delhi,Plumber,Clear,Normal day,1,12,0,0,117
2024-07-18,Mumbai,Domestic Helper,Rain,Normal day,3,7,0,0,140
2025-11-25,Delhi,Caregiver,Clear,Normal day,1,11,0,0,100
2025-06-30,Hyderabad,Carpenter,Clear,Normal day,0,6,0,1,83
2023-03-17,Hyderabad,Electrician,Clear,Normal day,4,3,0,0,105
2024-06-23,Mumbai,Caregiver,Rain,Normal day,6,6,1,0,123
2025-06-03,Hyderabad,Caregiver,Rain,Normal day,1,6,0,0,93
2025-04-20,Mumbai,Plumber,Extreme heat,Normal day,6,4,1,0,134
2024-06-28,Bengaluru,Painter,Clear,Normal day,4,6,0,1,101
2024-05-08,Delhi,Technician,Clear,Normal day,2,5,0,0,105
2025-08-07,Hyderabad,Electrician,Extreme heat,Normal day,3,8,0,0,133
2023-08-13,Bengaluru,Carpenter,Rain,Normal day,6,8,1,0,120
2024-04-13,Delhi,Domestic Helper,Extreme heat,Normal day,5,4,1,0,135
2023-05-27,Delhi,Caregiver,Clear,Normal day,5,5,1,1,105
2024-12-22,Delhi,Painter,Extreme heat,Normal day,6,12,1,0,105
2024-06-05,Bengaluru,Plumber,Clear,Normal day,2,6,0,0,98
2025-09-26,Delhi,Electrician,Clear,Normal day,4,9,0,1,105
2025-02-05,Hyderabad,Plumber,Clear,Normal day,2,2,0,0,94
2024-05-01,Mumbai,Domestic Helper,Clear,Normal day,2,5,0,0,105
2023-02-06,Delhi,Painter,Clear,Normal day,0,2,0,0,67
2025-09-26,Delhi,Domestic Helper,Clear,Normal day,4,9,0,1,136
2023-04-01,Mumbai,Technician,Extreme heat,Normal day,5,4,1,0,88
2024-06-21,Bengaluru,Technician,Clear,Normal day,4,6,0,0,109
2024-03-13,Delhi,Painter,Clear,Major event,2,3,0,0,95
2023-07-28,Delhi,Painter,Rain,Normal day,4,7,0,1,119
2025-06-29,Bengaluru,Carpenter,Rain,Normal day,6,6,1,1,127
2025-09-28,Mumbai,Carpenter,Clear,Normal day,6,9,1,1,119
2024-10-16,Delhi,Electrician,Clear,Normal day,2,10,0,0,105
2024-08-03,Delhi,Caregiver,Rain,Major event,5,8,1,0,178
2025-08-03,Bengaluru,Plumber,Rain,Normal day,6,8,1,0,137
2023-02-09,Bengaluru,Painter,Clear,Normal day,3,2,0,0,64
2023-03-22,Bengaluru,Painter,Clear,Normal day,2,3,0,0,83
2025-07-31,Delhi,Domestic Helper,Clear,Normal day,3,7,0,1,106
2023-12-31,Delhi,Carpenter,Clear,Normal day,6,12,1,1,114
2023-11-16,Bengaluru,Caregiver,Clear,Normal day,3,11,0,0,93
2024-04-29,Hyderabad,Painter,Clear,Normal day,0,4,0,1,62
2024-02-10,Hyderabad,Painter,Extreme heat,Normal day,5,2,1,0,87
2024-12-30,Hyderabad,Electrician,Clear,Normal day,0,12,0,1,97
2023-09-30,Mumbai,Carpenter,Rain,Normal day,5,9,1,1,176
2024-04-17,Delhi,Technician,Clear,Normal day,2,4,0,0,97
2023-01-15,Bengaluru,Carpenter,Clear,Normal day,6,1,1,0,97
2024-09-26,Mumbai,Painter,Rain,Normal day,3,9,0,1,142
2024-04-09,Hyderabad,Painter,Extreme heat,Normal day,1,4,0,0,82
2024-10-04,Hyderabad,Caregiver,Clear,Normal day,4,10,0,0,95
2025-06-23,Bengaluru,Caregiver,Clear,Normal day,0,6,0,0,91
2024-02-06,Bengaluru,Caregiver,Clear,Normal day,1,2,0,0,82
2024-04-12,Delhi,Technician,Extreme heat,Normal day,4,4,0,0,112
2023-11-11,Hyderabad,Technician,Clear,Holiday,5,11,1,0,122
2024-12-02,Mumbai,Caregiver,Clear,Normal day,0,12,0,0,84
2025-08-22,Delhi,Caregiver,Rain,Holiday,4,8,0,0,150
2025-11-03,Hyderabad,Painter,Rain,Holiday,0,11,0,0,104
2023-09-16,Mumbai,Plumber,Rain,Normal day,5,9,1,0,184
2024-06-24,Mumbai,Carpenter,Rain,Normal day,0,6,0,0,113
2023-06-19,Bengaluru,Domestic Helper,Rain,Normal day,0,6,0,0,130
2023-10-28,Delhi,Technician,Clear,Normal day,5,10,1,1,119
2024-10-14,Hyderabad,Carpenter,Clear,Normal day,0,10,0,0,96
2025-02-01,Mumbai,Plumber,Clear,Normal day,5,2,1,0,118
2024-07-27,Delhi,Electrician,Clear,Holiday,5,7,1,1,145
2025-12-26,Delhi,Electrician,Clear,Normal day,4,12,0,1,114
2024-01-20,Bengaluru,Caregiver,Clear,Holiday,5,1,1,0,84
2023-07-25,Mumbai,Painter,Rain,Normal day,1,7,0,0,112
2025-11-16,Delhi,Technician,Clear,Normal day,6,11,1,0,115
2024-07-26,Hyderabad,Electrician,Clear,Normal day,4,7,0,1,123
2023-12-06,Bengaluru,Electrician,Clear,Normal day,2,12,0,0,107
2024-02-11,Mumbai,Carpenter,Clear,Holiday,6,2,1,0,99
2023-07-19,Bengaluru,Plumber,Clear,Normal day,2,7,0,0,99
2025-03-08,Bengaluru,Plumber,Clear,Normal day,5,3,1,0,128
2025-03-19,Delhi,Painter,Rain,Holiday,2,3,0,0,130
2023-01-22,Hyderabad,Caregiver,Clear,Normal day,6,1,1,0,88
2024-04-30,Hyderabad,Painter,Clear,Normal day,1,4,0,1,88
2023-01-06,Hyderabad,Painter,Clear,Normal day,4,1,0,0,81
2023-05-15,Hyderabad,Plumber,Extreme heat,Normal day,0,5,0,0,108
2023-03-27,Delhi,Domestic Helper,Clear,Normal day,0,3,0,1,94
2023-04-12,Delhi,Electrician,Clear,Normal day,2,4,0,0,105
2024-03-31,Bengaluru,Plumber,Rain,Normal day,6,3,1,1,149
2025-03-03,Delhi,Caregiver,Clear,Normal day,0,3,0,0,71
2025-05-29,Hyderabad,Carpenter,Clear,Normal day,3,5,0,1,80
2025-04-01,Bengaluru,Carpenter,Extreme heat,Normal day,1,4,0,0,80
2024-04-17,Bengaluru,Painter,Extreme heat,Normal day,2,4,0,0,88
2023-03-09,Hyderabad,Caregiver,Clear,Normal day,3,3,0,0,104
2024-11-19,Bengaluru,Caregiver,Extreme heat,Normal day,1,11,0,0,96
2023-04-19,Bengaluru,Domestic Helper,Clear,Normal day,2,4,0,0,103
2023-07-24,Mumbai,Painter,Extreme heat,Normal day,0,7,0,0,97
2025-03-12,Hyderabad,Electrician,Clear,Normal day,2,3,0,0,93
2024-11-11,Mumbai,Electrician,Clear,Normal day,0,11,0,0,111
2025-03-26,Mumbai,Technician,Rain,Normal day,2,3,0,1,143
2025-04-02,Bengaluru,Plumber,Clear,Normal day,2,4,0,0,104
2023-02-21,Hyderabad,Carpenter,Clear,Normal day,1,2,0,0,83
2023-10-17,Mumbai,Plumber,Clear,Normal day,1,10,0,0,107
2024-04-17,Delhi,Plumber,Extreme heat,Normal day,2,4,0,0,118
2023-06-19,Bengaluru,Painter,Clear,Normal day,0,6,0,0,69
2024-10-30,Bengaluru,Painter,Clear,Normal day,2,10,0,1,72
2025-02-11,Mumbai,Technician,Clear,Normal day,1,2,0,0,105
2023-02-23,Mumbai,Caregiver,Clear,Holiday,3,2,0,0,100
2023-07-01,Mumbai,Domestic Helper,Clear,Holiday,5,7,1,0,145
2024-11-07,Delhi,Domestic Helper,Extreme heat,Normal day,3,11,0,0,132
2025-09-14,Bengaluru,Plumber,Clear,Normal day,6,9,1,0,121
2025-07-18,Bengaluru,Painter,Rain,Holiday,4,7,0,0,125
2025-09-22,Bengaluru,Plumber,Clear,Normal day,0,9,0,0,89
2025-07-14,Bengaluru,Domestic Helper,Clear,Normal day,0,7,0,0,111
2025-02-21,Bengaluru,Carpenter,Clear,Normal day,4,2,0,0,63
2024-04-19,Delhi,Plumber,Clear,Normal day,4,4,0,0,118
2024-06-14,Bengaluru,Technician,Rain,Normal day,4,6,0,0,103
2025-04-06,Hyderabad,Painter,Extreme heat,Normal day,6,4,1,0,94
2023-05-05,Bengaluru,Painter,Clear,Normal day,4,5,0,0,85
2025-07-20,Mumbai,Technician,Clear,Normal day,6,7,1,0,102
2024-04-29,Bengaluru,Plumber,Clear,Normal day,0,4,0,1,111
2025-05-10,Hyderabad,Carpenter,Extreme heat,Normal day,5,5,1,0,108
2024-06-24,Delhi,Electrician,Rain,Normal day,0,6,0,0,110
2024-07-29,Bengaluru,Domestic Helper,Clear,Normal day,0,7,0,1,115
2025-06-17,Mumbai,Technician,Clear,Holiday,1,6,0,0,133
2024-12-06,Hyderabad,Electrician,Rain,Normal day,4,12,0,0,120
2023-11-29,Hyderabad,Electrician,Clear,Normal day,2,11,0,1,94
2025-01-07,Delhi,Technician,Clear,Normal day,1,1,0,0,77
2023-08-04,Bengaluru,Electrician,Rain,Normal day,4,8,0,0,122
2025-08-26,Hyderabad,Carpenter,Rain,Normal day,1,8,0,1,115
2024-12-20,Hyderabad,Carpenter,Clear,Normal day,4,12,0,0,80
2025-07-22,Mumbai,Plumber,Clear,Normal day,1,7,0,0,139
2024-08-29,Delhi,Carpenter,Rain,Normal day,3,8,0,1,127
2024-02-21,Bengaluru,Domestic Helper,Clear,Normal day,2,2,0,0,83
2025-02-17,Delhi,Caregiver,Clear,Normal day,0,2,0,0,71
2025-02-15,Mumbai,Technician,Extreme heat,Normal day,5,2,1,0,136
2025-04-15,Bengaluru,Plumber,Clear,Normal day,1,4,0,0,94
2025-09-02,Bengaluru,Domestic Helper,Rain,Normal day,1,9,0,0,112
2025-06-21,Hyderabad,Painter,Rain,Normal day,5,6,1,0,112
2024-02-25,Hyderabad,Plumber,Clear,Normal day,6,2,1,0,85
2024-01-12,Hyderabad,Electrician,Clear,Holiday,4,1,0,0,103
2025-06-15,Mumbai,Carpenter,Clear,Normal day,6,6,1,0,99
2025-05-09,Mumbai,Plumber,Extreme heat,Major event,4,5,0,0,165
2023-12-10,Delhi,Plumber,Clear,Holiday,6,12,1,0,137
2024-05-10,Bengaluru,Technician,Clear,Normal day,4,5,0,0,85
2024-04-15,Delhi,Carpenter,Clear,Normal day,0,4,0,0,90
2023-02-26,Hyderabad,Domestic Helper,Extreme heat,Normal day,6,2,1,1,109
2024-04-09,Bengaluru,Painter,Extreme heat,Normal day,1,4,0,0,77
2024-01-26,Delhi,Painter,Clear,Normal day,4,1,0,1,90
2023-10-15,Delhi,Electrician,Clear,Normal day,6,10,1,0,120
2025-09-14,Bengaluru,Electrician,Rain,Normal day,6,9,1,0,150
2024-06-26,Delhi,Domestic Helper,Rain,Normal day,2,6,0,1,127
2024-08-11,Hyderabad,Technician,Rain,Normal day,6,8,1,0,116
2023-08-27,Bengaluru,Carpenter,Clear,Normal day,6,8,1,1,92
2024-09-28,Mumbai,Domestic Helper,Rain,Normal day,5,9,1,1,142
2025-06-28,Hyderabad,Technician,Extreme heat,Normal day,5,6,1,1,130
2025-01-17,Delhi,Technician,Clear,Normal day,4,1,0,0,89
2025-05-18,Hyderabad,Domestic Helper,Clear,Normal day,6,5,1,0,99
2023-03-28,Mumbai,Caregiver,Clear,Normal day,1,3,0,1,68
2023-09-08,Mumbai,Electrician,Rain,Major event,4,9,0,0,176
2023-07-10,Delhi,Domestic Helper,Clear,Normal day,0,7,0,0,124
2024-03-03,Mumbai,Domestic Helper,Clear,Normal day,6,3,1,0,115
2025-09-18,Mumbai,Domestic Helper,Rain,Normal day,3,9,0,0,124
2023-06-06,Delhi,Technician,Clear,Normal day,1,6,0,0,102
2025-01-11,Hyderabad,Plumber,Clear,Holiday,5,1,1,0,126
2025-03-14,Delhi,Carpenter,Clear,Major event,4,3,0,0,103
2024-02-03,Mumbai,Domestic Helper,Clear,Major event,5,2,1,0,134
2023-01-10,Bengaluru,Carpenter,Clear,Holiday,1,1,0,0,118
2025-12-15,Hyderabad,Carpenter,Clear,Holiday,0,12,0,0,96
2023-02-13,Mumbai,Caregiver,Clear,Normal day,0,2,0,0,73
2023-01-08,Bengaluru,Caregiver,Rain,Normal day,6,1,1,0,90
2025-01-20,Delhi,Electrician,Clear,Normal day,0,1,0,0,100
2023-10-09,Bengaluru,Electrician,Rain,Normal day,0,10,0,0,119
2025-04-30,Mumbai,Technician,Clear,Normal day,2,4,0,1,98
2023-02-06,Bengaluru,Carpenter,Clear,Normal day,0,2,0,0,80
2025-07-05,Delhi,Carpenter,Clear,Holiday,5,7,1,0,118
2025-03-26,Bengaluru,Painter,Clear,Normal day,2,3,0,1,73
2024-08-21,Mumbai,Plumber,Clear,Normal day,2,8,0,0,105
2025-11-05,Hyderabad,Plumber,Rain,Normal day,2,11,0,0,115
2024-03-18,Hyderabad,Domestic Helper,Clear,Major event,0,3,0,0,119
2023-04-11,Bengaluru,Technician,Clear,Normal day,1,4,0,0,96
2023-11-11,Mumbai,Plumber,Clear,Holiday,5,11,1,0,152
2025-12-24,Delhi,Domestic Helper,Clear,Normal day,2,12,0,0,79
2025-07-31,Bengaluru,Electrician,Clear,Normal day,3,7,0,1,103
2025-06-04,Hyderabad,Domestic Helper,Extreme heat,Normal day,2,6,0,0,88
2023-09-28,Bengaluru,Domestic Helper,Clear,Holiday,3,9,0,1,100
2023-09-25,Bengaluru,Electrician,Rain,Normal day,0,9,0,0,112
2024-12-23,Mumbai,Plumber,Clear,Holiday,0,12,0,0,133
2025-07-10,Bengaluru,Technician,Clear,Normal day,3,7,0,0,80
2024-02-09,Hyderabad,Domestic Helper,Clear,Normal day,4,2,0,0,89
2023-07-31,Delhi,Domestic Helper,Extreme heat,Normal day,0,7,0,1,107
2025-01-31,Delhi,Technician,Clear,Normal day,4,1,0,1,112
2024-03-08,Hyderabad,Electrician,Clear,Normal day,4,3,0,0,102
2023-02-09,Hyderabad,Carpenter,Clear,Normal day,3,2,0,0,65
2023-08-15,Delhi,Plumber,Clear,Normal day,1,8,0,0,90
2024-05-02,Hyderabad,Plumber,Clear,Normal day,3,5,0,0,93
2023-06-13,Mumbai,Caregiver,Clear,Normal day,1,6,0,0,83
2025-08-20,Hyderabad,Plumber,Rain,Normal day,2,8,0,0,123
2025-08-02,Hyderabad,Plumber,Rain,Normal day,5,8,1,0,142
2024-01-27,Delhi,Plumber,Clear,Normal day,5,1,1,1,131
2024-09-15,Hyderabad,Domestic Helper,Rain,Normal day,6,9,1,0,113
2025-02-09,Delhi,Painter,Clear,Normal day,6,2,1,0,102
2024-09-21,Mumbai,Domestic Helper,Rain,Normal day,5,9,1,0,136
2023-11-17,Bengaluru,Technician,Clear,Normal day,4,11,0,0,122
2025-12-29,Bengaluru,Caregiver,Clear,Normal day,0,12,0,1,80
2025-05-07,Bengaluru,Caregiver,Clear,Holiday,2,5,0,0,94
2024-08-10,Bengaluru,Domestic Helper,Clear,Normal day,5,8,1,0,133
2025-09-16,Mumbai,Painter,Clear,Normal day,1,9,0,0,87
2023-12-10,Hyderabad,Painter,Clear,Normal day,6,12,1,0,72
2023-10-11,Mumbai,Carpenter,Clear,Holiday,2,10,0,0,113
2023-03-09,Mumbai,Painter,Clear,Normal day,3,3,0,0,78
2023-06-23,Delhi,Technician,Rain,Holiday,4,6,0,0,142
2023-07-25,Delhi,Plumber,Rain,Holiday,1,7,0,0,163
2023-08-21,Hyderabad,Plumber,Rain,Normal day,0,8,0,0,145
2023-05-15,Delhi,Painter,Extreme heat,Normal day,0,5,0,0,94
2023-01-27,Bengaluru,Caregiver,Clear,Normal day,4,1,0,1,82
2024-04-01,Mumbai,Carpenter,Extreme heat,Normal day,0,4,0,0,109
2024-07-12,Hyderabad,Technician,Clear,Normal day,4,7,0,0,99
2024-05-11,Delhi,Domestic Helper,Clear,Normal day,5,5,1,0,107
2025-09-12,Hyderabad,Technician,Rain,Normal day,4,9,0,0,117
2024-05-25,Bengaluru,Technician,Clear,Normal day,5,5,1,0,96
2023-12-01,Delhi,Painter,Clear,Normal day,4,12,0,0,106
2024-10-26,Bengaluru,Electrician,Clear,Holiday,5,10,1,1,131
2023-02-02,Bengaluru,Caregiver,Extreme heat,Holiday,3,2,0,0,96
2024-09-07,Hyderabad,Painter,Clear,Normal day,5,9,1,0,90
2024-09-30,Delhi,Plumber,Rain,Normal day,0,9,0,1,124
2024-10-27,Delhi,Carpenter,Clear,Holiday,6,10,1,1,140
2024-08-04,Mumbai,Caregiver,Clear,Normal day,6,8,1,0,108
2025-10-06,Mumbai,Caregiver,Clear,Holiday,0,10,0,0,104
2025-06-05,Hyderabad,Carpenter,Rain,Normal day,3,6,0,0,96
2024-04-05,Mumbai,Carpenter,Extreme heat,Normal day,4,4,0,0,117
2025-03-30,Bengaluru,Carpenter,Clear,Normal day,6,3,1,1,104
2024-01-11,Delhi,Plumber,Clear,Normal day,3,1,0,0,124
2024-03-31,Delhi,Painter,Clear,Normal day,6,3,1,1,76
2025-11-12,Bengaluru,Plumber,Clear,Normal day,2,11,0,0,121
2024-04-21,Delhi,Carpenter,Clear,Normal day,6,4,1,0,89
2024-03-02,Bengaluru,Plumber,Extreme heat,Normal day,5,3,1,0,112
2023-07-27,Mumbai,Plumber,Clear,Normal day,3,7,0,1,145
2024-06-03,Bengaluru,Caregiver,Rain,Normal day,0,6,0,0,91
2025-07-28,Mumbai,Electrician,Clear,Normal day,0,7,0,1,124
2024-10-25,Bengaluru,Painter,Clear,Normal day,4,10,0,0,83
2023-09-28,Delhi,Electrician,Rain,Normal day,3,9,0,1,144
2023-07-03,Delhi,Carpenter,Clear,Normal day,0,7,0,0,101
2023-04-21,Delhi,Caregiver,Extreme heat,Holiday,4,4,0,0,116
2023-11-08,Mumbai,Caregiver,Clear,Normal day,2,11,0,0,81
2024-11-29,Hyderabad,Carpenter,Clear,Normal day,4,11,0,1,92
2023-11-17,Delhi,Technician,Clear,Holiday,4,11,0,0,103
2024-10-18,Mumbai,Domestic Helper,Clear,Major event,4,10,0,0,139
2025-09-22,Bengaluru,Domestic Helper,Clear,Normal day,0,9,0,0,96
2024-12-08,Bengaluru,Carpenter,Clear,Normal day,6,12,1,0,78
2024-09-27,Delhi,Technician,Extreme heat,Normal day,4,9,0,1,117
2025-08-21,Bengaluru,Carpenter,Rain,Normal day,3,8,0,0,102
2024-10-05,Delhi,Painter,Rain,Normal day,5,10,1,0,127
2025-03-14,Hyderabad,Technician,Clear,Normal day,4,3,0,0,95
2023-09-27,Delhi,Painter,Clear,Normal day,2,9,0,1,90
2025-05-31,Bengaluru,Caregiver,Clear,Normal day,5,5,1,1,86
2023-06-02,Delhi,Caregiver,Clear,Normal day,4,6,0,0,84
2023-01-19,Bengaluru,Painter,Clear,Holiday,3,1,0,0,70
2023-03-27,Delhi,Plumber,Clear,Normal day,0,3,0,1,105
2025-02-28,Delhi,Caregiver,Clear,Normal day,4,2,0,1,81
2025-08-01,Bengaluru,Carpenter,Clear,Normal day,4,8,0,0,126
2025-05-15,Bengaluru,Domestic Helper,Clear,Normal day,3,5,0,0,99
2023-03-19,Bengaluru,Electrician,Clear,Normal day,6,3,1,0,89
2025-05-05,Bengaluru,Technician,Clear,Normal day,0,5,0,0,87
2023-11-01,Hyderabad,Technician,Clear,Normal day,2,11,0,0,95
2023-07-21,Mumbai,Electrician,Clear,Normal day,4,7,0,0,96
2025-03-11,Bengaluru,Painter,Rain,Normal day,1,3,0,0,80
2023-08-22,Hyderabad,Domestic Helper,Rain,Normal day,1,8,0,0,121
2024-12-22,Bengaluru,Domestic Helper,Clear,Normal day,6,12,1,0,98
2025-05-11,Bengaluru,Carpenter,Extreme heat,Normal day,6,5,1,0,114
2025-02-20,Delhi,Painter,Clear,Normal day,3,2,0,0,81
2023-11-25,Hyderabad,Painter,Clear,Major event,5,11,1,0,111
2025-09-08,Mumbai,Caregiver,Rain,Normal day,0,9,0,0,103
2023-08-18,Delhi,Painter,Clear,Holiday,4,8,0,0,112
2024-03-07,Delhi,Painter,Clear,Normal day,3,3,0,0,66
2024-04-02,Bengaluru,Domestic Helper,Clear,Normal day,1,4,0,0,86
2025-06-27,Delhi,Electrician,Rain,Normal day,4,6,0,1,147
2024-08-04,Mumbai,Painter,Rain,Holiday,6,8,1,0,136
2025-03-04,Hyderabad,Carpenter,Clear,Normal day,1,3,0,0,79
2025-02-15,Hyderabad,Painter,Clear,Normal day,5,2,1,0,74
2024-11-22,Hyderabad,Electrician,Clear,Normal day,4,11,0,0,118
2025-06-01,Bengaluru,Carpenter,Rain,Normal day,6,6,1,0,122
2025-04-03,Mumbai,Carpenter,Clear,Normal day,3,4,0,0,107
2025-10-28,Bengaluru,Caregiver,Clear,Normal day,1,10,0,1,80
2023-10-28,Bengaluru,Caregiver,Clear,Normal day,5,10,1,1,88
2024-12-09,Hyderabad,Carpenter,Clear,Normal day,0,12,0,0,80
2025-08-19,Hyderabad,Painter,Rain,Major event,1,8,0,0,110
2024-02-14,Bengaluru,Painter,Clear,Normal day,2,2,0,0,71
2023-08-10,Mumbai,Technician,Clear,Normal day,3,8,0,0,125
2025-09-11,Mumbai,Electrician,Rain,Normal day,3,9,0,0,136
2023-04-28,Mumbai,Carpenter,Extreme heat,Normal day,4,4,0,1,140
2024-10-19,Bengaluru,Caregiver,Clear,Normal day,5,10,1,0,110
2023-03-06,Bengaluru,Caregiver,Clear,Normal day,0,3,0,0,84
2024-03-03,Hyderabad,Painter,Clear,Normal day,6,3,1,0,68
2025-11-10,Hyderabad,Plumber,Clear,Holiday,0,11,0,0,87
2024-03-15,Bengaluru,Plumber,Clear,Normal day,4,3,0,0,105
2024-05-24,Mumbai,Technician,Extreme heat,Major event,4,5,0,0,141
2023-06-12,Delhi,Plumber,Clear,Normal day,0,6,0,0,120
2024-04-07,Bengaluru,Painter,Extreme heat,Normal day,6,4,1,0,107
2023-08-06,Hyderabad,Domestic Helper,Rain,Normal day,6,8,1,0,121
2024-10-05,Delhi,Painter,Clear,Holiday,5,10,1,0,131
2025-10-13,Mumbai,Carpenter,Clear,Normal day,0,10,0,0,81
2025-02-12,Mumbai,Plumber,Clear,Normal day,2,2,0,0,106
2024-11-01,Hyderabad,Electrician,Clear,Holiday,4,11,0,0,123
2023-03-18,Mumbai,Plumber,Rain,Normal day,5,3,1,0,169
2025-02-01,Hyderabad,Caregiver,Clear,Normal day,5,2,1,0,85
2023-07-29,Mumbai,Carpenter,Clear,Normal day,5,7,1,1,135
2023-03-31,Delhi,Electrician,Rain,Normal day,4,3,0,1,134
2023-12-06,Bengaluru,Carpenter,Clear,Normal day,2,12,0,0,85
2023-03-30,Bengaluru,Technician,Clear,Normal day,3,3,0,1,95
2025-09-26,Delhi,Technician,Clear,Normal day,4,9,0,1,111
2023-03-10,Hyderabad,Technician,Clear,Holiday,4,3,0,0,94
2023-10-15,Hyderabad,Painter,Clear,Normal day,6,10,1,0,91
2024-07-31,Delhi,Carpenter,Clear,Normal day,2,7,0,1,102
2024-06-15,Mumbai,Carpenter,Rain,Normal day,5,6,1,0,156
2024-01-27,Bengaluru,Plumber,Rain,Normal day,5,1,1,1,140
2023-06-07,Delhi,Carpenter,Clear,Normal day,2,6,0,0,92
2023-08-14,Bengaluru,Caregiver,Clear,Normal day,0,8,0,0,72
2023-09-07,Delhi,Technician,Clear,Normal day,3,9,0,0,76
2025-04-17,Bengaluru,Painter,Clear,Normal day,3,4,0,0,60
2023-07-09,Bengaluru,Technician,Clear,Normal day,6,7,1,0,126
2023-09-14,Delhi,Technician,Rain,Normal day,3,9,0,0,136
2023-10-20,Delhi,Caregiver,Clear,Normal day,4,10,0,0,108
2024-03-08,Delhi,Electrician,Extreme heat,Normal day,4,3,0,0,116
2023-06-10,Delhi,Electrician,Clear,Holiday,5,6,1,0,167
2023-08-01,Bengaluru,Technician,Extreme heat,Normal day,1,8,0,0,86
2023-08-01,Delhi,Electrician,Rain,Normal day,1,8,0,0,134
2023-06-25,Mumbai,Plumber,Clear,Normal day,6,6,1,0,137
2023-01-05,Delhi,Carpenter,Clear,Normal day,3,1,0,0,75
2025-04-28,Bengaluru,Domestic Helper,Extreme heat,Normal day,0,4,0,1,84
2025-03-02,Hyderabad,Electrician,Clear,Normal day,6,3,1,0,82
2025-07-28,Mumbai,Electrician,Clear,Holiday,0,7,0,1,154
2024-12-25,Hyderabad,Carpenter,Clear,Holiday,2,12,0,0,86
2023-11-09,Hyderabad,Carpenter,Clear,Normal day,3,11,0,0,83
2024-07-04,Bengaluru,Painter,Rain,Major event,3,7,0,0,134
2024-03-15,Hyderabad,Carpenter,Clear,Normal day,4,3,0,0,90
2025-12-11,Hyderabad,Electrician,Clear,Normal day,3,12,0,0,116
2023-08-07,Mumbai,Painter,Rain,Normal day,0,8,0,0,95
2024-08-14,Bengaluru,Plumber,Rain,Normal day,2,8,0,0,119
2024-09-07,Bengaluru,Electrician,Rain,Major event,5,9,1,0,180
2023-12-10,Hyderabad,Technician,Clear,Normal day,6,12,1,0,96
2023-05-14,Bengaluru,Carpenter,Clear,Normal day,6,5,1,0,94
2024-05-09,Bengaluru,Caregiver,Extreme heat,Holiday,3,5,0,0,123
2025-12-29,Hyderabad,Caregiver,Clear,Normal day,0,12,0,1,85
2023-07-13,Mumbai,Carpenter,Clear,Major event,3,7,0,0,140
2024-08-14,Bengaluru,Electrician,Clear,Normal day,2,8,0,0,88
2025-12-03,Hyderabad,Painter,Clear,Normal day,2,12,0,0,63
2025-02-14,Delhi,Domestic Helper,Clear,Holiday,4,2,0,0,110
2023-01-25,Mumbai,Painter,Clear,Major event,2,1,0,0,78
2023-04-20,Hyderabad,Technician,Clear,Normal day,3,4,0,0,101
2025-06-29,Hyderabad,Technician,Rain,Normal day,6,6,1,1,137
2024-10-03,Delhi,Domestic Helper,Clear,Normal day,3,10,0,0,106
2023-03-17,Hyderabad,Domestic Helper,Clear,Normal day,4,3,0,0,95
2023-06-01,Hyderabad,Electrician,Rain,Normal day,3,6,0,0,99
2023-04-17,Bengaluru,Carpenter,Extreme heat,Normal day,0,4,0,0,107
2023-07-10,Delhi,Carpenter,Clear,Normal day,0,7,0,0,112
2024-12-31,Delhi,Technician,Clear,Normal day,1,12,0,1,106
2024-04-10,Mumbai,Plumber,Extreme heat,Normal day,2,4,0,0,129
2025-04-13,Delhi,Carpenter,Extreme heat,Normal day,6,4,1,0,115
2023-08-12,Hyderabad,Technician,Rain,Normal day,5,8,1,0,138
2024-04-24,Delhi,Plumber,Extreme heat,Normal day,2,4,0,0,127
2023-04-24,Delhi,Domestic Helper,Extreme heat,Normal day,0,4,0,0,114
2024-01-04,Hyderabad,Caregiver,Clear,Normal day,3,1,0,0,74
2025-03-01,Bengaluru,Caregiver,Clear,Normal day,5,3,1,0,79
2025-07-23,Mumbai,Electrician,Extreme heat,Normal day,2,7,0,0,173
2024-09-13,Hyderabad,Caregiver,Rain,Normal day,4,9,0,0,89
2025-10-11,Mumbai,Plumber,Clear,Normal day,5,10,1,0,132
2024-12-15,Hyderabad,Technician,Clear,Normal day,6,12,1,0,91
2023-11-11,Hyderabad,Caregiver,Clear,Normal day,5,11,1,0,93
2023-07-09,Delhi,Caregiver,Clear,Normal day,6,7,1,0,105
2024-05-09,Delhi,Domestic Helper,Clear,Normal day,3,5,0,0,102
2025-09-13,Hyderabad,Painter,Rain,Normal day,5,9,1,0,106
2025-01-18,Delhi,Domestic Helper,Clear,Normal day,5,1,1,0,116
2024-04-13,Delhi,Painter,Extreme heat,Normal day,5,4,1,0,117
2023-09-06,Hyderabad,Plumber,Clear,Normal day,2,9,0,0,90
2024-01-20,Delhi,Technician,Clear,Normal day,5,1,1,0,118
2024-03-03,Hyderabad,Electrician,Clear,Normal day,6,3,1,0,111
2024-11-02,Delhi,Painter,Clear,Normal day,5,11,1,0,107
2024-05-01,Delhi,Caregiver,Clear,Normal day,2,5,0,0,76
2023-07-22,Hyderabad,Painter,Extreme heat,Normal day,5,7,1,0,100
2023-11-06,Delhi,Carpenter,Clear,Normal day,0,11,0,0,97
2023-04-23,Delhi,Electrician,Extreme heat,Normal day,6,4,1,0,129
2023-04-20,Bengaluru,Electrician,Extreme heat,Normal day,3,4,0,0,125
2023-08-16,Bengaluru,Electrician,Rain,Normal day,2,8,0,0,131
2025-04-30,Bengaluru,Technician,Rain,Normal day,2,4,0,1,121
2024-06-12,Delhi,Technician,Rain,Normal day,2,6,0,0,134
2023-06-17,Mumbai,Electrician,Rain,Major event,5,6,1,0,281
2025-11-14,Mumbai,Caregiver,Clear,Normal day,4,11,0,0,110
2024-09-12,Hyderabad,Technician,Rain,Holiday,3,9,0,0,149
2025-04-09,Hyderabad,Plumber,Clear,Normal day,2,4,0,0,90
2023-05-31,Bengaluru,Carpenter,Extreme heat,Normal day,2,5,0,1,106
2025-10-08,Hyderabad,Caregiver,Clear,Normal day,2,10,0,0,84
2025-01-13,Delhi,Caregiver,Clear,Normal day,0,1,0,0,71
2023-09-16,Bengaluru,Technician,Extreme heat,Normal day,5,9,1,0,123
2023-10-14,Bengaluru,Painter,Clear,Holiday,5,10,1,0,140
2025-03-25,Delhi,Electrician,Clear,Holiday,1,3,0,0,125
2024-04-02,Bengaluru,Plumber,Clear,Normal day,1,4,0,0,114
2023-08-27,Hyderabad,Domestic Helper,Clear,Normal day,6,8,1,1,101
2024-10-10,Bengaluru,Painter,Clear,Normal day,3,10,0,0,102
2023-01-31,Mumbai,Plumber,Clear,Normal day,1,1,0,1,101
2023-05-19,Mumbai,Caregiver,Clear,Normal day,4,5,0,0,108
2025-12-28,Mumbai,Caregiver,Clear,Normal day,6,12,1,1,102
2023-07-28,Mumbai,Painter,Rain,Normal day,4,7,0,1,123
2024-06-16,Delhi,Technician,Rain,Normal day,6,6,1,0,137
2024-10-03,Mumbai,Domestic Helper,Clear,Normal day,3,10,0,0,88
2024-09-09,Delhi,Technician,Extreme heat,Normal day,0,9,0,0,122
2025-05-29,Hyderabad,Domestic Helper,Clear,Normal day,3,5,0,1,103
2023-08-26,Bengaluru,Carpenter,Rain,Normal day,5,8,1,1,127
2023-04-05,Hyderabad,Carpenter,Clear,Normal day,2,4,0,0,67
2023-02-20,Delhi,Domestic Helper,Clear,Holiday,0,2,0,0,116
2024-11-14,Delhi,Caregiver,Clear,Normal day,3,11,0,0,95
2023-04-25,Hyderabad,Caregiver,Extreme heat,Normal day,1,4,0,0,84
2025-12-22,Hyderabad,Domestic Helper,Clear,Normal day,0,12,0,0,78
2023-07-20,Mumbai,Electrician,Rain,Normal day,3,7,0,0,160
2025-03-10,Mumbai,Painter,Clear,Normal day,0,3,0,0,75
2025-03-23,Hyderabad,Caregiver,Clear,Normal day,6,3,1,0,76
2024-10-25,Delhi,Electrician,Clear,Major event,4,10,0,0,140
2024-10-16,Delhi,Caregiver,Clear,Normal day,2,10,0,0,75
2025-09-29,Hyderabad,Technician,Clear,Normal day,0,9,0,1,66
2024-02-05,Delhi,Painter,Rain,Normal day,0,2,0,0,96
2024-12-10,Bengaluru,Domestic Helper,Extreme heat,Normal day,1,12,0,0,97
2024-06-05,Hyderabad,Carpenter,Rain,Holiday,2,6,0,0,111
2025-09-08,Mumbai,Painter,Extreme heat,Normal day,0,9,0,0,97
2024-03-23,Hyderabad,Plumber,Extreme heat,Normal day,5,3,1,0,133
2025-08-06,Hyderabad,Electrician,Clear,Normal day,2,8,0,0,93
2024-08-20,Mumbai,Plumber,Clear,Normal day,1,8,0,0,128
2023-03-29,Delhi,Painter,Extreme heat,Major event,2,3,0,1,107
2025-11-06,Mumbai,Domestic Helper,Extreme heat,Normal day,3,11,0,0,116
2023-10-13,Hyderabad,Plumber,Extreme heat,Normal day,4,10,0,0,143
2023-12-17,Bengaluru,Electrician,Rain,Normal day,6,12,1,0,127
2025-12-04,Mumbai,Electrician,Clear,Normal day,3,12,0,0,114
2025-05-24,Delhi,Technician,Extreme heat,Normal day,5,5,1,0,149
2023-11-02,Mumbai,Electrician,Clear,Major event,3,11,0,0,137
2025-07-08,Bengaluru,Domestic Helper,Clear,Normal day,1,7,0,0,103
2024-06-02,Bengaluru,Painter,Rain,Normal day,6,6,1,0,101
2025-05-30,Mumbai,Caregiver,Clear,Holiday,4,5,0,1,121
2024-11-01,Delhi,Carpenter,Clear,Normal day,4,11,0,0,81
2023-02-07,Delhi,Electrician,Clear,Normal day,1,2,0,0,100
2024-09-13,Delhi,Caregiver,Clear,Normal day,4,9,0,0,88
2023-12-21,Mumbai,Caregiver,Clear,Normal day,3,12,0,0,88
2023-01-22,Hyderabad,Plumber,Clear,Normal day,6,1,1,0,99
2023-11-11,Mumbai,Electrician,Clear,Holiday,5,11,1,0,145
2024-07-10,Mumbai,Technician,Rain,Normal day,2,7,0,0,126
2025-07-24,Delhi,Technician,Clear,Normal day,3,7,0,0,103
2025-06-09,Mumbai,Technician,Extreme heat,Major event,0,6,0,0,153
2023-08-18,Hyderabad,Caregiver,Clear,Holiday,4,8,0,0,95
2025-05-23,Hyderabad,Technician,Rain,Normal day,4,5,0,0,116
2024-09-17,Bengaluru,Plumber,Clear,Major event,1,9,0,0,111
2025-02-04,Delhi,Carpenter,Clear,Major event,1,2,0,0,101
2023-07-23,Hyderabad,Painter,Clear,Normal day,6,7,1,0,107
2023-03-04,Delhi,Carpenter,Clear,Normal day,5,3,1,0,119
2023-02-26,Bengaluru,Carpenter,Clear,Holiday,6,2,1,1,106
2025-04-13,Delhi,Plumber,Rain,Normal day,6,4,1,0,143
2023-12-15,Bengaluru,Domestic Helper,Clear,Holiday,4,12,0,0,112
2025-01-04,Bengaluru,Carpenter,Clear,Normal day,5,1,1,0,94
2025-04-15,Hyderabad,Electrician,Extreme heat,Normal day,1,4,0,0,101
2023-09-08,Delhi,Technician,Clear,Normal day,4,9,0,0,85
2023-11-24,Mumbai,Caregiver,Clear,Normal day,4,11,0,0,87
2023-04-09,Delhi,Domestic Helper,Extreme heat,Normal day,6,4,1,0,124
2025-07-22,Hyderabad,Caregiver,Clear,Normal day,1,7,0,0,94
2024-07-09,Bengaluru,Caregiver,Rain,Normal day,1,7,0,0,114
2025-04-08,Mumbai,Carpenter,Extreme heat,Normal day,1,4,0,0,108
2025-01-15,Bengaluru,Technician,Clear,Holiday,2,1,0,0,94
2024-11-06,Mumbai,Technician,Clear,Normal day,2,11,0,0,88
2025-06-10,Mumbai,Painter,Clear,Normal day,1,6,0,0,76
2023-12-29,Hyderabad,Electrician,Clear,Normal day,4,12,0,1,107
2024-07-19,Bengaluru,Plumber,Clear,Normal day,4,7,0,0,120
2025-01-04,Bengaluru,Caregiver,Clear,Normal day,5,1,1,0,73
2025-06-03,Bengaluru,Technician,Rain,Normal day,1,6,0,0,135
2023-09-26,Mumbai,Domestic Helper,Extreme heat,Normal day,1,9,0,1,146
2024-11-03,Delhi,Caregiver,Clear,Normal day,6,11,1,0,108
2024-01-06,Bengaluru,Carpenter,Clear,Normal day,5,1,1,0,89
2025-04-13,Hyderabad,Carpenter,Clear,Normal day,6,4,1,0,97
2023-06-30,Bengaluru,Caregiver,Clear,Normal day,4,6,0,1,97
2024-04-02,Bengaluru,Caregiver,Clear,Normal day,1,4,0,0,76
2025-04-23,Mumbai,Painter,Extreme heat,Normal day,2,4,0,0,105
2023-08-02,Bengaluru,Painter,Clear,Normal day,2,8,0,0,74
2024-12-31,Hyderabad,Electrician,Clear,Holiday,1,12,0,1,104
2024-12-14,Mumbai,Plumber,Clear,Normal day,5,12,1,0,149
2025-02-15,Hyderabad,Electrician,Clear,Normal day,5,2,1,0,73
2024-07-11,Hyderabad,Painter,Rain,Holiday,3,7,0,0,123
2025-11-05,Mumbai,Electrician,Clear,Normal day,2,11,0,0,118
2024-07-29,Hyderabad,Electrician,Rain,Normal day,0,7,0,1,107
2025-09-08,Mumbai,Painter,Clear,Normal day,0,9,0,0,79
2024-11-03,Hyderabad,Electrician,Rain,Normal day,6,11,1,0,146
2024-03-27,Mumbai,Domestic Helper,Clear,Normal day,2,3,0,1,102
2025-11-29,Delhi,Technician,Clear,Normal day,5,11,1,1,124
2025-11-14,Hyderabad,Domestic Helper,Clear,Normal day,4,11,0,0,106
2024-06-12,Mumbai,Domestic Helper,Rain,Normal day,2,6,0,0,156
2023-04-15,Bengaluru,Caregiver,Clear,Normal day,5,4,1,0,82
2024-08-05,Delhi,Technician,Clear,Normal day,0,8,0,0,110
2024-06-01,Delhi,Carpenter,Clear,Normal day,5,6,1,0,97
2025-07-14,Hyderabad,Domestic Helper,Rain,Normal day,0,7,0,0,124
2025-05-22,Mumbai,Painter,Extreme heat,Normal day,3,5,0,0,105
2024-08-06,Mumbai,Carpenter,Rain,Normal day,1,8,0,0,102
2023-08-12,Hyderabad,Electrician,Rain,Normal day,5,8,1,0,140
2024-05-25,Delhi,Domestic Helper,Extreme heat,Normal day,5,5,1,0,116
2025-11-22,Delhi,Caregiver,Clear,Normal day,5,11,1,0,91
2023-04-21,Hyderabad,Technician,Extreme heat,Normal day,4,4,0,0,97
2025-05-28,Delhi,Domestic Helper,Extreme heat,Normal day,2,5,0,1,125
2024-04-01,Hyderabad,Carpenter,Clear,Normal day,0,4,0,0,97
2023-05-28,Hyderabad,Painter,Clear,Normal day,6,5,1,1,93
2024-03-22,Delhi,Caregiver,Clear,Normal day,4,3,0,0,79
2024-03-07,Bengaluru,Painter,Clear,Holiday,3,3,0,0,83
2025-08-12,Hyderabad,Painter,Clear,Normal day,1,8,0,0,71
2024-01-31,Delhi,Caregiver,Clear,Normal day,2,1,0,1,88
2025-10-04,Mumbai,Painter,Clear,Holiday,5,10,1,0,121
2024-02-09,Delhi,Carpenter,Clear,Normal day,4,2,0,0,97
2025-04-17,Delhi,Plumber,Extreme heat,Normal day,3,4,0,0,136
2023-03-30,Mumbai,Plumber,Clear,Normal day,3,3,0,1,109
2023-10-11,Hyderabad,Carpenter,Clear,Normal day,2,10,0,0,91
2024-10-04,Delhi,Technician,Clear,Normal day,4,10,0,0,99
2023-11-16,Delhi,Domestic Helper,Clear,Holiday,3,11,0,0,89
2023-09-20,Mumbai,Carpenter,Rain,Holiday,2,9,0,0,139
2025-05-18,Delhi,Electrician,Rain,Normal day,6,5,1,0,138
2024-10-04,Delhi,Carpenter,Clear,Normal day,4,10,0,0,92
2023-03-27,Mumbai,Electrician,Clear,Normal day,0,3,0,1,93
2024-05-30,Bengaluru,Plumber,Clear,Normal day,3,5,0,1,107
2025-01-08,Delhi,Technician,Clear,Normal day,2,1,0,0,86
2023-11-24,Bengaluru,Domestic Helper,Clear,Normal day,4,11,0,0,124
2023-07-10,Mumbai,Painter,Rain,Normal day,0,7,0,0,109
2023-01-30,Hyderabad,Carpenter,Clear,Normal day,0,1,0,1,60
2023-07-31,Mumbai,Plumber,Rain,Normal day,0,7,0,1,131
2024-04-30,Bengaluru,Carpenter,Clear,Normal day,1,4,0,1,75
2024-12-23,Mumbai,Caregiver,Clear,Normal day,0,12,0,0,95
2025-01-27,Delhi,Technician,Rain,Normal day,0,1,0,1,122
2023-04-15,Mumbai,Painter,Clear,Normal day,5,4,1,0,96
2023-01-14,Hyderabad,Painter,Clear,Normal day,5,1,1,0,74
2024-09-30,Mumbai,Plumber,Rain,Normal day,0,9,0,1,140
2024-01-28,Bengaluru,Carpenter,Clear,Normal day,6,1,1,1,81
2023-03-01,Mumbai,Caregiver,Clear,Normal day,2,3,0,0,86
2025-02-11,Mumbai,Painter,Rain,Normal day,1,2,0,0,101
2024-01-12,Mumbai,Plumber,Clear,Normal day,4,1,0,0,99
2024-11-21,Bengaluru,Painter,Clear,Normal day,3,11,0,0,61
2023-03-18,Hyderabad,Caregiver,Rain,Normal day,5,3,1,0,108
2023-05-18,Delhi,Caregiver,Clear,Major event,3,5,0,0,114
2024-02-29,Mumbai,Carpenter,Clear,Major event,3,2,0,1,125
2025-06-12,Hyderabad,Plumber,Rain,Normal day,3,6,0,0,133
2023-06-01,Mumbai,Caregiver,Clear,Normal day,3,6,0,0,114
2024-04-18,Bengaluru,Caregiver,Rain,Normal day,3,4,0,0,96
2025-02-12,Mumbai,Electrician,Clear,Normal day,2,2,0,0,95
2023-02-20,Hyderabad,Electrician,Clear,Normal day,0,2,0,0,85
2023-03-28,Bengaluru,Domestic Helper,Clear,Normal day,1,3,0,1,79
2024-04-22,Hyderabad,Painter,Extreme heat,Normal day,0,4,0,0,85
2023-04-21,Delhi,Carpenter,Extreme heat,Normal day,4,4,0,0,118
2025-06-30,Mumbai,Domestic Helper,Rain,Holiday,0,6,0,1,165
2024-02-01,Mumbai,Plumber,Clear,Normal day,3,2,0,0,105
2023-02-22,Bengaluru,Plumber,Clear,Normal day,2,2,0,0,97
2023-04-19,Delhi,Carpenter,Clear,Normal day,2,4,0,0,90
2025-10-27,Delhi,Plumber,Clear,Normal day,0,10,0,1,105
2025-04-16,Bengaluru,Technician,Rain,Normal day,2,4,0,0,104
2023-02-09,Hyderabad,Technician,Extreme heat,Normal day,3,2,0,0,85
2024-06-10,Delhi,Plumber,Clear,Normal day,0,6,0,0,117
2025-08-11,Delhi,Painter,Rain,Normal day,0,8,0,0,95
2024-06-18,Bengaluru,Painter,Clear,Normal day,1,6,0,0,81
2024-07-12,Hyderabad,Carpenter,Rain,Normal day,4,7,0,0,105
2023-04-19,Hyderabad,Electrician,Clear,Normal day,2,4,0,0,87
2025-10-21,Hyderabad,Plumber,Clear,Holiday,1,10,0,0,102
2025-12-05,Bengaluru,Technician,Clear,Normal day,4,12,0,0,99
2023-10-28,Hyderabad,Caregiver,Clear,Normal day,5,10,1,1,108
2025-02-12,Delhi,Electrician,Clear,Major event,2,2,0,0,118
2024-02-06,Hyderabad,Electrician,Clear,Normal day,1,2,0,0,84
2023-03-10,Delhi,Painter,Clear,Normal day,4,3,0,0,76
2025-11-21,Bengaluru,Technician,Clear,Normal day,4,11,0,0,92
2025-04-02,Hyderabad,Carpenter,Extreme heat,Normal day,2,4,0,0,86
2025-01-23,Bengaluru,Plumber,Clear,Normal day,3,1,0,0,102
2023-09-10,Mumbai,Technician,Rain,Normal day,6,9,1,0,137
2025-01-09,Mumbai,Carpenter,Clear,Normal day,3,1,0,0,80
2025-03-27,Bengaluru,Electrician,Clear,Holiday,3,3,0,1,101
2024-06-19,Bengaluru,Domestic Helper,Clear,Normal day,2,6,0,0,93
2023-08-31,Hyderabad,Electrician,Rain,Normal day,3,8,0,1,136
2025-03-30,Hyderabad,Technician,Rain,Normal day,6,3,1,1,112
2023-03-22,Hyderabad,Painter,Clear,Normal day,2,3,0,0,74
2023-04-23,Hyderabad,Technician,Clear,Normal day,6,4,1,0,91
2024-04-05,Hyderabad,Domestic Helper,Rain,Normal day,4,4,0,0,124
2025-02-15,Hyderabad,Caregiver,Clear,Normal day,5,2,1,0,77
2025-04-24,Bengaluru,Caregiver,Clear,Normal day,3,4,0,0,71
2023-07-07,Bengaluru,Technician,Rain,Major event,4,7,0,0,177
2025-08-18,Bengaluru,Technician,Clear,Normal day,0,8,0,0,114
2025-01-11,Bengaluru,Caregiver,Clear,Normal day,5,1,1,0,83
2023-11-01,Delhi,Caregiver,Clear,Normal day,2,11,0,0,83
2024-04-15,Mumbai,Electrician,Clear,Normal day,0,4,0,0,90
2023-12-19,Hyderabad,Carpenter,Rain,Normal day,1,12,0,0,83
2025-08-27,Delhi,Caregiver,Rain,Normal day,2,8,0,1,101
2024-11-14,Mumbai,Technician,Clear,Normal day,3,11,0,0,96
2025-07-13,Delhi,Carpenter,Rain,Normal day,6,7,1,0,129
2023-11-06,Hyderabad,Caregiver,Clear,Normal day,0,11,0,0,76
2024-06-12,Mumbai,Electrician,Clear,Normal day,2,6,0,0,115
2023-08-20,Delhi,Technician,Rain,Normal day,6,8,1,0,150
2023-03-22,Delhi,Electrician,Rain,Normal day,2,3,0,0,107
2024-05-03,Hyderabad,Technician,Extreme heat,Normal day,4,5,0,0,114
2025-06-28,Hyderabad,Technician,Rain,Normal day,5,6,1,1,138
2025-07-05,Hyderabad,Domestic Helper,Clear,Normal day,5,7,1,0,98
2025-02-10,Bengaluru,Technician,Clear,Normal day,0,2,0,0,77
2023-07-01,Hyderabad,Carpenter,Rain,Holiday,5,7,1,0,140
2025-01-13,Delhi,Domestic Helper,Clear,Normal day,0,1,0,0,90
2023-06-11,Delhi,Carpenter,Rain,Major event,6,6,1,0,191
2023-04-30,Mumbai,Technician,Extreme heat,Normal day,6,4,1,1,114
2023-12-17,Delhi,Caregiver,Clear,Normal day,6,12,1,0,96
2024-06-07,Delhi,Carpenter,Clear,Normal day,4,6,0,0,85
2025-06-13,Mumbai,Plumber,Clear,Normal day,4,6,0,0,108
2024-10-11,Mumbai,Painter,Clear,Holiday,4,10,0,0,99
2023-08-27,Bengaluru,Caregiver,Extreme heat,Normal day,6,8,1,1,119
2025-11-27,Delhi,Technician,Clear,Holiday,3,11,0,1,125
2025-12-30,Delhi,Painter,Clear,Normal day,1,12,0,1,79
2024-10-20,Mumbai,Technician,Clear,Normal day,6,10,1,0,127
2025-04-23,Bengaluru,Domestic Helper,Extreme heat,Holiday,2,4,0,0,118
2025-07-18,Mumbai,Caregiver,Clear,Normal day,4,7,0,0,85
2025-12-25,Bengaluru,Technician,Clear,Holiday,3,12,0,0,98
2025-05-07,Delhi,Plumber,Clear,Normal day,2,5,0,0,107
2025-10-11,Mumbai,Electrician,Clear,Normal day,5,10,1,0,155
2023-12-02,Hyderabad,Technician,Clear,Holiday,5,12,1,0,100
2023-10-16,Bengaluru,Technician,Clear,Normal day,0,10,0,0,91
2024-06-07,Delhi,Painter,Clear,Major event,4,6,0,0,100
2023-12-24,Mumbai,Painter,Extreme heat,Normal day,6,12,1,0,107
2024-05-31,Hyderabad,Technician,Extreme heat,Holiday,4,5,0,1,112
2025-05-30,Bengaluru,Painter,Clear,Normal day,4,5,0,1,78
2023-04-08,Delhi,Carpenter,Extreme heat,Normal day,5,4,1,0,114
2024-01-06,Hyderabad,Painter,Rain,Normal day,5,1,1,0,91
2025-10-28,Hyderabad,Domestic Helper,Extreme heat,Normal day,1,10,0,1,100
2025-08-21,Delhi,Carpenter,Clear,Normal day,3,8,0,0,89
2025-07-14,Delhi,Electrician,Clear,Major event,0,7,0,0,120
2023-10-06,Mumbai,Painter,Extreme heat,Normal day,4,10,0,0,115
2024-11-03,Hyderabad,Plumber,Clear,Normal day,6,11,1,0,136
2023-05-12,Mumbai,Carpenter,Clear,Normal day,4,5,0,0,89
2023-02-25,Bengaluru,Plumber,Clear,Normal day,5,2,1,0,102
2025-12-17,Delhi,Technician,Clear,Normal day,2,12,0,0,94
2025-05-14,Delhi,Painter,Clear,Normal day,2,5,0,0,84
2025-01-07,Hyderabad,Domestic Helper,Clear,Holiday,1,1,0,0,84
2023-09-28,Mumbai,Technician,Rain,Normal day,3,9,0,1,106
2025-08-11,Bengaluru,Caregiver,Clear,Normal day,0,8,0,0,72
2025-11-27,Bengaluru,Technician,Clear,Normal day,3,11,0,1,126
2025-02-14,Bengaluru,Plumber,Clear,Normal day,4,2,0,0,113
2024-09-05,Mumbai,Plumber,Clear,Normal day,3,9,0,0,136
2023-12-27,Hyderabad,Electrician,Clear,Normal day,2,12,0,1,93
2023-11-28,Delhi,Carpenter,Clear,Normal day,1,11,0,1,107
2025-05-06,Mumbai,Technician,Clear,Normal day,1,5,0,0,90
2023-09-24,Bengaluru,Plumber,Rain,Major event,6,9,1,0,196
2024-01-16,Hyderabad,Domestic Helper,Clear,Holiday,1,1,0,0,95
2025-03-20,Hyderabad,Electrician,Clear,Normal day,3,3,0,0,87
2024-12-11,Delhi,Domestic Helper,Clear,Normal day,2,12,0,0,94
2025-06-05,Delhi,Caregiver,Rain,Holiday,3,6,0,0,145
2023-02-28,Mumbai,Caregiver,Rain,Normal day,1,2,0,1,107
2023-12-27,Delhi,Plumber,Clear,Holiday,2,12,0,1,135
2025-12-07,Hyderabad,Painter,Clear,Normal day,6,12,1,0,83
2024-10-09,Delhi,Painter,Clear,Normal day,2,10,0,0,60
2025-12-13,Delhi,Plumber,Clear,Normal day,5,12,1,0,125
2025-12-26,Delhi,Painter,Rain,Normal day,4,12,0,1,94
2023-04-02,Mumbai,Electrician,Extreme heat,Normal day,6,4,1,0,136
2023-12-10,Hyderabad,Electrician,Clear,Normal day,6,12,1,0,97
2023-12-10,Mumbai,Caregiver,Clear,Major event,6,12,1,0,122
2025-06-04,Hyderabad,Domestic Helper,Clear,Normal day,2,6,0,0,91
2025-06-25,Hyderabad,Domestic Helper,Clear,Normal day,2,6,0,0,79
2024-11-23,Mumbai,Painter,Clear,Normal day,5,11,1,0,107
2025-02-14,Bengaluru,Caregiver,Clear,Major event,4,2,0,0,91
2025-09-16,Hyderabad,Domestic Helper,Clear,Normal day,1,9,0,0,94
2023-06-13,Bengaluru,Painter,Clear,Normal day,1,6,0,0,68
2024-03-30,Delhi,Caregiver,Clear,Normal day,5,3,1,1,89
2025-01-24,Hyderabad,Plumber,Clear,Normal day,4,1,0,0,85
2024-01-31,Mumbai,Technician,Clear,Normal day,2,1,0,1,114
2025-10-20,Bengaluru,Electrician,Clear,Normal day,0,10,0,0,102
2025-12-22,Delhi,Caregiver,Clear,Normal day,0,12,0,0,81
2023-09-15,Hyderabad,Plumber,Rain,Normal day,4,9,0,0,125
2023-09-17,Mumbai,Domestic Helper,Clear,Normal day,6,9,1,0,124
2025-07-06,Bengaluru,Carpenter,Rain,Normal day,6,7,1,0,128
2023-03-27,Mumbai,Carpenter,Clear,Normal day,0,3,0,1,94
2025-04-20,Mumbai,Domestic Helper,Extreme heat,Normal day,6,4,1,0,135
2025-07-27,Bengaluru,Carpenter,Clear,Normal day,6,7,1,1,96
2023-05-22,Delhi,Technician,Rain,Normal day,0,5,0,0,90
2024-08-07,Hyderabad,Technician,Rain,Normal day,2,8,0,0,93
2025-03-11,Delhi,Painter,Clear,Normal day,1,3,0,0,86
2024-07-24,Delhi,Caregiver,Rain,Normal day,2,7,0,0,101
2024-04-12,Mumbai,Plumber,Extreme heat,Normal day,4,4,0,0,139
2023-05-25,Mumbai,Carpenter,Clear,Normal day,3,5,0,0,102
2025-12-30,Hyderabad,Caregiver,Clear,Major event,1,12,0,1,103
2025-05-16,Mumbai,Plumber,Extreme heat,Normal day,4,5,0,0,135
2024-10-02,Delhi,Plumber,Clear,Major event,2,10,0,0,155
2025-04-24,Bengaluru,Caregiver,Rain,Normal day,3,4,0,0,111
2023-05-02,Bengaluru,Plumber,Extreme heat,Holiday,1,5,0,0,139
2024-05-16,Bengaluru,Caregiver,Clear,Normal day,3,5,0,0,70
2025-10-30,Hyderabad,Electrician,Rain,Normal day,3,10,0,1,107
2024-04-03,Mumbai,Carpenter,Clear,Normal day,2,4,0,0,112
2024-10-18,Bengaluru,Electrician,Clear,Major event,4,10,0,0,124
2023-08-28,Delhi,Technician,Clear,Normal day,0,8,0,1,111
2024-02-09,Delhi,Painter,Clear,Normal day,4,2,0,0,74
2025-07-10,Hyderabad,Plumber,Rain,Normal day,3,7,0,0,140
2024-10-14,Hyderabad,Carpenter,Clear,Normal day,0,10,0,0,99
2025-01-23,Hyderabad,Caregiver,Rain,Normal day,3,1,0,0,107
2024-08-28,Delhi,Painter,Clear,Normal day,2,8,0,1,87
2025-01-29,Delhi,Electrician,Rain,Normal day,2,1,0,1,134
2024-05-06,Hyderabad,Plumber,Rain,Normal day,0,5,0,0,112
2025-06-26,Bengaluru,Carpenter,Rain,Normal day,3,6,0,1,120
2024-08-09,Bengaluru,Domestic Helper,Clear,Normal day,4,8,0,0,108
2023-11-25,Delhi,Plumber,Clear,Normal day,5,11,1,0,142
2025-01-21,Mumbai,Technician,Rain,Normal day,1,1,0,0,115
2025-12-20,Mumbai,Technician,Clear,Normal day,5,12,1,0,104
2024-10-03,Bengaluru,Technician,Clear,Normal day,3,10,0,0,106
2024-01-14,Bengaluru,Carpenter,Clear,Normal day,6,1,1,0,92
2024-08-27,Delhi,Carpenter,Clear,Normal day,1,8,0,1,105
2023-03-24,Mumbai,Painter,Clear,Normal day,4,3,0,0,91
2024-06-20,Hyderabad,Plumber,Clear,Normal day,3,6,0,0,97
2023-10-17,Delhi,Electrician,Clear,Normal day,1,10,0,0,80
2024-05-10,Mumbai,Caregiver,Extreme heat,Normal day,4,5,0,0,96
2024-08-05,Delhi,Electrician,Rain,Holiday,0,8,0,0,147
2024-02-15,Hyderabad,Plumber,Clear,Normal day,3,2,0,0,95
2023-02-15,Delhi,Electrician,Clear,Normal day,2,2,0,0,84
2023-03-21,Delhi,Caregiver,Clear,Normal day,1,3,0,0,69
2025-09-06,Delhi,Domestic Helper,Rain,Normal day,5,9,1,0,131
2024-08-01,Hyderabad,Domestic Helper,Rain,Holiday,3,8,0,0,138
2024-04-29,Mumbai,Carpenter,Clear,Major event,0,4,0,1,113
2023-06-28,Bengaluru,Plumber,Rain,Normal day,2,6,0,1,138
2024-04-22,Delhi,Technician,Clear,Normal day,0,4,0,0,92
2023-05-21,Mumbai,Plumber,Extreme heat,Normal day,6,5,1,0,143
2025-06-04,Mumbai,Painter,Clear,Normal day,2,6,0,0,98
2024-01-16,Hyderabad,Plumber,Clear,Holiday,1,1,0,0,105
2023-08-27,Mumbai,Electrician,Rain,Normal day,6,8,1,1,176
2024-02-22,Bengaluru,Plumber,Clear,Normal day,3,2,0,0,98
2024-09-17,Bengaluru,Plumber,Rain,Normal day,1,9,0,0,122
2023-04-14,Bengaluru,Domestic Helper,Clear,Normal day,4,4,0,0,97
2025-01-08,Mumbai,Plumber,Clear,Normal day,2,1,0,0,111
2023-03-15,Mumbai,Electrician,Clear,Normal day,2,3,0,0,112
2025-03-14,Mumbai,Electrician,Clear,Normal day,4,3,0,0,127
2025-06-01,Hyderabad,Painter,Clear,Normal day,6,6,1,0,96
2023-05-22,Hyderabad,Electrician,Clear,Normal day,0,5,0,0,105
2023-07-08,Bengaluru,Domestic Helper,Rain,Normal day,5,7,1,0,144
2023-03-15,Delhi,Technician,Rain,Normal day,2,3,0,0,98
2024-02-26,Mumbai,Electrician,Clear,Normal day,0,2,0,1,102
2024-07-11,Delhi,Domestic Helper,Clear,Major event,3,7,0,0,133
2025-10-06,Bengaluru,Carpenter,Rain,Normal day,0,10,0,0,109
2025-03-11,Delhi,Electrician,Clear,Normal day,1,3,0,0,120
2024-12-11,Mumbai,Carpenter,Clear,Normal day,2,12,0,0,90
2023-11-08,Mumbai,Electrician,Clear,Normal day,2,11,0,0,96
2024-03-03,Bengaluru,Painter,Clear,Normal day,6,3,1,0,84
2025-10-15,Bengaluru,Electrician,Clear,Normal day,2,10,0,0,87
2023-04-23,Delhi,Technician,Extreme heat,Normal day,6,4,1,0,134
2023-03-05,Mumbai,Technician,Rain,Normal day,6,3,1,0,119
2024-02-26,Bengaluru,Painter,Clear,Normal day,0,2,0,1,60
2023-01-28,Delhi,Domestic Helper,Clear,Normal day,5,1,1,1,89
2025-03-23,Hyderabad,Caregiver,Clear,Normal day,6,3,1,0,88
2023-10-08,Mumbai,Plumber,Clear,Holiday,6,10,1,0,168
2025-10-06,Bengaluru,Caregiver,Clear,Normal day,0,10,0,0,69
2023-01-19,Bengaluru,Domestic Helper,Clear,Normal day,3,1,0,0,104
2024-07-15,Bengaluru,Domestic Helper,Clear,Normal day,0,7,0,0,102
2024-03-18,Delhi,Plumber,Clear,Normal day,0,3,0,0,96
2025-04-11,Delhi,Domestic Helper,Extreme heat,Normal day,4,4,0,0,109
2025-12-13,Mumbai,Domestic Helper,Rain,Holiday,5,12,1,0,162
2025-08-16,Delhi,Domestic Helper,Rain,Normal day,5,8,1,0,147
2025-10-06,Mumbai,Plumber,Clear,Normal day,0,10,0,0,106
2023-10-17,Delhi,Domestic Helper,Rain,Normal day,1,10,0,0,112
2024-12-30,Delhi,Technician,Clear,Normal day,0,12,0,1,104
2023-08-23,Hyderabad,Technician,Clear,Normal day,2,8,0,0,99
2024-09-28,Mumbai,Technician,Rain,Normal day,5,9,1,1,141
2024-02-27,Hyderabad,Plumber,Clear,Normal day,1,2,0,1,84
2024-01-30,Mumbai,Plumber,Clear,Major event,1,1,0,1,137
2024-04-27,Hyderabad,Carpenter,Clear,Normal day,5,4,1,1,87
2025-04-26,Hyderabad,Technician,Clear,Normal day,5,4,1,1,111
2025-09-09,Delhi,Electrician,Clear,Normal day,1,9,0,0,107
2023-06-30,Mumbai,Electrician,Clear,Holiday,4,6,0,1,151
2024-11-12,Delhi,Plumber,Clear,Normal day,1,11,0,0,115
2023-03-18,Bengaluru,Carpenter,Clear,Normal day,5,3,1,0,95
2025-11-16,Bengaluru,Electrician,Clear,Normal day,6,11,1,0,108
2023-06-12,Delhi,Painter,Clear,Normal day,0,6,0,0,82
2024-09-30,Mumbai,Caregiver,Clear,Holiday,0,9,0,1,92
2025-04-28,Hyderabad,Electrician,Clear,Normal day,0,4,0,1,116
2023-03-05,Mumbai,Painter,Clear,Normal day,6,3,1,0,91
2023-12-07,Hyderabad,Caregiver,Clear,Normal day,3,12,0,0,64
2024-11-30,Delhi,Caregiver,Clear,Normal day,5,11,1,1,78
2024-12-19,Delhi,Plumber,Clear,Normal day,3,12,0,0,128
2024-05-20,Hyderabad,Domestic Helper,Extreme heat,Normal day,0,5,0,0,99
2024-04-19,Hyderabad,Painter,Clear,Normal day,4,4,0,0,84
2023-02-25,Mumbai,Carpenter,Rain,Normal day,5,2,1,0,148
2024-10-06,Delhi,Carpenter,Clear,Normal day,6,10,1,0,104
2025-04-20,Hyderabad,Electrician,Clear,Normal day,6,4,1,0,97
2023-06-26,Bengaluru,Domestic Helper,Extreme heat,Normal day,0,6,0,1,95
2023-10-09,Mumbai,Painter,Clear,Normal day,0,10,0,0,89
2025-12-06,Hyderabad,Technician,Clear,Normal day,5,12,1,0,93
2023-09-15,Bengaluru,Caregiver,Rain,Normal day,4,9,0,0,101
2025-06-30,Mumbai,Painter,Rain,Normal day,0,6,0,1,105
2025-01-22,Bengaluru,Domestic Helper,Clear,Normal day,2,1,0,0,86
2025-07-12,Bengaluru,Technician,Rain,Normal day,5,7,1,0,136
2023-06-24,Hyderabad,Caregiver,Rain,Normal day,5,6,1,0,99
2023-08-21,Bengaluru,Plumber,Clear,Normal day,0,8,0,0,115
2024-06-15,Bengaluru,Plumber,Clear,Normal day,5,6,1,0,109
2024-05-30,Delhi,Plumber,Extreme heat,Normal day,3,5,0,1,135
2025-08-07,Bengaluru,Electrician,Rain,Holiday,3,8,0,0,145
2025-09-24,Delhi,Caregiver,Rain,Normal day,2,9,0,0,95
2023-09-12,Delhi,Technician,Clear,Normal day,1,9,0,0,79
2024-06-06,Delhi,Domestic Helper,Rain,Normal day,3,6,0,0,122
2024-11-05,Delhi,Plumber,Clear,Normal day,1,11,0,0,120
2025-09-01,Delhi,Technician,Clear,Normal day,0,9,0,0,103
2023-12-12,Bengaluru,Electrician,Clear,Normal day,1,12,0,0,82
2023-05-17,Hyderabad,Plumber,Clear,Normal day,2,5,0,0,87
2024-08-05,Delhi,Domestic Helper,Clear,Normal day,0,8,0,0,108
2023-08-29,Hyderabad,Caregiver,Clear,Normal day,1,8,0,1,102
2023-11-29,Hyderabad,Carpenter,Rain,Normal day,2,11,0,1,108
2025-09-23,Bengaluru,Caregiver,Extreme heat,Normal day,1,9,0,0,109
2023-04-19,Bengaluru,Painter,Clear,Normal day,2,4,0,0,70
2023-07-31,Mumbai,Caregiver,Rain,Normal day,0,7,0,1,129
2024-11-22,Hyderabad,Painter,Extreme heat,Normal day,4,11,0,0,83
2024-05-05,Bengaluru,Technician,Clear,Normal day,6,5,1,0,108
2024-09-09,Delhi,Electrician,Rain,Normal day,0,9,0,0,113
2023-12-22,Mumbai,Carpenter,Clear,Normal day,4,12,0,0,89
2024-02-18,Mumbai,Painter,Clear,Normal day,6,2,1,0,83
2025-08-24,Delhi,Technician,Clear,Normal day,6,8,1,0,102
2023-09-13,Mumbai,Electrician,Rain,Normal day,2,9,0,0,141
2024-10-29,Hyderabad,Carpenter,Clear,Normal day,1,10,0,1,84
2025-08-25,Bengaluru,Technician,Clear,Normal day,0,8,0,0,89
2023-09-24,Bengaluru,Technician,Rain,Normal day,6,9,1,0,135
2025-08-17,Bengaluru,Caregiver,Rain,Normal day,6,8,1,0,114
2024-07-22,Bengaluru,Caregiver,Rain,Normal day,0,7,0,0,101
2023-09-05,Bengaluru,Painter,Clear,Normal day,1,9,0,0,71
2025-04-01,Delhi,Carpenter,Clear,Normal day,1,4,0,0,91
2023-07-31,Mumbai,Electrician,Rain,Normal day,0,7,0,1,142
2024-09-13,Mumbai,Caregiver,Rain,Normal day,4,9,0,0,123
2025-09-29,Mumbai,Caregiver,Rain,Normal day,0,9,0,1,132
2024-11-20,Mumbai,Plumber,Clear,Normal day,2,11,0,0,105
2025-09-15,Delhi,Domestic Helper,Rain,Normal day,0,9,0,0,107
2025-10-11,Hyderabad,Electrician,Clear,Normal day,5,10,1,0,112
2023-09-05,Mumbai,Carpenter,Clear,Normal day,1,9,0,0,102
2023-07-14,Mumbai,Electrician,Rain,Normal day,4,7,0,0,165
2023-03-05,Mumbai,Technician,Clear,Normal day,6,3,1,0,107
2023-05-04,Hyderabad,Caregiver,Clear,Normal day,3,5,0,0,99
2023-10-31,Hyderabad,Carpenter,Rain,Normal day,1,10,0,1,104
2024-03-16,Delhi,Painter,Clear,Normal day,5,3,1,0,85
2025-12-20,Mumbai,Electrician,Clear,Major event,5,12,1,0,156
2023-01-29,Mumbai,Caregiver,Extreme heat,Normal day,6,1,1,1,105
2023-02-13,Hyderabad,Electrician,Clear,Normal day,0,2,0,0,59
2023-05-05,Hyderabad,Caregiver,Extreme heat,Normal day,4,5,0,0,95
2024-04-05,Mumbai,Electrician,Clear,Normal day,4,4,0,0,117
2023-03-13,Mumbai,Carpenter,Clear,Normal day,0,3,0,0,90
2025-06-10,Hyderabad,Caregiver,Clear,Normal day,1,6,0,0,71
2025-04-18,Mumbai,Domestic Helper,Clear,Holiday,4,4,0,0,115
2025-08-30,Delhi,Caregiver,Rain,Normal day,5,8,1,1,140
2025-03-19,Delhi,Painter,Clear,Normal day,2,3,0,0,87
2025-01-08,Delhi,Electrician,Clear,Normal day,2,1,0,0,86
2025-10-25,Bengaluru,Painter,Extreme heat,Normal day,5,10,1,0,91
2025-09-03,Delhi,Electrician,Rain,Normal day,2,9,0,0,127
2024-02-01,Delhi,Carpenter,Clear,Normal day,3,2,0,0,72
2023-05-05,Mumbai,Painter,Extreme heat,Normal day,4,5,0,0,110
2024-04-07,Bengaluru,Plumber,Clear,Normal day,6,4,1,0,87
2024-06-07,Delhi,Plumber,Extreme heat,Normal day,4,6,0,0,129
2025-06-26,Mumbai,Plumber,Clear,Normal day,3,6,0,1,141
2023-03-09,Hyderabad,Technician,Clear,Normal day,3,3,0,0,87
2023-03-22,Hyderabad,Plumber,Clear,Normal day,2,3,0,0,80
2024-12-03,Mumbai,Caregiver,Clear,Normal day,1,12,0,0,81
2025-09-07,Delhi,Electrician,Clear,Normal day,6,9,1,0,104
2024-02-14,Hyderabad,Technician,Clear,Normal day,2,2,0,0,76
2023-02-20,Bengaluru,Caregiver,Clear,Normal day,0,2,0,0,72
2024-03-05,Hyderabad,Caregiver,Rain,Normal day,1,3,0,0,84
2024-03-03,Mumbai,Plumber,Clear,Normal day,6,3,1,0,128
2024-06-12,Mumbai,Plumber,Rain,Normal day,2,6,0,0,140
2025-03-30,Mumbai,Technician,Rain,Normal day,6,3,1,1,141
2025-08-11,Mumbai,Technician,Rain,Normal day,0,8,0,0,86
2025-10-15,Mumbai,Plumber,Clear,Normal day,2,10,0,0,148
2023-07-28,Bengaluru,Plumber,Rain,Normal day,4,7,0,1,149
2023-04-19,Bengaluru,Domestic Helper,Extreme heat,Normal day,2,4,0,0,101
2024-03-01,Delhi,Electrician,Clear,Normal day,4,3,0,0,120
2024-07-01,Mumbai,Plumber,Clear,Normal day,0,7,0,0,120
2023-09-11,Mumbai,Domestic Helper,Clear,Normal day,0,9,0,0,99
2023-06-18,Mumbai,Carpenter,Rain,Normal day,6,6,1,0,126
2023-01-26,Delhi,Painter,Clear,Holiday,3,1,0,1,109
2025-12-08,Delhi,Technician,Rain,Normal day,0,12,0,0,102
2025-09-04,Hyderabad,Domestic Helper,Rain,Normal day,3,9,0,0,127
2025-03-01,Delhi,Carpenter,Clear,Normal day,5,3,1,0,96
2024-09-11,Mumbai,Electrician,Clear,Normal day,2,9,0,0,119
2024-03-31,Hyderabad,Domestic Helper,Clear,Normal day,6,3,1,1,99
2023-03-03,Delhi,Plumber,Clear,Normal day,4,3,0,0,120
2025-07-11,Mumbai,Caregiver,Extreme heat,Normal day,4,7,0,0,136
2025-05-27,Delhi,Domestic Helper,Clear,Normal day,1,5,0,1,108
2023-09-29,Mumbai,Caregiver,Rain,Major event,4,9,0,1,173
2025-07-24,Hyderabad,Caregiver,Rain,Normal day,3,7,0,0,108
2024-03-08,Bengaluru,Caregiver,Clear,Normal day,4,3,0,0,101
2023-07-13,Delhi,Technician,Rain,Normal day,3,7,0,0,142
2024-12-08,Delhi,Technician,Clear,Normal day,6,12,1,0,96
2023-03-03,Mumbai,Carpenter,Clear,Normal day,4,3,0,0,88
2025-12-09,Hyderabad,Caregiver,Clear,Major event,1,12,0,0,115
2025-07-26,Mumbai,Carpenter,Rain,Normal day,5,7,1,1,159
2024-09-01,Hyderabad,Plumber,Clear,Normal day,6,9,1,0,90
2023-07-02,Bengaluru,Plumber,Rain,Normal day,6,7,1,0,167
2023-10-28,Hyderabad,Painter,Clear,Holiday,5,10,1,1,117
2024-12-22,Hyderabad,Plumber,Rain,Normal day,6,12,1,0,147
2024-02-26,Hyderabad,Plumber,Clear,Normal day,0,2,0,1,95
2024-11-20,Delhi,Electrician,Clear,Normal day,2,11,0,0,117
2024-10-18,Delhi,Painter,Clear,Normal day,4,10,0,0,111
2025-01-23,Mumbai,Electrician,Clear,Normal day,3,1,0,0,114
2024-03-20,Bengaluru,Electrician,Clear,Normal day,2,3,0,0,74
2023-02-02,Mumbai,Caregiver,Clear,Normal day,3,2,0,0,74
2024-02-22,Hyderabad,Caregiver,Clear,Normal day,3,2,0,0,68
2023-12-10,Delhi,Caregiver,Clear,Normal day,6,12,1,0,79
2024-02-24,Mumbai,Plumber,Rain,Normal day,5,2,1,0,129
2025-10-31,Hyderabad,Carpenter,Clear,Normal day,4,10,0,1,98
2023-05-14,Hyderabad,Caregiver,Clear,Normal day,6,5,1,0,79
2023-09-11,Bengaluru,Domestic Helper,Clear,Normal day,0,9,0,0,96
2025-06-01,Hyderabad,Caregiver,Extreme heat,Major event,6,6,1,0,132
2025-06-24,Mumbai,Technician,Rain,Normal day,1,6,0,0,117
2024-09-15,Hyderabad,Technician,Rain,Normal day,6,9,1,0,107
2024-02-09,Hyderabad,Domestic Helper,Clear,Normal day,4,2,0,0,76
2024-07-26,Bengaluru,Painter,Extreme heat,Normal day,4,7,0,1,107
2023-02-17,Mumbai,Painter,Clear,Normal day,4,2,0,0,93
2025-01-19,Bengaluru,Electrician,Clear,Normal day,6,1,1,0,93
2024-05-20,Delhi,Painter,Clear,Normal day,0,5,0,0,92
2024-09-06,Delhi,Painter,Rain,Normal day,4,9,0,0,88
2024-04-23,Hyderabad,Technician,Clear,Holiday,1,4,0,0,85
2024-10-28,Mumbai,Domestic Helper,Rain,Major event,0,10,0,1,195
2024-11-10,Hyderabad,Painter,Clear,Normal day,6,11,1,0,98
2024-01-27,Hyderabad,Domestic Helper,Clear,Normal day,5,1,1,1,97
2025-07-09,Hyderabad,Electrician,Rain,Normal day,2,7,0,0,127
2025-10-26,Mumbai,Painter,Clear,Normal day,6,10,1,1,87
2024-12-27,Bengaluru,Domestic Helper,Clear,Normal day,4,12,0,1,103
2024-03-14,Bengaluru,Painter,Clear,Normal day,3,3,0,0,85
2023-11-03,Mumbai,Electrician,Clear,Normal day,4,11,0,0,103
2025-03-09,Delhi,Painter,Clear,Normal day,6,3,1,0,94
2023-12-05,Delhi,Plumber,Clear,Normal day,1,12,0,0,98
2025-01-03,Delhi,Domestic Helper,Clear,Normal day,4,1,0,0,112
2023-08-18,Mumbai,Technician,Clear,Normal day,4,8,0,0,115
2023-03-07,Mumbai,Domestic Helper,Clear,Major event,1,3,0,0,121
2023-04-03,Mumbai,Carpenter,Extreme heat,Normal day,0,4,0,0,81
2024-08-18,Hyderabad,Painter,Clear,Normal day,6,8,1,0,81
2023-05-01,Mumbai,Painter,Clear,Normal day,0,5,0,0,82
2025-07-30,Hyderabad,Caregiver,Rain,Normal day,2,7,0,1,107
2023-06-17,Hyderabad,Electrician,Clear,Normal day,5,6,1,0,117
2024-11-23,Bengaluru,Technician,Clear,Normal day,5,11,1,0,98
2025-04-09,Delhi,Carpenter,Rain,Normal day,2,4,0,0,93
2025-10-26,Bengaluru,Caregiver,Clear,Normal day,6,10,1,1,85
2023-03-28,Delhi,Electrician,Clear,Normal day,1,3,0,1,131
2024-03-16,Mumbai,Carpenter,Clear,Normal day,5,3,1,0,111
2025-04-01,Bengaluru,Electrician,Extreme heat,Normal day,1,4,0,0,106
2024-10-08,Bengaluru,Technician,Rain,Holiday,1,10,0,0,127
2024-11-24,Hyderabad,Plumber,Clear,Major event,6,11,1,0,141
2023-03-05,Bengaluru,Plumber,Rain,Normal day,6,3,1,0,145
2025-08-11,Bengaluru,Domestic Helper,Clear,Normal day,0,8,0,0,105
2023-04-23,Hyderabad,Caregiver,Extreme heat,Normal day,6,4,1,0,90
2024-08-27,Bengaluru,Plumber,Rain,Normal day,1,8,0,1,129
2025-02-04,Bengaluru,Carpenter,Clear,Normal day,1,2,0,0,91
2024-03-31,Hyderabad,Domestic Helper,Clear,Normal day,6,3,1,1,96
2025-10-05,Bengaluru,Painter,Clear,Major event,6,10,1,0,91
2024-09-29,Mumbai,Domestic Helper,Rain,Normal day,6,9,1,1,139
2025-01-18,Bengaluru,Painter,Rain,Normal day,5,1,1,0,99
2025-05-15,Bengaluru,Plumber,Extreme heat,Normal day,3,5,0,0,111
2023-10-15,Bengaluru,Technician,Clear,Normal day,6,10,1,0,85
2023-12-01,Mumbai,Electrician,Clear,Normal day,4,12,0,0,127
2024-06-27,Bengaluru,Caregiver,Clear,Normal day,3,6,0,1,95
2024-03-12,Hyderabad,Technician,Clear,Normal day,1,3,0,0,89
2025-08-22,Hyderabad,Carpenter,Rain,Normal day,4,8,0,0,104
2023-11-13,Hyderabad,Carpenter,Clear,Normal day,0,11,0,0,70
2023-08-06,Bengaluru,Caregiver,Rain,Normal day,6,8,1,0,105
2024-01-07,Hyderabad,Technician,Extreme heat,Holiday,6,1,1,0,122
2023-03-09,Mumbai,Electrician,Extreme heat,Normal day,3,3,0,0,114
2025-01-28,Bengaluru,Painter,Clear,Normal day,1,1,0,1,78
2023-12-11,Bengaluru,Electrician,Clear,Holiday,0,12,0,0,98
2023-05-10,Bengaluru,Electrician,Extreme heat,Normal day,2,5,0,0,95
2024-04-16,Mumbai,Plumber,Clear,Normal day,1,4,0,0,120
2025-11-06,Hyderabad,Domestic Helper,Clear,Holiday,3,11,0,0,99
2025-05-28,Mumbai,Plumber,Clear,Normal day,2,5,0,1,135
2024-11-29,Hyderabad,Domestic Helper,Clear,Normal day,4,11,0,1,88
2023-08-04,Bengaluru,Domestic Helper,Rain,Normal day,4,8,0,0,139
2025-04-08,Bengaluru,Carpenter,Clear,Normal day,1,4,0,0,90
2023-07-02,Bengaluru,Plumber,Rain,Normal day,6,7,1,0,153
2025-05-14,Bengaluru,Domestic Helper,Clear,Normal day,2,5,0,0,82
2023-07-31,Bengaluru,Carpenter,Clear,Normal day,0,7,0,1,90
2025-04-13,Bengaluru,Domestic Helper,Extreme heat,Normal day,6,4,1,0,115
2025-10-20,Bengaluru,Carpenter,Clear,Normal day,0,10,0,0,75
2024-04-28,Delhi,Painter,Rain,Normal day,6,4,1,1,111
2024-12-22,Bengaluru,Technician,Clear,Normal day,6,12,1,0,102
2024-11-11,Bengaluru,Painter,Clear,Normal day,0,11,0,0,74
2025-07-24,Delhi,Carpenter,Clear,Normal day,3,7,0,0,107
2024-03-27,Delhi,Domestic Helper,Clear,Normal day,2,3,0,1,92
2023-10-18,Delhi,Electrician,Clear,Normal day,2,10,0,0,99
2023-02-02,Delhi,Domestic Helper,Clear,Normal day,3,2,0,0,95
2025-06-26,Hyderabad,Plumber,Clear,Normal day,3,6,0,1,101
2025-12-28,Delhi,Painter,Clear,Normal day,6,12,1,1,99
2023-06-25,Delhi,Plumber,Clear,Normal day,6,6,1,0,130
2024-08-08,Hyderabad,Plumber,Rain,Normal day,3,8,0,0,121
2023-09-10,Hyderabad,Carpenter,Rain,Normal day,6,9,1,0,107
2025-11-28,Delhi,Domestic Helper,Rain,Holiday,4,11,0,1,144
2025-03-04,Mumbai,Domestic Helper,Clear,Normal day,1,3,0,0,86
2023-06-23,Bengaluru,Technician,Clear,Normal day,4,6,0,0,99
2025-03-28,Hyderabad,Electrician,Clear,Normal day,4,3,0,1,93
2025-12-05,Mumbai,Carpenter,Clear,Normal day,4,12,0,0,98
2025-04-25,Hyderabad,Caregiver,Clear,Normal day,4,4,0,0,86
2025-02-14,Mumbai,Technician,Clear,Normal day,4,2,0,0,89
2024-08-27,Bengaluru,Plumber,Clear,Normal day,1,8,0,1,109
2025-10-15,Mumbai,Plumber,Clear,Normal day,2,10,0,0,120
2024-10-22,Mumbai,Carpenter,Clear,Normal day,1,10,0,0,91
2023-11-07,Delhi,Technician,Clear,Normal day,1,11,0,0,89
2023-01-02,Delhi,Caregiver,Clear,Normal day,0,1,0,0,81
2024-09-24,Hyderabad,Electrician,Rain,Holiday,1,9,0,0,114
2023-04-26,Delhi,Technician,Clear,Normal day,2,4,0,1,84
2024-04-11,Delhi,Plumber,Extreme heat,Normal day,3,4,0,0,131
2023-09-01,Delhi,Carpenter,Rain,Major event,4,9,0,0,184
2024-04-15,Delhi,Caregiver,Clear,Normal day,0,4,0,0,92
2023-09-11,Bengaluru,Domestic Helper,Clear,Normal day,0,9,0,0,90
2024-07-08,Delhi,Caregiver,Clear,Holiday,0,7,0,0,102
2024-07-21,Bengaluru,Carpenter,Rain,Normal day,6,7,1,0,131
2025-09-21,Mumbai,Carpenter,Rain,Normal day,6,9,1,0,126
2024-02-08,Hyderabad,Technician,Clear,Normal day,3,2,0,0,75
2023-11-06,Delhi,Electrician,Clear,Holiday,0,11,0,0,134
2023-08-24,Hyderabad,Domestic Helper,Clear,Holiday,3,8,0,0,109
2025-10-04,Bengaluru,Domestic Helper,Clear,Major event,5,10,1,0,153
2023-03-29,Hyderabad,Plumber,Rain,Normal day,2,3,0,1,133
2025-04-16,Delhi,Painter,Clear,Normal day,2,4,0,0,85
2025-06-10,Mumbai,Caregiver,Clear,Normal day,1,6,0,0,77
2025-07-13,Delhi,Technician,Rain,Normal day,6,7,1,0,139
2023-09-19,Hyderabad,Plumber,Rain,Normal day,1,9,0,0,127
2025-12-06,Mumbai,Plumber,Clear,Normal day,5,12,1,0,124
2023-11-02,Delhi,Carpenter,Clear,Holiday,3,11,0,0,123
2024-10-21,Mumbai,Carpenter,Clear,Normal day,0,10,0,0,99
2025-12-14,Mumbai,Domestic Helper,Clear,Holiday,6,12,1,0,117
2024-05-26,Delhi,Carpenter,Clear,Normal day,6,5,1,1,112
2025-12-15,Mumbai,Domestic Helper,Extreme heat,Holiday,0,12,0,0,126
2024-06-20,Hyderabad,Painter,Rain,Normal day,3,6,0,0,71
2025-02-14,Bengaluru,Domestic Helper,Clear,Normal day,4,2,0,0,100
2025-10-11,Delhi,Carpenter,Clear,Normal day,5,10,1,0,118
2025-07-03,Bengaluru,Caregiver,Rain,Holiday,3,7,0,0,103
2025-08-25,Delhi,Plumber,Clear,Normal day,0,8,0,0,97
2024-03-16,Hyderabad,Domestic Helper,Clear,Normal day,5,3,1,0,96
2025-01-30,Mumbai,Painter,Clear,Normal day,3,1,0,1,83
2023-03-12,Hyderabad,Technician,Clear,Normal day,6,3,1,0,98
2023-06-18,Delhi,Technician,Extreme heat,Normal day,6,6,1,0,124
2023-09-07,Bengaluru,Technician,Clear,Normal day,3,9,0,0,78
2024-08-09,Delhi,Plumber,Rain,Normal day,4,8,0,0,148
2025-02-21,Delhi,Carpenter,Clear,Normal day,4,2,0,0,89
2024-02-24,Mumbai,Electrician,Clear,Normal day,5,2,1,0,124
2025-09-07,Bengaluru,Technician,Clear,Normal day,6,9,1,0,94
2024-04-09,Mumbai,Technician,Clear,Normal day,1,4,0,0,85
2025-07-12,Mumbai,Domestic Helper,Clear,Normal day,5,7,1,0,139
2023-02-28,Bengaluru,Electrician,Clear,Normal day,1,2,0,1,100
2024-09-11,Mumbai,Carpenter,Clear,Normal day,2,9,0,0,91
2025-01-16,Delhi,Technician,Clear,Normal day,3,1,0,0,98
2023-05-21,Bengaluru,Technician,Extreme heat,Normal day,6,5,1,0,116
2023-04-20,Mumbai,Electrician,Clear,Normal day,3,4,0,0,113
2025-10-19,Delhi,Plumber,Clear,Normal day,6,10,1,0,124
2024-03-25,Mumbai,Painter,Rain,Normal day,0,3,0,0,103
2023-04-03,Mumbai,Plumber,Clear,Normal day,0,4,0,0,110
2024-04-14,Delhi,Carpenter,Rain,Normal day,6,4,1,0,143
2025-06-18,Bengaluru,Carpenter,Rain,Normal day,2,6,0,0,104
2024-10-01,Mumbai,Technician,Clear,Normal day,1,10,0,0,105
2025-07-30,Hyderabad,Caregiver,Rain,Normal day,2,7,0,1,91
2025-07-29,Bengaluru,Plumber,Clear,Normal day,1,7,0,1,118
2024-12-24,Hyderabad,Electrician,Clear,Normal day,1,12,0,0,88
2025-02-12,Mumbai,Plumber,Rain,Normal day,2,2,0,0,114
2023-11-13,Bengaluru,Technician,Extreme heat,Normal day,0,11,0,0,96
2023-09-18,Bengaluru,Domestic Helper,Rain,Normal day,0,9,0,0,102
2025-10-28,Hyderabad,Technician,Extreme heat,Holiday,1,10,0,1,115
2024-06-19,Hyderabad,Plumber,Clear,Normal day,2,6,0,0,84
2024-03-17,Mumbai,Plumber,Rain,Normal day,6,3,1,0,149
2025-01-07,Hyderabad,Domestic Helper,Clear,Normal day,1,1,0,0,86
2025-04-03,Hyderabad,Caregiver,Extreme heat,Major event,3,4,0,0,107
2024-07-13,Delhi,Plumber,Clear,Normal day,5,7,1,0,137
2024-06-25,Mumbai,Carpenter,Rain,Normal day,1,6,0,0,119
2023-07-07,Bengaluru,Domestic Helper,Rain,Normal day,4,7,0,0,135
2025-06-05,Delhi,Electrician,Clear,Normal day,3,6,0,0,99
2023-08-31,Bengaluru,Technician,Clear,Normal day,3,8,0,1,92
2023-06-30,Hyderabad,Technician,Rain,Normal day,4,6,0,1,127
2024-04-06,Hyderabad,Carpenter,Extreme heat,Normal day,5,4,1,0,103
2023-06-20,Hyderabad,Caregiver,Clear,Normal day,1,6,0,0,74
2025-01-10,Delhi,Domestic Helper,Rain,Holiday,4,1,0,0,169
2024-05-20,Hyderabad,Domestic Helper,Extreme heat,Normal day,0,5,0,0,102
2024-03-03,Hyderabad,Plumber,Rain,Normal day,6,3,1,0,125
2025-10-13,Mumbai,Painter,Clear,Normal day,0,10,0,0,84
2025-10-05,Hyderabad,Painter,Clear,Normal day,6,10,1,0,85
2025-05-20,Bengaluru,Plumber,Extreme heat,Normal day,1,5,0,0,127
2025-09-21,Delhi,Domestic Helper,Clear,Normal day,6,9,1,0,102
2023-02-18,Delhi,Plumber,Clear,Normal day,5,2,1,0,102
2023-09-24,Mumbai,Plumber,Rain,Major event,6,9,1,0,208
2025-09-30,Hyderabad,Electrician,Clear,Major event,1,9,0,1,115
2023-07-12,Bengaluru,Electrician,Clear,Holiday,2,7,0,0,119
2024-09-22,Bengaluru,Carpenter,Clear,Normal day,6,9,1,0,125
2025-04-25,Delhi,Painter,Extreme heat,Normal day,4,4,0,0,116
2024-06-19,Bengaluru,Electrician,Clear,Normal day,2,6,0,0,89
2025-03-17,Bengaluru,Technician,Rain,Normal day,0,3,0,0,93
2024-05-27,Hyderabad,Caregiver,Extreme heat,Normal day,0,5,0,1,83
2023-07-03,Delhi,Painter,Clear,Normal day,0,7,0,0,79
2023-02-24,Hyderabad,Painter,Clear,Normal day,4,2,0,0,90
2025-08-03,Mumbai,Painter,Rain,Normal day,6,8,1,0,128
2025-03-18,Bengaluru,Electrician,Clear,Normal day,1,3,0,0,100
2025-07-27,Mumbai,Painter,Clear,Normal day,6,7,1,1,103
2023-04-28,Delhi,Domestic Helper,Extreme heat,Normal day,4,4,0,1,125
2025-06-17,Mumbai,Carpenter,Rain,Normal day,1,6,0,0,112
2025-08-18,Bengaluru,Caregiver,Rain,Normal day,0,8,0,0,101
2025-01-11,Hyderabad,Domestic Helper,Clear,Normal day,5,1,1,0,98
2025-09-28,Hyderabad,Electrician,Clear,Normal day,6,9,1,1,111
2024-09-23,Bengaluru,Technician,Extreme heat,Normal day,0,9,0,0,81
2024-02-26,Mumbai,Caregiver,Clear,Normal day,0,2,0,1,87
2025-05-18,Delhi,Painter,Clear,Normal day,6,5,1,0,92
2025-05-10,Bengaluru,Electrician,Extreme heat,Normal day,5,5,1,0,107
2025-08-29,Mumbai,Carpenter,Rain,Normal day,4,8,0,1,141
2025-09-07,Delhi,Technician,Clear,Normal day,6,9,1,0,114
2024-02-03,Hyderabad,Carpenter,Clear,Normal day,5,2,1,0,103
2023-12-11,Hyderabad,Plumber,Clear,Normal day,0,12,0,0,88
2025-10-06,Hyderabad,Technician,Clear,Normal day,0,10,0,0,91
2025-03-17,Delhi,Caregiver,Clear,Normal day,0,3,0,0,76
2025-03-04,Hyderabad,Domestic Helper,Clear,Normal day,1,3,0,0,92
2024-06-26,Hyderabad,Caregiver,Clear,Normal day,2,6,0,1,77
2024-05-03,Delhi,Technician,Clear,Normal day,4,5,0,0,108
2024-10-16,Bengaluru,Caregiver,Clear,Normal day,2,10,0,0,95
2025-01-16,Mumbai,Painter,Clear,Normal day,3,1,0,0,84
2023-01-12,Delhi,Caregiver,Clear,Normal day,3,1,0,0,75
2025-03-26,Delhi,Plumber,Clear,Normal day,2,3,0,1,126
2023-02-25,Mumbai,Painter,Clear,Normal day,5,2,1,0,88
2023-03-08,Hyderabad,Domestic Helper,Clear,Normal day,2,3,0,0,93
2024-03-18,Mumbai,Caregiver,Clear,Normal day,0,3,0,0,97
2024-01-22,Mumbai,Caregiver,Clear,Normal day,0,1,0,0,82
2025-02-16,Delhi,Caregiver,Clear,Normal day,6,2,1,0,97
2024-07-20,Bengaluru,Painter,Clear,Normal day,5,7,1,0,97
2024-07-16,Bengaluru,Carpenter,Clear,Normal day,1,7,0,0,93
2024-03-23,Mumbai,Technician,Extreme heat,Normal day,5,3,1,0,117
2023-03-02,Delhi,Electrician,Clear,Normal day,3,3,0,0,98
2023-10-17,Hyderabad,Carpenter,Clear,Normal day,1,10,0,0,89
2025-07-14,Hyderabad,Plumber,Clear,Normal day,0,7,0,0,110
2025-03-19,Hyderabad,Carpenter,Clear,Normal day,2,3,0,0,75
2025-03-18,Hyderabad,Caregiver,Clear,Normal day,1,3,0,0,79
2023-10-07,Hyderabad,Plumber,Clear,Normal day,5,10,1,0,121
2025-08-29,Delhi,Electrician,Clear,Holiday,4,8,0,1,128
2023-04-20,Delhi,Technician,Extreme heat,Holiday,3,4,0,0,127
2023-07-01,Bengaluru,Plumber,Rain,Normal day,5,7,1,0,143
2025-09-16,Bengaluru,Caregiver,Rain,Normal day,1,9,0,0,93
2025-03-13,Delhi,Domestic Helper,Clear,Normal day,3,3,0,0,115
2025-09-01,Hyderabad,Plumber,Rain,Normal day,0,9,0,0,98
2023-02-14,Hyderabad,Electrician,Clear,Normal day,1,2,0,0,87
2024-10-20,Hyderabad,Technician,Clear,Normal day,6,10,1,0,78
2025-08-26,Mumbai,Technician,Clear,Normal day,1,8,0,1,99
2024-12-05,Mumbai,Painter,Clear,Normal day,3,12,0,0,89
2023-03-01,Hyderabad,Technician,Clear,Normal day,2,3,0,0,85
2025-08-21,Bengaluru,Painter,Clear,Normal day,3,8,0,0,79
2023-09-03,Mumbai,Domestic Helper,Clear,Normal day,6,9,1,0,125
2025-03-28,Bengaluru,Technician,Clear,Holiday,4,3,0,1,99
2024-01-20,Hyderabad,Painter,Clear,Normal day,5,1,1,0,97
2025-12-02,Delhi,Caregiver,Clear,Normal day,1,12,0,0,93
2024-02-29,Mumbai,Painter,Clear,Normal day,3,2,0,1,70
2023-01-19,Delhi,Caregiver,Clear,Normal day,3,1,0,0,82
2025-09-29,Bengaluru,Technician,Clear,Normal day,0,9,0,1,94
2025-04-08,Delhi,Electrician,Extreme heat,Normal day,1,4,0,0,109
2024-07-01,Bengaluru,Painter,Clear,Normal day,0,7,0,0,84
2024-02-24,Delhi,Painter,Clear,Normal day,5,2,1,0,91
2024-02-06,Bengaluru,Plumber,Clear,Normal day,1,2,0,0,87
2024-12-20,Hyderabad,Plumber,Clear,Normal day,4,12,0,0,102
2024-08-06,Bengaluru,Technician,Clear,Normal day,1,8,0,0,87
2023-09-22,Hyderabad,Plumber,Rain,Normal day,4,9,0,0,116
2024-01-23,Bengaluru,Technician,Clear,Normal day,1,1,0,0,84
2025-11-02,Mumbai,Technician,Clear,Normal day,6,11,1,0,98
2024-06-08,Mumbai,Caregiver,Rain,Normal day,5,6,1,0,131
2025-11-29,Delhi,Caregiver,Clear,Normal day,5,11,1,1,104
2024-06-18,Delhi,Electrician,Rain,Normal day,1,6,0,0,138
2024-10-08,Mumbai,Electrician,Clear,Holiday,1,10,0,0,133
2023-03-10,Hyderabad,Caregiver,Rain,Normal day,4,3,0,0,78
2024-12-01,Mumbai,Painter,Clear,Normal day,6,12,1,0,103
2023-09-12,Delhi,Plumber,Clear,Normal day,1,9,0,0,121
2023-03-19,Mumbai,Domestic Helper,Rain,Normal day,6,3,1,0,116
2025-04-03,Hyderabad,Plumber,Clear,Normal day,3,4,0,0,94
2023-12-05,Mumbai,Carpenter,Clear,Normal day,1,12,0,0,91
2024-06-26,Bengaluru,Plumber,Clear,Normal day,2,6,0,1,109
2023-08-29,Delhi,Carpenter,Rain,Normal day,1,8,0,1,104
2024-01-04,Hyderabad,Plumber,Rain,Major event,3,1,0,0,161
2023-10-26,Delhi,Plumber,Clear,Normal day,3,10,0,1,145
2024-10-30,Bengaluru,Electrician,Clear,Normal day,2,10,0,1,121
2025-12-24,Mumbai,Caregiver,Clear,Normal day,2,12,0,0,82
2025-02-26,Mumbai,Technician,Rain,Normal day,2,2,0,1,122
2023-09-12,Bengaluru,Domestic Helper,Clear,Normal day,1,9,0,0,91
2024-12-10,Delhi,Domestic Helper,Clear,Normal day,1,12,0,0,93
2025-11-23,Delhi,Painter,Clear,Normal day,6,11,1,0,101
2025-07-04,Mumbai,Domestic Helper,Rain,Normal day,4,7,0,0,133
2023-11-04,Delhi,Technician,Clear,Normal day,5,11,1,0,114
2024-11-01,Mumbai,Domestic Helper,Clear,Normal day,4,11,0,0,115
2023-06-23,Mumbai,Painter,Clear,Normal day,4,6,0,0,102
2025-11-21,Mumbai,Painter,Rain,Normal day,4,11,0,0,98
2024-12-28,Bengaluru,Domestic Helper,Clear,Normal day,5,12,1,1,118
2025-01-17,Hyderabad,Caregiver,Clear,Normal day,4,1,0,0,71
2025-12-13,Bengaluru,Carpenter,Rain,Normal day,5,12,1,0,119
2024-05-14,Bengaluru,Domestic Helper,Clear,Normal day,1,5,0,0,93
2024-11-03,Delhi,Carpenter,Clear,Normal day,6,11,1,0,112
2023-07-31,Delhi,Electrician,Rain,Normal day,0,7,0,1,140
2025-11-15,Delhi,Domestic Helper,Clear,Normal day,5,11,1,0,139
2024-10-28,Bengaluru,Domestic Helper,Clear,Normal day,0,10,0,1,96
2024-08-13,Hyderabad,Caregiver,Clear,Normal day,1,8,0,0,63
2024-11-11,Bengaluru,Painter,Rain,Normal day,0,11,0,0,109
2025-01-09,Delhi,Technician,Clear,Normal day,3,1,0,0,82
2024-03-06,Delhi,Technician,Clear,Normal day,2,3,0,0,72
2023-05-07,Mumbai,Caregiver,Clear,Normal day,6,5,1,0,113
2024-11-06,Delhi,Painter,Clear,Normal day,2,11,0,0,87
2025-10-14,Hyderabad,Carpenter,Clear,Normal day,1,10,0,0,87
2025-01-27,Delhi,Caregiver,Clear,Normal day,0,1,0,1,72
2025-07-05,Mumbai,Technician,Clear,Normal day,5,7,1,0,109
2024-05-23,Hyderabad,Domestic Helper,Clear,Major event,3,5,0,0,115
2025-10-07,Bengaluru,Caregiver,Clear,Normal day,1,10,0,0,79
2025-01-15,Delhi,Domestic Helper,Clear,Normal day,2,1,0,0,112
2025-05-02,Hyderabad,Carpenter,Extreme heat,Normal day,4,5,0,0,101
2023-08-05,Hyderabad,Painter,Clear,Normal day,5,8,1,0,96
2024-11-29,Hyderabad,Caregiver,Clear,Holiday,4,11,0,1,95
2024-11-06,Delhi,Domestic Helper,Clear,Normal day,2,11,0,0,105
2023-12-12,Hyderabad,Painter,Clear,Normal day,1,12,0,0,76
2023-02-12,Hyderabad,Carpenter,Clear,Normal day,6,2,1,0,88
2023-11-10,Hyderabad,Plumber,Clear,Normal day,4,11,0,0,98
2024-02-09,Bengaluru,Carpenter,Clear,Normal day,4,2,0,0,85
2024-02-18,Delhi,Electrician,Clear,Normal day,6,2,1,0,95
2023-04-12,Bengaluru,Carpenter,Clear,Normal day,2,4,0,0,90
2024-05-07,Delhi,Carpenter,Clear,Normal day,1,5,0,0,110
2025-01-14,Hyderabad,Technician,Clear,Holiday,1,1,0,0,81
2024-03-15,Mumbai,Carpenter,Clear,Normal day,4,3,0,0,93
2025-09-17,Hyderabad,Painter,Rain,Normal day,2,9,0,0,76
2024-12-30,Bengaluru,Carpenter,Extreme heat,Normal day,0,12,0,1,109
2023-07-07,Bengaluru,Domestic Helper,Clear,Normal day,4,7,0,0,102
2024-08-24,Mumbai,Electrician,Rain,Normal day,5,8,1,0,161
2024-11-06,Hyderabad,Domestic Helper,Clear,Holiday,2,11,0,0,109
2025-07-24,Mumbai,Plumber,Clear,Normal day,3,7,0,0,110
2023-04-05,Mumbai,Technician,Clear,Normal day,2,4,0,0,103
2023-03-15,Delhi,Caregiver,Clear,Normal day,2,3,0,0,88
2023-03-10,Delhi,Carpenter,Clear,Normal day,4,3,0,0,88
2023-06-10,Bengaluru,Electrician,Clear,Normal day,5,6,1,0,120
2023-03-31,Mumbai,Painter,Clear,Major event,4,3,0,1,113
2024-01-24,Mumbai,Caregiver,Clear,Normal day,2,1,0,0,77
2024-05-12,Hyderabad,Domestic Helper,Clear,Normal day,6,5,1,0,91
2024-04-28,Hyderabad,Domestic Helper,Clear,Normal day,6,4,1,1,102
2023-05-09,Mumbai,Domestic Helper,Clear,Normal day,1,5,0,0,123
2025-07-10,Bengaluru,Technician,Rain,Normal day,3,7,0,0,124
2025-06-04,Hyderabad,Plumber,Rain,Normal day,2,6,0,0,122
2023-10-04,Bengaluru,Domestic Helper,Clear,Normal day,2,10,0,0,94
2023-07-09,Mumbai,Carpenter,Clear,Normal day,6,7,1,0,102
2025-06-09,Delhi,Painter,Clear,Normal day,0,6,0,0,76
2025-04-25,Delhi,Carpenter,Extreme heat,Normal day,4,4,0,0,132
2024-02-02,Mumbai,Technician,Clear,Normal day,4,2,0,0,94
2025-04-12,Mumbai,Painter,Rain,Normal day,5,4,1,0,129
2025-11-27,Bengaluru,Caregiver,Clear,Normal day,3,11,0,1,89
2024-09-11,Delhi,Domestic Helper,Rain,Normal day,2,9,0,0,119
2025-12-14,Hyderabad,Caregiver,Clear,Normal day,6,12,1,0,102
2024-06-10,Hyderabad,Technician,Rain,Normal day,0,6,0,0,84
2024-11-16,Mumbai,Electrician,Clear,Normal day,5,11,1,0,156
2025-06-14,Hyderabad,Carpenter,Rain,Normal day,5,6,1,0,129
2024-07-25,Bengaluru,Plumber,Rain,Normal day,3,7,0,0,124
2023-01-23,Hyderabad,Carpenter,Clear,Normal day,0,1,0,0,77
2025-03-10,Hyderabad,Caregiver,Extreme heat,Normal day,0,3,0,0,105
2023-09-07,Mumbai,Technician,Clear,Normal day,3,9,0,0,112
2023-10-26,Mumbai,Caregiver,Clear,Normal day,3,10,0,1,95
2023-10-07,Delhi,Painter,Clear,Holiday,5,10,1,0,120
2023-04-18,Mumbai,Painter,Clear,Normal day,1,4,0,0,80
2024-07-06,Bengaluru,Painter,Rain,Holiday,5,7,1,0,119
2025-11-20,Hyderabad,Painter,Rain,Normal day,3,11,0,0,77
2025-12-02,Delhi,Painter,Clear,Holiday,1,12,0,0,87
2024-06-27,Delhi,Carpenter,Rain,Normal day,3,6,0,1,117
2024-10-28,Hyderabad,Caregiver,Clear,Normal day,0,10,0,1,83
2025-01-31,Hyderabad,Domestic Helper,Clear,Normal day,4,1,0,1,124
2023-04-21,Delhi,Carpenter,Clear,Normal day,4,4,0,0,82
2025-03-21,Hyderabad,Caregiver,Clear,Normal day,4,3,0,0,79
2024-06-24,Mumbai,Painter,Rain,Normal day,0,6,0,0,86
2023-03-16,Delhi,Painter,Clear,Normal day,3,3,0,0,74
2024-12-28,Mumbai,Carpenter,Clear,Holiday,5,12,1,1,122
2023-05-06,Delhi,Plumber,Clear,Normal day,5,5,1,0,121
2025-06-02,Hyderabad,Carpenter,Rain,Holiday,0,6,0,0,103
2025-01-25,Mumbai,Electrician,Clear,Holiday,5,1,1,0,118
2023-07-09,Delhi,Caregiver,Rain,Major event,6,7,1,0,182
2024-11-27,Hyderabad,Carpenter,Clear,Normal day,2,11,0,1,84
2024-10-10,Delhi,Electrician,Clear,Normal day,3,10,0,0,126
2024-01-20,Mumbai,Technician,Clear,Normal day,5,1,1,0,114
2025-09-01,Hyderabad,Painter,Rain,Normal day,0,9,0,0,65
2025-09-30,Bengaluru,Technician,Clear,Normal day,1,9,0,1,79
2023-07-16,Bengaluru,Painter,Clear,Normal day,6,7,1,0,100
2025-11-01,Bengaluru,Caregiver,Clear,Holiday,5,11,1,0,110
2025-01-14,Mumbai,Plumber,Clear,Normal day,1,1,0,0,121
2024-12-16,Hyderabad,Technician,Clear,Normal day,0,12,0,0,81
2024-08-28,Hyderabad,Carpenter,Rain,Major event,2,8,0,1,126
2023-09-29,Hyderabad,Electrician,Rain,Normal day,4,9,0,1,124
2025-05-29,Bengaluru,Electrician,Extreme heat,Normal day,3,5,0,1,132
2025-10-28,Mumbai,Electrician,Clear,Normal day,1,10,0,1,129
2025-09-18,Hyderabad,Caregiver,Rain,Normal day,3,9,0,0,84
2023-09-10,Mumbai,Electrician,Clear,Major event,6,9,1,0,140
2023-11-10,Mumbai,Electrician,Clear,Normal day,4,11,0,0,116
2024-08-11,Delhi,Technician,Rain,Normal day,6,8,1,0,134
2023-08-14,Delhi,Painter,Clear,Normal day,0,8,0,0,87
2023-03-31,Delhi,Plumber,Clear,Normal day,4,3,0,1,136
2024-07-31,Mumbai,Technician,Clear,Normal day,2,7,0,1,114
2025-04-22,Delhi,Painter,Extreme heat,Normal day,1,4,0,0,88
2024-02-17,Hyderabad,Electrician,Rain,Normal day,5,2,1,0,141
2024-11-26,Bengaluru,Painter,Clear,Normal day,1,11,0,1,80
2024-10-29,Delhi,Carpenter,Clear,Normal day,1,10,0,1,86
2023-10-12,Bengaluru,Caregiver,Clear,Normal day,3,10,0,0,81
2025-08-26,Bengaluru,Plumber,Rain,Normal day,1,8,0,1,117
2023-01-16,Bengaluru,Carpenter,Rain,Normal day,0,1,0,0,76
2025-06-13,Hyderabad,Electrician,Clear,Major event,4,6,0,0,149
2025-08-04,Bengaluru,Technician,Clear,Holiday,0,8,0,0,87
2025-12-06,Bengaluru,Technician,Clear,Normal day,5,12,1,0,104
2024-02-19,Mumbai,Plumber,Clear,Normal day,0,2,0,0,94
2024-04-15,Mumbai,Electrician,Extreme heat,Normal day,0,4,0,0,124
2025-12-20,Delhi,Caregiver,Clear,Normal day,5,12,1,0,99
2023-06-17,Hyderabad,Carpenter,Rain,Holiday,5,6,1,0,117
2025-06-24,Delhi,Plumber,Clear,Holiday,1,6,0,0,133
2025-12-17,Mumbai,Electrician,Clear,Holiday,2,12,0,0,114
2024-06-26,Hyderabad,Caregiver,Rain,Normal day,2,6,0,1,119
2024-11-08,Bengaluru,Domestic Helper,Clear,Normal day,4,11,0,0,106
2024-09-15,Bengaluru,Technician,Rain,Normal day,6,9,1,0,148
2024-10-23,Delhi,Domestic Helper,Clear,Normal day,2,10,0,0,90
2023-07-21,Bengaluru,Domestic Helper,Clear,Normal day,4,7,0,0,118
2025-01-17,Mumbai,Plumber,Extreme heat,Normal day,4,1,0,0,131
2024-05-02,Bengaluru,Carpenter,Clear,Normal day,3,5,0,0,86
2024-09-11,Mumbai,Painter,Rain,Holiday,2,9,0,0,134
2024-07-31,Bengaluru,Painter,Rain,Normal day,2,7,0,1,79
2025-07-12,Hyderabad,Electrician,Rain,Normal day,5,7,1,0,141
2025-08-05,Bengaluru,Technician,Extreme heat,Normal day,1,8,0,0,106
2023-05-06,Bengaluru,Technician,Clear,Normal day,5,5,1,0,121
2023-12-14,Mumbai,Technician,Clear,Normal day,3,12,0,0,95
2025-08-21,Bengaluru,Painter,Rain,Normal day,3,8,0,0,109
2025-02-05,Hyderabad,Domestic Helper,Clear,Normal day,2,2,0,0,65
2025-06-29,Delhi,Electrician,Clear,Holiday,6,6,1,1,136
2024-04-29,Mumbai,Electrician,Extreme heat,Holiday,0,4,0,1,151
2023-04-28,Delhi,Caregiver,Clear,Normal day,4,4,0,1,90
2023-06-21,Hyderabad,Domestic Helper,Rain,Normal day,2,6,0,0,109
2023-05-31,Hyderabad,Domestic Helper,Clear,Normal day,2,5,0,1,98
2024-08-11,Hyderabad,Electrician,Rain,Normal day,6,8,1,0,149
2024-06-11,Delhi,Electrician,Clear,Normal day,1,6,0,0,123
2024-08-29,Delhi,Technician,Clear,Normal day,3,8,0,1,99
2024-02-19,Delhi,Painter,Clear,Normal day,0,2,0,0,83
2025-02-21,Delhi,Electrician,Clear,Normal day,4,2,0,0,117
2023-01-26,Hyderabad,Domestic Helper,Rain,Normal day,3,1,0,1,101
2023-10-29,Mumbai,Painter,Clear,Normal day,6,10,1,1,109
2023-11-24,Hyderabad,Electrician,Clear,Normal day,4,11,0,0,101
2025-02-23,Bengaluru,Electrician,Clear,Normal day,6,2,1,0,97
2023-02-10,Bengaluru,Electrician,Extreme heat,Normal day,4,2,0,0,108
2024-03-27,Hyderabad,Technician,Clear,Normal day,2,3,0,1,87
2024-07-24,Bengaluru,Technician,Rain,Normal day,2,7,0,0,122
2023-04-11,Bengaluru,Technician,Clear,Normal day,1,4,0,0,91
2025-04-11,Mumbai,Domestic Helper,Clear,Normal day,4,4,0,0,104
2025-12-08,Hyderabad,Painter,Clear,Normal day,0,12,0,0,65
2023-04-12,Bengaluru,Carpenter,Extreme heat,Normal day,2,4,0,0,79
2025-02-28,Mumbai,Electrician,Clear,Normal day,4,2,0,1,109
2025-04-01,Delhi,Painter,Clear,Normal day,1,4,0,0,87
2024-02-19,Delhi,Domestic Helper,Clear,Normal day,0,2,0,0,92
2023-08-18,Mumbai,Plumber,Clear,Normal day,4,8,0,0,157
2023-09-04,Mumbai,Carpenter,Clear,Normal day,0,9,0,0,85
2025-07-30,Delhi,Caregiver,Rain,Normal day,2,7,0,1,112
2023-12-24,Delhi,Electrician,Clear,Normal day,6,12,1,0,102
2025-05-19,Hyderabad,Caregiver,Clear,Normal day,0,5,0,0,86
2025-12-11,Hyderabad,Caregiver,Clear,Normal day,3,12,0,0,92
2023-09-05,Mumbai,Caregiver,Clear,Normal day,1,9,0,0,77
2024-06-20,Hyderabad,Carpenter,Rain,Normal day,3,6,0,0,102
2025-02-04,Delhi,Caregiver,Clear,Normal day,1,2,0,0,74
2024-04-26,Delhi,Painter,Extreme heat,Normal day,4,4,0,1,93
2023-09-12,Mumbai,Carpenter,Clear,Major event,1,9,0,0,115
2023-06-14,Mumbai,Electrician,Rain,Normal day,2,6,0,0,162
2025-05-22,Bengaluru,Plumber,Clear,Normal day,3,5,0,0,123
2023-07-02,Hyderabad,Domestic Helper,Rain,Normal day,6,7,1,0,118
2024-05-04,Bengaluru,Plumber,Extreme heat,Normal day,5,5,1,0,133
2025-09-06,Mumbai,Electrician,Clear,Normal day,5,9,1,0,123
2023-09-29,Hyderabad,Carpenter,Clear,Normal day,4,9,0,1,100
2024-11-09,Mumbai,Painter,Clear,Holiday,5,11,1,0,114
2024-07-20,Hyderabad,Carpenter,Rain,Normal day,5,7,1,0,108
2024-01-17,Mumbai,Painter,Clear,Normal day,2,1,0,0,82
2024-02-08,Delhi,Caregiver,Clear,Normal day,3,2,0,0,75
2023-12-05,Mumbai,Plumber,Clear,Holiday,1,12,0,0,143
2025-07-31,Hyderabad,Carpenter,Rain,Major event,3,7,0,1,149
2024-05-15,Delhi,Caregiver,Extreme heat,Normal day,2,5,0,0,127
2025-02-03,Bengaluru,Carpenter,Clear,Normal day,0,2,0,0,83
2025-10-10,Hyderabad,Technician,Clear,Holiday,4,10,0,0,107
2024-09-07,Mumbai,Electrician,Rain,Normal day,5,9,1,0,151
2024-03-09,Delhi,Caregiver,Clear,Normal day,5,3,1,0,98
2025-10-26,Bengaluru,Electrician,Clear,Normal day,6,10,1,1,109
2023-03-06,Mumbai,Painter,Clear,Normal day,0,3,0,0,62
2025-11-21,Bengaluru,Caregiver,Clear,Normal day,4,11,0,0,95
2025-02-03,Hyderabad,Caregiver,Clear,Normal day,0,2,0,0,72
2024-06-09,Mumbai,Plumber,Rain,Normal day,6,6,1,0,138
2025-02-12,Hyderabad,Electrician,Clear,Normal day,2,2,0,0,81
2024-10-26,Bengaluru,Painter,Clear,Normal day,5,10,1,1,119
2024-07-12,Delhi,Technician,Clear,Normal day,4,7,0,0,148
2023-05-19,Bengaluru,Carpenter,Clear,Normal day,4,5,0,0,69
2025-08-28,Delhi,Domestic Helper,Clear,Normal day,3,8,0,1,111
2023-11-04,Bengaluru,Electrician,Clear,Normal day,5,11,1,0,113
2023-05-26,Hyderabad,Domestic Helper,Extreme heat,Normal day,4,5,0,1,134
2023-08-21,Mumbai,Plumber,Rain,Normal day,0,8,0,0,134
2024-05-17,Delhi,Painter,Extreme heat,Normal day,4,5,0,0,99
2025-12-18,Delhi,Technician,Clear,Normal day,3,12,0,0,104
2023-07-26,Bengaluru,Carpenter,Rain,Major event,2,7,0,1,149
2024-01-22,Delhi,Painter,Clear,Holiday,0,1,0,0,76
2023-07-09,Hyderabad,Carpenter,Rain,Normal day,6,7,1,0,116
2023-11-27,Hyderabad,Plumber,Clear,Normal day,0,11,0,1,115
2024-10-24,Delhi,Painter,Extreme heat,Major event,3,10,0,0,139
2023-12-31,Bengaluru,Technician,Clear,Normal day,6,12,1,1,112
2025-03-08,Mumbai,Plumber,Clear,Normal day,5,3,1,0,118
2023-01-09,Hyderabad,Technician,Rain,Normal day,0,1,0,0,83
2024-05-19,Delhi,Plumber,Clear,Normal day,6,5,1,0,103
2023-05-08,Delhi,Technician,Extreme heat,Normal day,0,5,0,0,111
2023-04-12,Bengaluru,Painter,Clear,Normal day,2,4,0,0,82
2025-12-12,Bengaluru,Electrician,Clear,Normal day,4,12,0,0,114
2025-01-02,Bengaluru,Painter,Clear,Holiday,3,1,0,0,69
2024-06-15,Bengaluru,Caregiver,Clear,Normal day,5,6,1,0,103
2023-12-05,Delhi,Caregiver,Clear,Normal day,1,12,0,0,69
2023-05-18,Hyderabad,Domestic Helper,Clear,Normal day,3,5,0,0,92
2025-06-12,Delhi,Caregiver,Rain,Normal day,3,6,0,0,124
2024-11-18,Delhi,Electrician,Clear,Normal day,0,11,0,0,136
2025-06-09,Hyderabad,Carpenter,Rain,Major event,0,6,0,0,127
2025-11-26,Delhi,Domestic Helper,Clear,Holiday,2,11,0,1,119
2025-06-01,Delhi,Domestic Helper,Clear,Normal day,6,6,1,0,114
2023-07-22,Delhi,Caregiver,Rain,Normal day,5,7,1,0,137
2023-05-02,Delhi,Plumber,Extreme heat,Normal day,1,5,0,0,117
2024-01-01,Mumbai,Electrician,Clear,Normal day,0,1,0,0,100
2023-07-30,Delhi,Plumber,Rain,Normal day,6,7,1,1,175
2024-07-07,Bengaluru,Carpenter,Clear,Major event,6,7,1,0,139
2023-06-22,Mumbai,Technician,Rain,Normal day,3,6,0,0,137
2025-03-23,Mumbai,Domestic Helper,Clear,Normal day,6,3,1,0,127
2025-04-24,Delhi,Plumber,Clear,Normal day,3,4,0,0,94
2023-11-29,Bengaluru,Electrician,Clear,Normal day,2,11,0,1,99
2023-11-08,Bengaluru,Domestic Helper,Rain,Normal day,2,11,0,0,120
2024-09-21,Hyderabad,Domestic Helper,Extreme heat,Normal day,5,9,1,0,132
2025-12-02,Hyderabad,Painter,Clear,Normal day,1,12,0,0,72
2023-06-01,Mumbai,Painter,Clear,Normal day,3,6,0,0,81
2023-09-13,Mumbai,Caregiver,Clear,Normal day,2,9,0,0,81
2024-10-31,Bengaluru,Painter,Clear,Normal day,3,10,0,1,102
2023-09-11,Delhi,Plumber,Rain,Normal day,0,9,0,0,111
2023-02-22,Bengaluru,Electrician,Clear,Normal day,2,2,0,0,93
2023-10-09,Mumbai,Electrician,Clear,Normal day,0,10,0,0,105
2025-12-28,Mumbai,Plumber,Clear,Normal day,6,12,1,1,122
2023-01-26,Mumbai,Plumber,Rain,Normal day,3,1,0,1,138
2024-05-30,Hyderabad,Plumber,Extreme heat,Normal day,3,5,0,1,115
2023-06-17,Mumbai,Technician,Clear,Normal day,5,6,1,0,109
2024-10-03,Mumbai,Technician,Extreme heat,Normal day,3,10,0,0,139
2023-11-22,Mumbai,Domestic Helper,Clear,Normal day,2,11,0,0,113
2025-07-06,Hyderabad,Painter,Clear,Normal day,6,7,1,0,88
2024-02-10,Hyderabad,Caregiver,Clear,Normal day,5,2,1,0,86
2025-03-20,Hyderabad,Carpenter,Clear,Normal day,3,3,0,0,65
2025-10-19,Hyderabad,Technician,Clear,Major event,6,10,1,0,115
2024-11-23,Mumbai,Technician,Clear,Normal day,5,11,1,0,136
2023-02-11,Mumbai,Technician,Clear,Major event,5,2,1,0,140
2025-01-28,Bengaluru,Electrician,Clear,Normal day,1,1,0,1,89
2025-10-06,Mumbai,Carpenter,Clear,Normal day,0,10,0,0,95
2023-10-09,Delhi,Carpenter,Clear,Normal day,0,10,0,0,94
2023-05-13,Hyderabad,Caregiver,Extreme heat,Normal day,5,5,1,0,95
2024-02-29,Mumbai,Painter,Extreme heat,Normal day,3,2,0,1,88
2024-04-24,Delhi,Caregiver,Clear,Normal day,2,4,0,0,96
2023-07-31,Mumbai,Technician,Rain,Normal day,0,7,0,1,128
2025-02-19,Mumbai,Caregiver,Clear,Normal day,2,2,0,0,74
2025-07-29,Hyderabad,Domestic Helper,Clear,Normal day,1,7,0,1,107
2023-03-23,Delhi,Plumber,Clear,Normal day,3,3,0,0,113
2025-07-24,Mumbai,Electrician,Rain,Normal day,3,7,0,0,141
2024-04-26,Bengaluru,Technician,Clear,Normal day,4,4,0,1,107
2024-01-19,Bengaluru,Caregiver,Clear,Normal day,4,1,0,0,92
2025-08-15,Bengaluru,Carpenter,Clear,Normal day,4,8,0,0,101
2023-01-07,Hyderabad,Painter,Clear,Normal day,5,1,1,0,91
2024-09-01,Delhi,Caregiver,Rain,Normal day,6,9,1,0,124
2025-03-29,Mumbai,Technician,Clear,Normal day,5,3,1,1,117
2025-05-02,Hyderabad,Plumber,Extreme heat,Normal day,4,5,0,0,111
2023-01-24,Delhi,Domestic Helper,Clear,Normal day,1,1,0,0,93
2024-06-10,Delhi,Caregiver,Clear,Normal day,0,6,0,0,90
2023-11-30,Delhi,Domestic Helper,Clear,Holiday,3,11,0,1,125
2024-01-22,Bengaluru,Caregiver,Clear,Holiday,0,1,0,0,82
2024-08-25,Bengaluru,Domestic Helper,Clear,Normal day,6,8,1,0,101
2024-12-26,Bengaluru,Caregiver,Clear,Normal day,3,12,0,1,81
2023-02-23,Hyderabad,Painter,Clear,Holiday,3,2,0,0,75
2024-04-16,Hyderabad,Plumber,Clear,Normal day,1,4,0,0,88
2023-01-21,Delhi,Caregiver,Clear,Holiday,5,1,1,0,117
2024-05-01,Hyderabad,Plumber,Clear,Normal day,2,5,0,0,84
2025-05-09,Hyderabad,Technician,Clear,Normal day,4,5,0,0,89
2023-03-22,Mumbai,Technician,Clear,Normal day,2,3,0,0,101
2023-08-18,Mumbai,Domestic Helper,Clear,Holiday,4,8,0,0,133
2025-12-13,Mumbai,Carpenter,Rain,Normal day,5,12,1,0,128
2025-06-26,Delhi,Plumber,Extreme heat,Normal day,3,6,0,1,166
2023-11-27,Hyderabad,Caregiver,Clear,Normal day,0,11,0,1,77
2024-05-15,Hyderabad,Technician,Clear,Holiday,2,5,0,0,134
2024-02-26,Mumbai,Electrician,Rain,Normal day,0,2,0,1,113
2025-10-28,Hyderabad,Plumber,Extreme heat,Holiday,1,10,0,1,127
2025-06-03,Delhi,Technician,Extreme heat,Normal day,1,6,0,0,99
2023-02-23,Bengaluru,Plumber,Clear,Normal day,3,2,0,0,95
2025-11-09,Bengaluru,Plumber,Clear,Normal day,6,11,1,0,127
2025-02-01,Bengaluru,Caregiver,Clear,Holiday,5,2,1,0,109
2023-05-19,Mumbai,Carpenter,Clear,Normal day,4,5,0,0,98
2023-06-28,Hyderabad,Electrician,Clear,Normal day,2,6,0,1,98
2025-05-15,Bengaluru,Painter,Extreme heat,Normal day,3,5,0,0,95
2025-07-01,Mumbai,Plumber,Rain,Normal day,1,7,0,0,140
2025-09-06,Bengaluru,Plumber,Rain,Normal day,5,9,1,0,142
2024-07-27,Mumbai,Caregiver,Clear,Normal day,5,7,1,1,114
2024-03-12,Mumbai,Carpenter,Clear,Holiday,1,3,0,0,106
2025-04-22,Delhi,Electrician,Extreme heat,Normal day,1,4,0,0,104
2024-08-25,Hyderabad,Electrician,Clear,Normal day,6,8,1,0,124
2023-08-15,Mumbai,Electrician,Clear,Normal day,1,8,0,0,108
2025-07-21,Delhi,Plumber,Clear,Normal day,0,7,0,0,115
2023-10-28,Mumbai,Caregiver,Clear,Normal day,5,10,1,1,106
2025-05-16,Hyderabad,Plumber,Extreme heat,Normal day,4,5,0,0,113
2023-06-07,Hyderabad,Caregiver,Rain,Normal day,2,6,0,0,84
2025-07-18,Hyderabad,Painter,Rain,Normal day,4,7,0,0,77
2025-01-29,Bengaluru,Plumber,Clear,Normal day,2,1,0,1,114
2023-06-06,Mumbai,Technician,Clear,Normal day,1,6,0,0,113
2025-12-27,Mumbai,Domestic Helper,Clear,Normal day,5,12,1,1,119
2023-11-26,Bengaluru,Carpenter,Clear,Normal day,6,11,1,1,84
2024-07-17,Delhi,Electrician,Rain,Normal day,2,7,0,0,155
2025-10-23,Hyderabad,Domestic Helper,Clear,Holiday,3,10,0,0,98
2025-07-23,Mumbai,Carpenter,Clear,Normal day,2,7,0,0,115
2023-03-04,Hyderabad,Domestic Helper,Clear,Normal day,5,3,1,0,94
2023-03-24,Mumbai,Caregiver,Clear,Holiday,4,3,0,0,96
2025-09-19,Delhi,Domestic Helper,Clear,Normal day,4,9,0,0,101
2023-08-06,Delhi,Plumber,Rain,Normal day,6,8,1,0,164
2023-03-09,Delhi,Carpenter,Clear,Normal day,3,3,0,0,90
2024-04-27,Mumbai,Painter,Clear,Normal day,5,4,1,1,88
2024-05-30,Bengaluru,Painter,Clear,Normal day,3,5,0,1,73
2025-05-11,Hyderabad,Electrician,Clear,Holiday,6,5,1,0,113
2025-08-16,Bengaluru,Technician,Clear,Normal day,5,8,1,0,100
2024-07-25,Mumbai,Electrician,Rain,Normal day,3,7,0,0,134
2024-12-14,Delhi,Technician,Clear,Normal day,5,12,1,0,112
2024-08-01,Bengaluru,Painter,Rain,Normal day,3,8,0,0,87
2025-04-26,Hyderabad,Painter,Extreme heat,Normal day,5,4,1,1,110
2025-12-12,Mumbai,Caregiver,Clear,Normal day,4,12,0,0,70
2023-08-05,Bengaluru,Caregiver,Clear,Normal day,5,8,1,0,101
2023-01-19,Delhi,Electrician,Clear,Normal day,3,1,0,0,103
2025-10-09,Bengaluru,Electrician,Clear,Normal day,3,10,0,0,120
2023-08-05,Hyderabad,Carpenter,Rain,Normal day,5,8,1,0,134
2023-02-01,Delhi,Electrician,Rain,Major event,2,2,0,0,157
2024-09-28,Hyderabad,Painter,Rain,Normal day,5,9,1,1,115
2024-06-10,Delhi,Plumber,Extreme heat,Normal day,0,6,0,0,117
2024-08-21,Delhi,Technician,Rain,Normal day,2,8,0,0,112
2024-06-13,Hyderabad,Painter,Clear,Normal day,3,6,0,0,51
2023-08-29,Hyderabad,Painter,Rain,Normal day,1,8,0,1,103
2023-11-18,Delhi,Painter,Clear,Normal day,5,11,1,0,95
2024-08-24,Mumbai,Technician,Rain,Normal day,5,8,1,0,128
2023-10-03,Delhi,Technician,Clear,Normal day,1,10,0,0,95
2025-12-21,Hyderabad,Caregiver,Rain,Normal day,6,12,1,0,90
2023-05-03,Mumbai,Caregiver,Extreme heat,Normal day,2,5,0,0,119
2024-04-11,Bengaluru,Technician,Clear,Normal day,3,4,0,0,100
2025-10-21,Mumbai,Carpenter,Clear,Normal day,1,10,0,0,81
2024-08-03,Hyderabad,Electrician,Clear,Normal day,5,8,1,0,107
2023-08-04,Mumbai,Electrician,Clear,Normal day,4,8,0,0,121
2024-08-13,Mumbai,Plumber,Clear,Normal day,1,8,0,0,121
2025-01-01,Hyderabad,Technician,Clear,Normal day,2,1,0,0,74
2023-09-13,Mumbai,Painter,Clear,Holiday,2,9,0,0,91
2025-08-30,Bengaluru,Electrician,Clear,Normal day,5,8,1,1,137
2025-07-31,Delhi,Plumber,Rain,Normal day,3,7,0,1,156
2025-02-19,Hyderabad,Carpenter,Clear,Normal day,2,2,0,0,72
2024-11-08,Mumbai,Painter,Clear,Holiday,4,11,0,0,92
2023-11-14,Mumbai,Electrician,Clear,Normal day,1,11,0,0,103
2023-08-12,Bengaluru,Electrician,Rain,Normal day,5,8,1,0,161
2023-02-25,Mumbai,Electrician,Clear,Normal day,5,2,1,0,112
2024-05-22,Hyderabad,Caregiver,Rain,Holiday,2,5,0,0,116
2023-03-09,Delhi,Technician,Clear,Holiday,3,3,0,0,86
2024-09-25,Delhi,Plumber,Rain,Normal day,2,9,0,0,135
2025-06-15,Mumbai,Caregiver,Rain,Normal day,6,6,1,0,132
2024-06-27,Mumbai,Carpenter,Rain,Normal day,3,6,0,1,142
2025-04-18,Bengaluru,Caregiver,Clear,Normal day,4,4,0,0,79
2024-09-29,Delhi,Caregiver,Clear,Normal day,6,9,1,1,112
2023-06-24,Delhi,Technician,Rain,Normal day,5,6,1,0,137
2025-06-17,Delhi,Domestic Helper,Extreme heat,Normal day,1,6,0,0,121
2023-09-18,Delhi,Electrician,Rain,Normal day,0,9,0,0,114
2024-09-28,Bengaluru,Plumber,Rain,Normal day,5,9,1,1,156
2024-12-12,Delhi,Domestic Helper,Clear,Normal day,3,12,0,0,115
2023-04-25,Mumbai,Caregiver,Extreme heat,Normal day,1,4,0,0,95
2023-12-18,Bengaluru,Carpenter,Clear,Normal day,0,12,0,0,70
2024-10-09,Bengaluru,Technician,Clear,Normal day,2,10,0,0,73
2023-06-30,Hyderabad,Technician,Clear,Normal day,4,6,0,1,99
2024-08-26,Mumbai,Carpenter,Clear,Normal day,0,8,0,1,100
2025-08-27,Hyderabad,Painter,Rain,Normal day,2,8,0,1,115
2024-07-14,Hyderabad,Carpenter,Rain,Normal day,6,7,1,0,137
2024-09-18,Hyderabad,Carpenter,Rain,Holiday,2,9,0,0,100
2023-01-18,Hyderabad,Domestic Helper,Clear,Normal day,2,1,0,0,85
2023-10-05,Hyderabad,Carpenter,Clear,Holiday,3,10,0,0,80
2025-07-25,Delhi,Technician,Clear,Normal day,4,7,0,0,93
2025-08-05,Mumbai,Technician,Rain,Normal day,1,8,0,0,112
2024-12-21,Delhi,Caregiver,Clear,Major event,5,12,1,0,110
2023-07-26,Mumbai,Electrician,Clear,Normal day,2,7,0,1,123
2023-02-19,Hyderabad,Plumber,Rain,Normal day,6,2,1,0,128
2024-12-26,Mumbai,Domestic Helper,Clear,Holiday,3,12,0,1,116
2025-06-08,Bengaluru,Domestic Helper,Rain,Normal day,6,6,1,0,100
2024-03-31,Mumbai,Technician,Clear,Normal day,6,3,1,1,103
2023-03-05,Hyderabad,Domestic Helper,Clear,Normal day,6,3,1,0,93
2025-01-08,Bengaluru,Caregiver,Clear,Normal day,2,1,0,0,83
2025-03-18,Bengaluru,Plumber,Clear,Holiday,1,3,0,0,96
2024-04-18,Delhi,Plumber,Extreme heat,Normal day,3,4,0,0,140
2025-12-23,Delhi,Carpenter,Rain,Normal day,1,12,0,0,113
2025-01-02,Mumbai,Caregiver,Rain,Normal day,3,1,0,0,102
2025-10-19,Delhi,Domestic Helper,Clear,Normal day,6,10,1,0,121
2024-09-19,Delhi,Caregiver,Rain,Normal day,3,9,0,0,135
2025-11-04,Bengaluru,Plumber,Clear,Holiday,1,11,0,0,116
2023-08-12,Hyderabad,Caregiver,Rain,Normal day,5,8,1,0,112
2023-10-22,Hyderabad,Caregiver,Clear,Normal day,6,10,1,0,88
2023-10-25,Delhi,Electrician,Clear,Normal day,2,10,0,0,97
2024-03-03,Hyderabad,Technician,Clear,Normal day,6,3,1,0,95
2025-03-04,Bengaluru,Painter,Clear,Normal day,1,3,0,0,59
2023-03-04,Delhi,Electrician,Clear,Normal day,5,3,1,0,100
2024-11-19,Delhi,Electrician,Clear,Normal day,1,11,0,0,104
2024-04-18,Bengaluru,Electrician,Extreme heat,Normal day,3,4,0,0,129
2023-10-06,Mumbai,Domestic Helper,Clear,Holiday,4,10,0,0,117
2025-09-03,Delhi,Caregiver,Rain,Normal day,2,9,0,0,109
2023-12-14,Mumbai,Painter,Clear,Normal day,3,12,0,0,87
2025-10-01,Hyderabad,Technician,Clear,Normal day,2,10,0,0,81
2024-03-06,Delhi,Caregiver,Clear,Normal day,2,3,0,0,84
2024-04-14,Hyderabad,Plumber,Extreme heat,Normal day,6,4,1,0,121
2025-06-21,Mumbai,Domestic Helper,Clear,Normal day,5,6,1,0,139
2024-01-19,Bengaluru,Technician,Extreme heat,Holiday,4,1,0,0,115
2023-01-25,Mumbai,Painter,Clear,Normal day,2,1,0,0,87
2023-12-05,Bengaluru,Carpenter,Clear,Normal day,1,12,0,0,95
2024-05-29,Hyderabad,Domestic Helper,Extreme heat,Normal day,2,5,0,1,107
2024-12-04,Mumbai,Technician,Clear,Normal day,2,12,0,0,121
2024-12-31,Hyderabad,Plumber,Clear,Major event,1,12,0,1,102
2024-01-07,Bengaluru,Domestic Helper,Clear,Holiday,6,1,1,0,113
2025-07-17,Mumbai,Electrician,Rain,Normal day,3,7,0,0,146
2025-01-10,Bengaluru,Painter,Clear,Normal day,4,1,0,0,76
2025-08-14,Hyderabad,Technician,Rain,Normal day,3,8,0,0,101
2023-09-24,Hyderabad,Plumber,Rain,Normal day,6,9,1,0,126
2023-06-25,Delhi,Domestic Helper,Clear,Normal day,6,6,1,0,99
2023-11-24,Hyderabad,Caregiver,Rain,Normal day,4,11,0,0,106
2023-02-24,Mumbai,Painter,Clear,Major event,4,2,0,0,111
2023-05-01,Hyderabad,Plumber,Clear,Normal day,0,5,0,0,99
2025-09-05,Bengaluru,Technician,Clear,Normal day,4,9,0,0,90
2025-12-05,Delhi,Carpenter,Clear,Normal day,4,12,0,0,102
2024-10-24,Hyderabad,Technician,Clear,Normal day,3,10,0,0,91
2023-06-04,Delhi,Technician,Rain,Normal day,6,6,1,0,125
2025-11-22,Hyderabad,Carpenter,Clear,Normal day,5,11,1,0,116
2023-03-02,Mumbai,Plumber,Clear,Normal day,3,3,0,0,107
2025-12-12,Bengaluru,Technician,Clear,Major event,4,12,0,0,119
2024-08-02,Bengaluru,Painter,Clear,Holiday,4,8,0,0,99
2024-07-26,Bengaluru,Plumber,Rain,Holiday,4,7,0,1,181
2025-11-17,Hyderabad,Painter,Clear,Normal day,0,11,0,0,49
2025-09-19,Delhi,Carpenter,Rain,Normal day,4,9,0,0,127
2023-01-11,Delhi,Domestic Helper,Clear,Normal day,2,1,0,0,89
2023-03-30,Delhi,Domestic Helper,Clear,Normal day,3,3,0,1,113
2024-05-23,Hyderabad,Painter,Extreme heat,Normal day,3,5,0,0,87
2023-09-20,Hyderabad,Plumber,Rain,Normal day,2,9,0,0,126
2023-08-02,Bengaluru,Carpenter,Rain,Holiday,2,8,0,0,152
2024-09-23,Mumbai,Caregiver,Rain,Normal day,0,9,0,0,87
2024-10-25,Bengaluru,Caregiver,Extreme heat,Normal day,4,10,0,0,94
2025-04-01,Mumbai,Electrician,Clear,Normal day,1,4,0,0,87
2024-02-01,Delhi,Domestic Helper,Rain,Normal day,3,2,0,0,108
2024-08-09,Bengaluru,Painter,Rain,Normal day,4,8,0,0,101
2025-02-12,Hyderabad,Carpenter,Extreme heat,Normal day,2,2,0,0,82
2025-05-09,Delhi,Domestic Helper,Clear,Normal day,4,5,0,0,106
2023-06-04,Bengaluru,Electrician,Clear,Normal day,6,6,1,0,114
2025-06-13,Hyderabad,Caregiver,Clear,Normal day,4,6,0,0,64
2023-07-07,Hyderabad,Domestic Helper,Clear,Normal day,4,7,0,0,89
2024-10-11,Mumbai,Painter,Clear,Holiday,4,10,0,0,98
2023-11-24,Delhi,Domestic Helper,Clear,Normal day,4,11,0,0,100
2025-06-02,Delhi,Carpenter,Rain,Normal day,0,6,0,0,110
2023-10-29,Delhi,Plumber,Extreme heat,Normal day,6,10,1,1,141
2023-01-30,Delhi,Painter,Clear,Major event,0,1,0,1,86
2024-02-16,Hyderabad,Carpenter,Clear,Normal day,4,2,0,0,63
2025-07-04,Delhi,Painter,Rain,Normal day,4,7,0,0,111
2025-06-03,Mumbai,Technician,Clear,Normal day,1,6,0,0,105
2024-03-27,Mumbai,Painter,Extreme heat,Normal day,2,3,0,1,111
2025-10-13,Bengaluru,Plumber,Clear,Normal day,0,10,0,0,97
2024-01-14,Bengaluru,Plumber,Rain,Major event,6,1,1,0,171
2024-11-30,Hyderabad,Caregiver,Clear,Normal day,5,11,1,1,91
2023-08-24,Delhi,Plumber,Clear,Normal day,3,8,0,0,132
2024-11-28,Hyderabad,Painter,Clear,Normal day,3,11,0,1,61
2023-01-02,Delhi,Painter,Clear,Normal day,0,1,0,0,80
2023-04-05,Mumbai,Electrician,Clear,Normal day,2,4,0,0,95
2023-05-30,Mumbai,Technician,Extreme heat,Normal day,1,5,0,1,122
2024-01-23,Mumbai,Domestic Helper,Clear,Normal day,1,1,0,0,101
2024-06-30,Hyderabad,Technician,Rain,Normal day,6,6,1,1,123
2023-02-26,Hyderabad,Technician,Clear,Holiday,6,2,1,1,119
2025-10-18,Delhi,Painter,Clear,Normal day,5,10,1,0,122
2024-05-05,Mumbai,Technician,Clear,Normal day,6,5,1,0,90
2024-07-22,Bengaluru,Caregiver,Rain,Normal day,0,7,0,0,120
2024-09-24,Delhi,Plumber,Clear,Normal day,1,9,0,0,108
2025-02-20,Mumbai,Domestic Helper,Rain,Normal day,3,2,0,0,124
2024-01-17,Bengaluru,Carpenter,Rain,Normal day,2,1,0,0,101
2024-09-08,Bengaluru,Caregiver,Clear,Normal day,6,9,1,0,82
2025-10-24,Hyderabad,Painter,Clear,Holiday,4,10,0,0,91
2025-10-19,Delhi,Electrician,Clear,Normal day,6,10,1,0,168
2025-01-10,Mumbai,Caregiver,Clear,Holiday,4,1,0,0,88
2025-10-27,Hyderabad,Plumber,Clear,Normal day,0,10,0,1,83
2023-12-19,Bengaluru,Caregiver,Clear,Normal day,1,12,0,0,75
2024-03-24,Mumbai,Electrician,Clear,Normal day,6,3,1,0,129
2023-01-30,Hyderabad,Caregiver,Clear,Normal day,0,1,0,1,79
2023-10-11,Bengaluru,Carpenter,Clear,Normal day,2,10,0,0,84
2024-06-13,Delhi,Painter,Rain,Normal day,3,6,0,0,117
2023-05-26,Delhi,Technician,Extreme heat,Normal day,4,5,0,1,130
2025-08-09,Hyderabad,Painter,Clear,Normal day,5,8,1,0,75
2024-04-17,Bengaluru,Electrician,Clear,Normal day,2,4,0,0,95
2024-09-27,Delhi,Painter,Rain,Normal day,4,9,0,1,98
2025-07-10,Hyderabad,Carpenter,Rain,Normal day,3,7,0,0,107
2025-02-27,Hyderabad,Technician,Clear,Normal day,3,2,0,1,86
2023-04-06,Delhi,Plumber,Clear,Normal day,3,4,0,0,93
2024-12-01,Mumbai,Domestic Helper,Clear,Normal day,6,12,1,0,102
2024-10-18,Mumbai,Electrician,Clear,Holiday,4,10,0,0,143
2025-11-29,Hyderabad,Domestic Helper,Clear,Normal day,5,11,1,1,99
2025-09-25,Mumbai,Painter,Clear,Normal day,3,9,0,0,84
2023-10-18,Mumbai,Electrician,Clear,Normal day,2,10,0,0,129
2025-01-10,Bengaluru,Painter,Rain,Holiday,4,1,0,0,115
2025-08-15,Mumbai,Caregiver,Rain,Normal day,4,8,0,0,118
2024-07-18,Bengaluru,Electrician,Clear,Normal day,3,7,0,0,91
2024-09-17,Hyderabad,Technician,Extreme heat,Normal day,1,9,0,0,102
2023-03-18,Mumbai,Plumber,Clear,Holiday,5,3,1,0,167
2024-05-21,Bengaluru,Plumber,Clear,Normal day,1,5,0,0,109
2024-05-04,Mumbai,Technician,Clear,Holiday,5,5,1,0,126
2023-08-18,Delhi,Caregiver,Clear,Normal day,4,8,0,0,90
2025-10-24,Delhi,Carpenter,Clear,Normal day,4,10,0,0,112
2023-10-01,Delhi,Carpenter,Clear,Normal day,6,10,1,0,95
2024-12-04,Bengaluru,Carpenter,Clear,Normal day,2,12,0,0,70
2024-06-02,Delhi,Painter,Rain,Normal day,6,6,1,0,121
2024-10-11,Bengaluru,Painter,Extreme heat,Normal day,4,10,0,0,101
2024-02-14,Hyderabad,Caregiver,Rain,Normal day,2,2,0,0,80
2024-11-03,Delhi,Painter,Extreme heat,Normal day,6,11,1,0,98
2025-06-03,Mumbai,Caregiver,Extreme heat,Normal day,1,6,0,0,100
2024-12-28,Hyderabad,Caregiver,Clear,Normal day,5,12,1,1,83
2025-12-29,Mumbai,Carpenter,Rain,Normal day,0,12,0,1,142
2023-04-05,Bengaluru,Domestic Helper,Extreme heat,Normal day,2,4,0,0,93
2023-08-16,Hyderabad,Plumber,Clear,Normal day,2,8,0,0,98
2024-09-19,Hyderabad,Painter,Rain,Normal day,3,9,0,0,80
2024-02-06,Hyderabad,Technician,Rain,Normal day,1,2,0,0,91
2024-08-04,Mumbai,Painter,Rain,Normal day,6,8,1,0,119
2023-08-28,Hyderabad,Domestic Helper,Rain,Normal day,0,8,0,1,122
2023-04-10,Bengaluru,Technician,Extreme heat,Normal day,0,4,0,0,77
2025-10-09,Bengaluru,Domestic Helper,Clear,Normal day,3,10,0,0,83
2024-10-02,Mumbai,Technician,Clear,Normal day,2,10,0,0,114
2025-07-19,Mumbai,Electrician,Rain,Normal day,5,7,1,0,171
2025-01-18,Bengaluru,Domestic Helper,Clear,Normal day,5,1,1,0,97
2024-12-21,Hyderabad,Plumber,Clear,Normal day,5,12,1,0,113
2024-07-08,Hyderabad,Caregiver,Clear,Major event,0,7,0,0,90
2025-03-11,Delhi,Painter,Clear,Normal day,1,3,0,0,67
2024-04-27,Mumbai,Caregiver,Clear,Normal day,5,4,1,1,107
2024-08-12,Mumbai,Caregiver,Clear,Holiday,0,8,0,0,88
2024-05-07,Bengaluru,Carpenter,Clear,Holiday,1,5,0,0,83
2025-10-09,Delhi,Carpenter,Rain,Normal day,3,10,0,0,127
2025-12-15,Delhi,Electrician,Clear,Normal day,0,12,0,0,91
2023-05-06,Mumbai,Carpenter,Clear,Normal day,5,5,1,0,105
2024-12-10,Bengaluru,Painter,Clear,Major event,1,12,0,0,101
2024-03-10,Mumbai,Plumber,Clear,Normal day,6,3,1,0,118
2025-08-11,Bengaluru,Plumber,Clear,Major event,0,8,0,0,146
2024-02-19,Bengaluru,Electrician,Rain,Major event,0,2,0,0,145
2025-09-18,Bengaluru,Caregiver,Rain,Normal day,3,9,0,0,113
2024-11-03,Mumbai,Plumber,Clear,Normal day,6,11,1,0,121
2024-03-27,Hyderabad,Painter,Clear,Normal day,2,3,0,1,55
2025-03-25,Bengaluru,Painter,Clear,Normal day,1,3,0,0,66
2024-04-06,Delhi,Carpenter,Clear,Normal day,5,4,1,0,109
2024-08-13,Hyderabad,Electrician,Clear,Normal day,1,8,0,0,91
2025-05-26,Bengaluru,Carpenter,Extreme heat,Normal day,0,5,0,1,75
2024-03-20,Mumbai,Domestic Helper,Clear,Normal day,2,3,0,0,113
2023-04-15,Mumbai,Electrician,Clear,Normal day,5,4,1,0,133
2023-07-21,Mumbai,Carpenter,Rain,Normal day,4,7,0,0,157
2024-05-26,Bengaluru,Painter,Clear,Normal day,6,5,1,1,104
2024-11-07,Mumbai,Carpenter,Clear,Normal day,3,11,0,0,110
2024-03-16,Bengaluru,Technician,Clear,Normal day,5,3,1,0,84
2023-03-30,Mumbai,Painter,Rain,Normal day,3,3,0,1,129
2023-08-13,Mumbai,Painter,Clear,Normal day,6,8,1,0,110
2025-01-12,Delhi,Painter,Clear,Holiday,6,1,1,0,99
2024-08-12,Mumbai,Electrician,Rain,Holiday,0,8,0,0,151
2024-01-18,Mumbai,Electrician,Clear,Normal day,3,1,0,0,96
2024-10-28,Bengaluru,Electrician,Clear,Normal day,0,10,0,1,108
2024-05-29,Mumbai,Painter,Clear,Normal day,2,5,0,1,92
2024-06-30,Delhi,Carpenter,Clear,Normal day,6,6,1,1,105
2025-05-06,Bengaluru,Carpenter,Clear,Normal day,1,5,0,0,86
2023-01-16,Bengaluru,Painter,Clear,Holiday,0,1,0,0,65
2025-06-23,Hyderabad,Caregiver,Rain,Normal day,0,6,0,0,88
2025-08-03,Bengaluru,Technician,Rain,Normal day,6,8,1,0,131
2025-07-02,Delhi,Caregiver,Rain,Holiday,2,7,0,0,107
2024-03-23,Mumbai,Domestic Helper,Clear,Normal day,5,3,1,0,122
2023-01-30,Bengaluru,Domestic Helper,Clear,Holiday,0,1,0,1,92
2025-05-16,Mumbai,Caregiver,Extreme heat,Normal day,4,5,0,0,112
2025-05-18,Hyderabad,Painter,Extreme heat,Normal day,6,5,1,0,104
2025-01-27,Hyderabad,Electrician,Clear,Normal day,0,1,0,1,87
2024-09-24,Hyderabad,Caregiver,Clear,Normal day,1,9,0,0,85
2025-05-12,Mumbai,Plumber,Clear,Normal day,0,5,0,0,102
2025-02-14,Delhi,Caregiver,Clear,Normal day,4,2,0,0,66
2025-04-26,Delhi,Technician,Extreme heat,Normal day,5,4,1,1,117
2025-04-21,Mumbai,Carpenter,Clear,Normal day,0,4,0,0,109
2024-02-22,Delhi,Technician,Clear,Normal day,3,2,0,0,83
2025-01-20,Bengaluru,Technician,Clear,Normal day,0,1,0,0,89
2025-03-21,Hyderabad,Carpenter,Clear,Normal day,4,3,0,0,73
2025-04-16,Delhi,Technician,Clear,Holiday,2,4,0,0,116
2024-04-13,Mumbai,Painter,Extreme heat,Normal day,5,4,1,0,124
2025-03-20,Delhi,Domestic Helper,Clear,Normal day,3,3,0,0,88
2023-01-18,Mumbai,Plumber,Extreme heat,Holiday,2,1,0,0,119
2023-07-09,Delhi,Carpenter,Clear,Normal day,6,7,1,0,93
2025-01-24,Mumbai,Painter,Clear,Normal day,4,1,0,0,82
2025-03-23,Hyderabad,Electrician,Clear,Normal day,6,3,1,0,99
2025-05-29,Delhi,Plumber,Clear,Normal day,3,5,0,1,147
2025-08-24,Bengaluru,Domestic Helper,Clear,Normal day,6,8,1,0,93
2023-11-14,Mumbai,Domestic Helper,Clear,Holiday,1,11,0,0,110
2024-02-15,Delhi,Caregiver,Clear,Normal day,3,2,0,0,76
2024-01-25,Mumbai,Plumber,Clear,Normal day,3,1,0,0,101
2023-06-28,Delhi,Domestic Helper,Clear,Normal day,2,6,0,1,101
2024-06-17,Bengaluru,Painter,Rain,Normal day,0,6,0,0,86
2024-11-03,Mumbai,Domestic Helper,Clear,Normal day,6,11,1,0,138
2024-03-11,Delhi,Technician,Clear,Normal day,0,3,0,0,99
2023-02-19,Bengaluru,Painter,Clear,Normal day,6,2,1,0,71
2025-03-28,Hyderabad,Painter,Clear,Normal day,4,3,0,1,69
2024-03-30,Hyderabad,Caregiver,Clear,Normal day,5,3,1,1,91
2024-09-25,Mumbai,Domestic Helper,Clear,Normal day,2,9,0,0,120
2024-12-30,Bengaluru,Domestic Helper,Clear,Normal day,0,12,0,1,81
2024-11-15,Hyderabad,Plumber,Clear,Normal day,4,11,0,0,115
2025-02-11,Hyderabad,Domestic Helper,Clear,Normal day,1,2,0,0,80
2023-10-20,Delhi,Painter,Clear,Holiday,4,10,0,0,93
2024-05-16,Delhi,Caregiver,Extreme heat,Normal day,3,5,0,0,99
2023-12-06,Hyderabad,Electrician,Clear,Normal day,2,12,0,0,89
2023-12-29,Mumbai,Technician,Clear,Normal day,4,12,0,1,96
2024-05-29,Hyderabad,Painter,Clear,Holiday,2,5,0,1,100
2023-07-25,Delhi,Domestic Helper,Rain,Normal day,1,7,0,0,114
2023-04-09,Hyderabad,Technician,Clear,Normal day,6,4,1,0,101
2025-03-01,Hyderabad,Domestic Helper,Extreme heat,Normal day,5,3,1,0,114
2024-05-28,Delhi,Electrician,Extreme heat,Normal day,1,5,0,1,121
2025-01-07,Bengaluru,Domestic Helper,Extreme heat,Normal day,1,1,0,0,108
2024-10-25,Hyderabad,Technician,Clear,Normal day,4,10,0,0,91
2024-07-13,Bengaluru,Technician,Rain,Normal day,5,7,1,0,133
2024-04-26,Bengaluru,Domestic Helper,Clear,Major event,4,4,0,1,132
2025-03-20,Mumbai,Carpenter,Clear,Normal day,3,3,0,0,79
2023-10-04,Mumbai,Painter,Extreme heat,Normal day,2,10,0,0,94
2024-05-22,Bengaluru,Electrician,Extreme heat,Normal day,2,5,0,0,101
2023-11-24,Bengaluru,Electrician,Clear,Holiday,4,11,0,0,124
2025-01-21,Mumbai,Electrician,Clear,Holiday,1,1,0,0,132
2023-07-23,Delhi,Plumber,Clear,Normal day,6,7,1,0,136
2024-05-11,Hyderabad,Caregiver,Extreme heat,Normal day,5,5,1,0,91
2023-05-17,Delhi,Technician,Clear,Normal day,2,5,0,0,100
2023-06-12,Mumbai,Painter,Clear,Normal day,0,6,0,0,83
2025-05-23,Hyderabad,Plumber,Clear,Normal day,4,5,0,0,97
2024-12-13,Bengaluru,Technician,Rain,Holiday,4,12,0,0,144
2025-07-23,Hyderabad,Caregiver,Clear,Normal day,2,7,0,0,71
2023-01-29,Bengaluru,Caregiver,Clear,Holiday,6,1,1,1,92
2023-06-12,Hyderabad,Painter,Rain,Normal day,0,6,0,0,91
2024-03-11,Mumbai,Carpenter,Clear,Normal day,0,3,0,0,81
2024-06-10,Mumbai,Technician,Rain,Normal day,0,6,0,0,144
2025-09-12,Bengaluru,Carpenter,Rain,Normal day,4,9,0,0,94
2025-10-06,Delhi,Painter,Clear,Holiday,0,10,0,0,116
2023-04-30,Hyderabad,Electrician,Clear,Normal day,6,4,1,1,101
2024-01-17,Bengaluru,Technician,Clear,Holiday,2,1,0,0,93
2024-05-01,Bengaluru,Technician,Extreme heat,Normal day,2,5,0,0,87
2024-02-18,Delhi,Caregiver,Clear,Normal day,6,2,1,0,93
2024-01-02,Mumbai,Plumber,Clear,Normal day,1,1,0,0,110
2023-01-26,Bengaluru,Carpenter,Rain,Normal day,3,1,0,1,115
2024-03-15,Mumbai,Carpenter,Clear,Normal day,4,3,0,0,96
2023-10-12,Delhi,Plumber,Clear,Normal day,3,10,0,0,121
2025-01-09,Mumbai,Caregiver,Rain,Normal day,3,1,0,0,109
2023-06-30,Mumbai,Electrician,Clear,Normal day,4,6,0,1,116
2024-12-10,Delhi,Plumber,Clear,Normal day,1,12,0,0,125
2024-03-16,Mumbai,Painter,Clear,Major event,5,3,1,0,136
2023-06-20,Hyderabad,Painter,Rain,Normal day,1,6,0,0,78
2025-06-05,Hyderabad,Technician,Rain,Normal day,3,6,0,0,111
2023-10-05,Bengaluru,Plumber,Clear,Normal day,3,10,0,0,96
2025-11-04,Hyderabad,Technician,Clear,Holiday,1,11,0,0,87
2025-06-25,Mumbai,Technician,Clear,Normal day,2,6,0,0,111
2024-09-04,Bengaluru,Painter,Rain,Normal day,2,9,0,0,100
2024-11-23,Mumbai,Caregiver,Rain,Normal day,5,11,1,0,132
2023-01-25,Delhi,Technician,Clear,Normal day,2,1,0,0,104
2024-07-29,Bengaluru,Electrician,Rain,Major event,0,7,0,1,216
2024-10-22,Delhi,Electrician,Clear,Normal day,1,10,0,0,107
2023-12-02,Delhi,Painter,Rain,Normal day,5,12,1,0,121
2024-04-21,Hyderabad,Domestic Helper,Clear,Normal day,6,4,1,0,102
2025-10-04,Bengaluru,Caregiver,Clear,Normal day,5,10,1,0,98
2024-04-10,Bengaluru,Caregiver,Clear,Normal day,2,4,0,0,72
2024-08-25,Bengaluru,Carpenter,Rain,Normal day,6,8,1,0,115
2024-11-02,Bengaluru,Electrician,Clear,Holiday,5,11,1,0,140
2023-12-09,Hyderabad,Caregiver,Clear,Normal day,5,12,1,0,98
2023-10-09,Mumbai,Domestic Helper,Clear,Normal day,0,10,0,0,133
2024-04-28,Mumbai,Electrician,Clear,Holiday,6,4,1,1,145
2023-11-19,Bengaluru,Technician,Clear,Major event,6,11,1,0,149
2024-02-05,Hyderabad,Domestic Helper,Clear,Normal day,0,2,0,0,99
2023-03-22,Delhi,Electrician,Clear,Holiday,2,3,0,0,125
2024-10-06,Bengaluru,Electrician,Clear,Normal day,6,10,1,0,115
2024-07-13,Hyderabad,Technician,Clear,Holiday,5,7,1,0,130
2023-04-11,Hyderabad,Carpenter,Clear,Normal day,1,4,0,0,75
2025-06-19,Hyderabad,Domestic Helper,Rain,Normal day,3,6,0,0,95
2023-07-03,Mumbai,Technician,Rain,Normal day,0,7,0,0,111
2025-07-06,Bengaluru,Carpenter,Rain,Normal day,6,7,1,0,120
2023-06-14,Mumbai,Domestic Helper,Extreme heat,Normal day,2,6,0,0,152
2023-05-08,Bengaluru,Electrician,Extreme heat,Normal day,0,5,0,0,97
2024-07-15,Delhi,Caregiver,Clear,Normal day,0,7,0,0,93
2025-04-03,Hyderabad,Painter,Clear,Holiday,3,4,0,0,76
2024-11-23,Mumbai,Carpenter,Clear,Normal day,5,11,1,0,98
2023-07-17,Hyderabad,Electrician,Rain,Normal day,0,7,0,0,109
2025-07-10,Hyderabad,Carpenter,Clear,Normal day,3,7,0,0,100
2025-09-16,Hyderabad,Technician,Rain,Normal day,1,9,0,0,107
2023-11-09,Mumbai,Domestic Helper,Clear,Normal day,3,11,0,0,104
2024-12-17,Mumbai,Carpenter,Clear,Normal day,1,12,0,0,94
2025-06-20,Hyderabad,Caregiver,Clear,Normal day,4,6,0,0,89
2023-11-01,Bengaluru,Domestic Helper,Rain,Normal day,2,11,0,0,112
2024-01-09,Delhi,Domestic Helper,Clear,Normal day,1,1,0,0,113
2024-04-27,Delhi,Caregiver,Clear,Normal day,5,4,1,1,112
2025-07-28,Mumbai,Domestic Helper,Rain,Normal day,0,7,0,1,143
2024-03-16,Delhi,Caregiver,Clear,Normal day,5,3,1,0,93
2023-02-02,Mumbai,Caregiver,Rain,Major event,3,2,0,0,142
2024-05-12,Hyderabad,Caregiver,Clear,Normal day,6,5,1,0,75
2025-12-18,Delhi,Technician,Clear,Normal day,3,12,0,0,89
2024-06-29,Mumbai,Caregiver,Rain,Normal day,5,6,1,1,136
2024-04-21,Delhi,Caregiver,Extreme heat,Normal day,6,4,1,0,110
2024-12-11,Mumbai,Caregiver,Clear,Holiday,2,12,0,0,101
2025-05-02,Hyderabad,Painter,Clear,Normal day,4,5,0,0,86
2025-08-27,Mumbai,Carpenter,Extreme heat,Normal day,2,8,0,1,118
2024-04-25,Delhi,Electrician,Extreme heat,Normal day,3,4,0,0,120
2023-04-26,Bengaluru,Painter,Clear,Normal day,2,4,0,1,76
2023-05-02,Bengaluru,Carpenter,Extreme heat,Normal day,1,5,0,0,91
2025-02-05,Hyderabad,Caregiver,Clear,Normal day,2,2,0,0,60
2024-12-04,Mumbai,Technician,Clear,Normal day,2,12,0,0,102
2025-12-17,Hyderabad,Plumber,Rain,Holiday,2,12,0,0,135
2025-07-29,Bengaluru,Carpenter,Clear,Normal day,1,7,0,1,97
2023-08-29,Delhi,Plumber,Clear,Normal day,1,8,0,1,118
2023-10-29,Bengaluru,Electrician,Clear,Normal day,6,10,1,1,91
2024-06-26,Delhi,Domestic Helper,Clear,Normal day,2,6,0,1,115
2023-12-08,Bengaluru,Caregiver,Clear,Normal day,4,12,0,0,90
2024-01-03,Delhi,Painter,Clear,Holiday,2,1,0,0,79
2025-01-21,Bengaluru,Plumber,Clear,Holiday,1,1,0,0,106
2025-04-15,Delhi,Technician,Clear,Normal day,1,4,0,0,117
2024-05-30,Hyderabad,Carpenter,Clear,Normal day,3,5,0,1,74
2025-10-23,Hyderabad,Plumber,Clear,Normal day,3,10,0,0,100
2024-10-23,Mumbai,Caregiver,Rain,Normal day,2,10,0,0,81
2025-10-12,Delhi,Technician,Clear,Normal day,6,10,1,0,115
2025-01-07,Mumbai,Technician,Clear,Normal day,1,1,0,0,94
2023-09-02,Delhi,Carpenter,Extreme heat,Normal day,5,9,1,0,112
2025-12-19,Mumbai,Technician,Clear,Normal day,4,12,0,0,115
2023-12-30,Mumbai,Electrician,Clear,Normal day,5,12,1,1,129
2023-12-18,Delhi,Carpenter,Clear,Normal day,0,12,0,0,101
2023-02-22,Bengaluru,Plumber,Clear,Normal day,2,2,0,0,111
2024-05-03,Hyderabad,Domestic Helper,Extreme heat,Normal day,4,5,0,0,106
2025-02-25,Mumbai,Carpenter,Clear,Holiday,1,2,0,0,96
2023-05-26,Delhi,Caregiver,Clear,Normal day,4,5,0,1,102
2025-03-08,Bengaluru,Caregiver,Clear,Normal day,5,3,1,0,65
2025-04-26,Mumbai,Caregiver,Clear,Normal day,5,4,1,1,107
2023-07-29,Mumbai,Technician,Rain,Holiday,5,7,1,1,166
2025-10-02,Bengaluru,Painter,Clear,Normal day,3,10,0,0,85
2024-06-29,Hyderabad,Electrician,Clear,Major event,5,6,1,1,155
2023-08-09,Mumbai,Carpenter,Clear,Normal day,2,8,0,0,113
2024-01-27,Bengaluru,Painter,Clear,Normal day,5,1,1,1,75
2023-04-18,Mumbai,Painter,Clear,Normal day,1,4,0,0,88
2025-05-01,Mumbai,Caregiver,Clear,Normal day,3,5,0,0,79
2023-05-04,Hyderabad,Electrician,Clear,Normal day,3,5,0,0,82
2024-08-27,Mumbai,Carpenter,Clear,Normal day,1,8,0,1,102
2025-03-20,Hyderabad,Domestic Helper,Clear,Normal day,3,3,0,0,85
2025-07-16,Delhi,Plumber,Clear,Holiday,2,7,0,0,132
2023-05-19,Delhi,Electrician,Clear,Normal day,4,5,0,0,109
2024-06-11,Hyderabad,Electrician,Rain,Normal day,1,6,0,0,105
2025-09-27,Mumbai,Plumber,Rain,Normal day,5,9,1,1,167
2025-05-16,Bengaluru,Caregiver,Extreme heat,Normal day,4,5,0,0,94
2023-12-14,Delhi,Caregiver,Clear,Normal day,3,12,0,0,100
2024-07-13,Hyderabad,Carpenter,Rain,Normal day,5,7,1,0,115
2024-03-12,Hyderabad,Caregiver,Clear,Normal day,1,3,0,0,86
2024-04-15,Bengaluru,Carpenter,Clear,Normal day,0,4,0,0,79
2025-08-18,Mumbai,Painter,Clear,Major event,0,8,0,0,108
2024-09-30,Bengaluru,Electrician,Clear,Normal day,0,9,0,1,86
2024-07-12,Bengaluru,Carpenter,Clear,Normal day,4,7,0,0,97
2024-04-15,Bengaluru,Plumber,Clear,Normal day,0,4,0,0,108
2023-02-22,Mumbai,Domestic Helper,Clear,Normal day,2,2,0,0,102
2025-04-19,Hyderabad,Painter,Extreme heat,Normal day,5,4,1,0,105
2025-05-08,Mumbai,Carpenter,Clear,Normal day,3,5,0,0,102
2025-03-15,Bengaluru,Painter,Clear,Holiday,5,3,1,0,96
2023-12-18,Bengaluru,Electrician,Clear,Normal day,0,12,0,0,95
2025-03-08,Mumbai,Caregiver,Clear,Normal day,5,3,1,0,103
2024-08-08,Bengaluru,Domestic Helper,Clear,Normal day,3,8,0,0,87
2024-07-22,Delhi,Domestic Helper,Clear,Normal day,0,7,0,0,115
2024-04-24,Delhi,Painter,Clear,Normal day,2,4,0,0,81
2024-07-20,Mumbai,Painter,Rain,Normal day,5,7,1,0,123
2024-11-08,Bengaluru,Technician,Clear,Normal day,4,11,0,0,78
2025-01-12,Delhi,Painter,Rain,Normal day,6,1,1,0,102
2024-05-31,Delhi,Caregiver,Extreme heat,Normal day,4,5,0,1,110
2023-06-05,Mumbai,Plumber,Rain,Normal day,0,6,0,0,151
2024-08-17,Hyderabad,Painter,Rain,Normal day,5,8,1,0,112
2023-04-16,Bengaluru,Caregiver,Clear,Normal day,6,4,1,0,86
2023-12-14,Mumbai,Technician,Clear,Normal day,3,12,0,0,84
2023-12-25,Delhi,Domestic Helper,Clear,Normal day,0,12,0,0,93
2025-05-26,Delhi,Plumber,Clear,Normal day,0,5,0,1,133
2025-10-13,Delhi,Caregiver,Rain,Normal day,0,10,0,0,121
2023-04-19,Mumbai,Electrician,Extreme heat,Normal day,2,4,0,0,154
2024-11-26,Delhi,Electrician,Clear,Holiday,1,11,0,1,121
2024-06-21,Bengaluru,Carpenter,Rain,Holiday,4,6,0,0,140
2023-09-21,Delhi,Plumber,Clear,Normal day,3,9,0,0,111
2025-08-20,Delhi,Plumber,Rain,Normal day,2,8,0,0,132
2023-05-22,Mumbai,Caregiver,Extreme heat,Normal day,0,5,0,0,88
2025-02-07,Mumbai,Carpenter,Clear,Normal day,4,2,0,0,110
2023-05-25,Delhi,Plumber,Extreme heat,Normal day,3,5,0,0,134
2023-02-14,Delhi,Electrician,Clear,Normal day,1,2,0,0,93
2025-03-25,Mumbai,Plumber,Clear,Normal day,1,3,0,0,72
2023-05-22,Hyderabad,Domestic Helper,Clear,Normal day,0,5,0,0,70
2025-12-03,Mumbai,Caregiver,Clear,Normal day,2,12,0,0,86
2024-01-22,Mumbai,Caregiver,Clear,Normal day,0,1,0,0,84
2023-05-16,Hyderabad,Electrician,Extreme heat,Normal day,1,5,0,0,95
2023-04-09,Mumbai,Plumber,Extreme heat,Normal day,6,4,1,0,154
2024-04-18,Bengaluru,Domestic Helper,Extreme heat,Normal day,3,4,0,0,100
2023-06-27,Delhi,Plumber,Clear,Normal day,1,6,0,1,130
2025-05-30,Bengaluru,Caregiver,Clear,Major event,4,5,0,1,111
2024-02-12,Bengaluru,Plumber,Clear,Normal day,0,2,0,0,99
2023-04-09,Mumbai,Caregiver,Extreme heat,Major event,6,4,1,0,141
2024-05-07,Hyderabad,Painter,Extreme heat,Normal day,1,5,0,0,65
2025-04-26,Hyderabad,Painter,Extreme heat,Normal day,5,4,1,1,86
2025-05-02,Delhi,Technician,Extreme heat,Normal day,4,5,0,0,136
2025-01-01,Delhi,Carpenter,Clear,Normal day,2,1,0,0,61
2024-03-02,Delhi,Domestic Helper,Clear,Normal day,5,3,1,0,105
2024-05-27,Mumbai,Carpenter,Extreme heat,Normal day,0,5,0,1,115
2023-08-09,Bengaluru,Plumber,Clear,Normal day,2,8,0,0,101
2024-10-07,Delhi,Plumber,Clear,Holiday,0,10,0,0,130
2023-10-05,Mumbai,Caregiver,Clear,Normal day,3,10,0,0,85
2023-06-18,Mumbai,Carpenter,Rain,Normal day,6,6,1,0,118
2024-09-29,Delhi,Carpenter,Rain,Major event,6,9,1,1,188
2023-02-16,Mumbai,Painter,Clear,Normal day,3,2,0,0,89
2025-05-15,Bengaluru,Painter,Clear,Normal day,3,5,0,0,81
2024-10-17,Bengaluru,Caregiver,Clear,Normal day,3,10,0,0,95
2025-11-04,Hyderabad,Painter,Clear,Normal day,1,11,0,0,76
2025-05-10,Delhi,Domestic Helper,Extreme heat,Normal day,5,5,1,0,159
2024-06-06,Mumbai,Painter,Rain,Normal day,3,6,0,0,105
2025-07-17,Mumbai,Electrician,Clear,Normal day,3,7,0,0,136
2025-06-13,Delhi,Technician,Rain,Normal day,4,6,0,0,120
2023-12-10,Bengaluru,Plumber,Clear,Normal day,6,12,1,0,114
2025-01-09,Mumbai,Painter,Clear,Holiday,3,1,0,0,98
2025-02-05,Mumbai,Domestic Helper,Clear,Normal day,2,2,0,0,86
2023-06-23,Delhi,Technician,Rain,Normal day,4,6,0,0,127
2025-02-25,Delhi,Domestic Helper,Clear,Normal day,1,2,0,0,100
2024-07-19,Delhi,Technician,Rain,Normal day,4,7,0,0,113
2024-08-23,Delhi,Painter,Clear,Normal day,4,8,0,0,107
2024-05-02,Bengaluru,Electrician,Clear,Normal day,3,5,0,0,106
2023-12-14,Delhi,Technician,Clear,Normal day,3,12,0,0,101
2025-12-13,Hyderabad,Painter,Clear,Normal day,5,12,1,0,76
2025-10-08,Bengaluru,Technician,Clear,Normal day,2,10,0,0,99
2025-09-26,Delhi,Technician,Clear,Normal day,4,9,0,1,104
2024-09-08,Hyderabad,Painter,Rain,Normal day,6,9,1,0,97
2024-04-12,Hyderabad,Painter,Clear,Normal day,4,4,0,0,89
2024-12-04,Bengaluru,Caregiver,Clear,Normal day,2,12,0,0,84
2023-02-27,Bengaluru,Technician,Clear,Normal day,0,2,0,1,85
2025-08-03,Hyderabad,Caregiver,Clear,Normal day,6,8,1,0,87
2024-05-09,Delhi,Caregiver,Extreme heat,Holiday,3,5,0,0,131
2024-05-23,Bengaluru,Painter,Clear,Normal day,3,5,0,0,70
2023-01-26,Hyderabad,Domestic Helper,Clear,Normal day,3,1,0,1,74
2023-06-29,Hyderabad,Carpenter,Clear,Normal day,3,6,0,1,84
2023-12-30,Hyderabad,Carpenter,Clear,Holiday,5,12,1,1,92
2025-10-26,Mumbai,Technician,Clear,Normal day,6,10,1,1,130
2025-03-29,Hyderabad,Caregiver,Rain,Normal day,5,3,1,1,109
2023-07-04,Delhi,Caregiver,Clear,Normal day,1,7,0,0,82
2025-03-12,Bengaluru,Carpenter,Clear,Normal day,2,3,0,0,78
2024-10-27,Delhi,Technician,Clear,Normal day,6,10,1,1,106
2025-05-12,Hyderabad,Domestic Helper,Extreme heat,Normal day,0,5,0,0,92
2023-03-30,Mumbai,Painter,Rain,Normal day,3,3,0,1,106
2024-05-28,Hyderabad,Caregiver,Clear,Normal day,1,5,0,1,86
2025-01-28,Delhi,Electrician,Clear,Holiday,1,1,0,1,128
2023-05-27,Mumbai,Plumber,Rain,Normal day,5,5,1,1,174
2024-01-20,Mumbai,Plumber,Clear,Normal day,5,1,1,0,129
2023-06-02,Mumbai,Carpenter,Clear,Normal day,4,6,0,0,116
2023-09-21,Bengaluru,Plumber,Rain,Normal day,3,9,0,0,154
2025-07-12,Delhi,Domestic Helper,Rain,Normal day,5,7,1,0,163
2025-03-05,Hyderabad,Domestic Helper,Clear,Normal day,2,3,0,0,88
2025-11-05,Hyderabad,Caregiver,Clear,Normal day,2,11,0,0,76
2024-04-04,Bengaluru,Carpenter,Clear,Normal day,3,4,0,0,75
2024-06-16,Mumbai,Painter,Rain,Normal day,6,6,1,0,130
2024-01-11,Mumbai,Technician,Clear,Normal day,3,1,0,0,107
2023-06-10,Hyderabad,Carpenter,Clear,Major event,5,6,1,0,132
2023-09-04,Mumbai,Painter,Clear,Normal day,0,9,0,0,88
2023-01-21,Bengaluru,Painter,Clear,Normal day,5,1,1,0,81
2023-07-05,Hyderabad,Plumber,Rain,Normal day,2,7,0,0,124
2023-02-04,Delhi,Caregiver,Clear,Normal day,5,2,1,0,94
2023-01-10,Hyderabad,Technician,Clear,Holiday,1,1,0,0,77
2025-04-26,Mumbai,Carpenter,Clear,Normal day,5,4,1,1,125
2024-12-23,Hyderabad,Painter,Clear,Normal day,0,12,0,0,72
2024-08-15,Mumbai,Technician,Rain,Normal day,3,8,0,0,116
2023-05-13,Bengaluru,Technician,Clear,Major event,5,5,1,0,125
2023-03-14,Mumbai,Technician,Clear,Normal day,1,3,0,0,111
2023-02-07,Mumbai,Technician,Clear,Normal day,1,2,0,0,99
2023-12-23,Hyderabad,Carpenter,Rain,Normal day,5,12,1,0,129
2024-02-28,Delhi,Plumber,Clear,Normal day,2,2,0,1,123
2024-11-30,Hyderabad,Electrician,Clear,Normal day,5,11,1,1,114
2023-11-06,Bengaluru,Plumber,Clear,Normal day,0,11,0,0,106
2025-05-29,Delhi,Domestic Helper,Extreme heat,Normal day,3,5,0,1,122
2023-10-12,Bengaluru,Domestic Helper,Clear,Normal day,3,10,0,0,81
2023-05-12,Bengaluru,Electrician,Extreme heat,Normal day,4,5,0,0,103
2023-06-10,Hyderabad,Painter,Rain,Major event,5,6,1,0,137
2024-03-04,Hyderabad,Painter,Clear,Normal day,0,3,0,0,67
2024-09-14,Hyderabad,Plumber,Rain,Normal day,5,9,1,0,165
2023-11-21,Hyderabad,Technician,Clear,Normal day,1,11,0,0,86
2024-11-19,Bengaluru,Plumber,Clear,Normal day,1,11,0,0,92
2023-04-11,Mumbai,Caregiver,Extreme heat,Normal day,1,4,0,0,80
2023-03-05,Mumbai,Painter,Clear,Normal day,6,3,1,0,77
2024-02-10,Bengaluru,Caregiver,Clear,Normal day,5,2,1,0,91
2024-12-03,Mumbai,Technician,Clear,Normal day,1,12,0,0,100
2024-11-06,Hyderabad,Painter,Clear,Normal day,2,11,0,0,71
2024-12-02,Bengaluru,Technician,Clear,Normal day,0,12,0,0,107
2024-05-26,Bengaluru,Carpenter,Clear,Normal day,6,5,1,1,96
2023-05-07,Hyderabad,Technician,Clear,Normal day,6,5,1,0,112
2025-03-26,Delhi,Plumber,Clear,Normal day,2,3,0,1,97
2024-08-21,Bengaluru,Domestic Helper,Clear,Normal day,2,8,0,0,79
2025-10-31,Mumbai,Domestic Helper,Clear,Holiday,4,10,0,1,147
2023-01-09,Bengaluru,Carpenter,Clear,Normal day,0,1,0,0,72
2025-06-23,Hyderabad,Painter,Clear,Holiday,0,6,0,0,87
2025-03-30,Bengaluru,Painter,Rain,Normal day,6,3,1,1,92
2024-12-10,Mumbai,Domestic Helper,Rain,Holiday,1,12,0,0,139
2023-10-02,Hyderabad,Electrician,Clear,Normal day,0,10,0,0,97
2024-07-04,Bengaluru,Technician,Extreme heat,Normal day,3,7,0,0,124
2024-06-23,Delhi,Plumber,Rain,Normal day,6,6,1,0,144
2024-06-08,Delhi,Painter,Rain,Normal day,5,6,1,0,115
2025-04-18,Hyderabad,Electrician,Extreme heat,Normal day,4,4,0,0,109
2025-06-13,Delhi,Caregiver,Clear,Normal day,4,6,0,0,95
2023-03-11,Bengaluru,Caregiver,Clear,Normal day,5,3,1,0,87
2025-03-30,Hyderabad,Domestic Helper,Clear,Normal day,6,3,1,1,118
2025-01-16,Mumbai,Painter,Clear,Normal day,3,1,0,0,70
2024-08-06,Bengaluru,Plumber,Rain,Major event,1,8,0,0,176
2025-02-23,Bengaluru,Domestic Helper,Clear,Normal day,6,2,1,0,98
2025-04-19,Bengaluru,Caregiver,Clear,Normal day,5,4,1,0,86
2025-06-16,Mumbai,Electrician,Rain,Major event,0,6,0,0,171
2024-04-02,Mumbai,Domestic Helper,Extreme heat,Holiday,1,4,0,0,133
2023-05-17,Mumbai,Electrician,Extreme heat,Normal day,2,5,0,0,133
2025-05-24,Hyderabad,Technician,Clear,Normal day,5,5,1,0,93
2025-06-26,Mumbai,Electrician,Clear,Normal day,3,6,0,1,123
2024-08-27,Delhi,Domestic Helper,Clear,Normal day,1,8,0,1,112
2025-01-10,Hyderabad,Painter,Clear,Normal day,4,1,0,0,76
2023-01-06,Delhi,Painter,Clear,Normal day,4,1,0,0,77
2024-08-10,Mumbai,Domestic Helper,Clear,Normal day,5,8,1,0,124
2024-10-12,Delhi,Painter,Clear,Normal day,5,10,1,0,95
2024-05-14,Bengaluru,Painter,Clear,Normal day,1,5,0,0,60
2024-11-30,Delhi,Painter,Rain,Normal day,5,11,1,1,114
2025-10-11,Mumbai,Caregiver,Clear,Normal day,5,10,1,0,108
2025-11-25,Hyderabad,Domestic Helper,Clear,Normal day,1,11,0,0,110
2024-11-07,Mumbai,Electrician,Clear,Normal day,3,11,0,0,112
2023-12-27,Hyderabad,Technician,Rain,Holiday,2,12,0,1,134
2024-07-11,Hyderabad,Technician,Rain,Holiday,3,7,0,0,161
2023-03-08,Delhi,Domestic Helper,Clear,Major event,2,3,0,0,133
2023-07-05,Delhi,Painter,Clear,Normal day,2,7,0,0,112
2025-08-14,Bengaluru,Electrician,Clear,Normal day,3,8,0,0,96
2023-04-24,Bengaluru,Painter,Clear,Normal day,0,4,0,0,75
2024-10-17,Delhi,Painter,Clear,Normal day,3,10,0,0,80
2024-04-19,Delhi,Caregiver,Clear,Normal day,4,4,0,0,77
2025-04-03,Mumbai,Technician,Rain,Normal day,3,4,0,0,105
2024-07-19,Bengaluru,Plumber,Clear,Normal day,4,7,0,0,120
2025-02-13,Hyderabad,Electrician,Clear,Normal day,3,2,0,0,78
2024-02-16,Bengaluru,Carpenter,Clear,Normal day,4,2,0,0,114
2024-06-02,Mumbai,Carpenter,Rain,Holiday,6,6,1,0,146
2023-03-27,Mumbai,Technician,Clear,Normal day,0,3,0,1,104
2023-01-30,Delhi,Plumber,Clear,Normal day,0,1,0,1,96
2024-01-07,Delhi,Domestic Helper,Clear,Normal day,6,1,1,0,100
2023-03-16,Mumbai,Technician,Clear,Normal day,3,3,0,0,84
2025-07-05,Hyderabad,Painter,Clear,Normal day,5,7,1,0,94
2025-03-04,Mumbai,Technician,Clear,Normal day,1,3,0,0,110
2024-10-17,Bengaluru,Plumber,Clear,Normal day,3,10,0,0,110
2023-02-04,Mumbai,Domestic Helper,Clear,Normal day,5,2,1,0,95
2024-03-22,Hyderabad,Carpenter,Clear,Normal day,4,3,0,0,72
2024-02-03,Bengaluru,Domestic Helper,Clear,Normal day,5,2,1,0,127
2024-05-04,Mumbai,Caregiver,Extreme heat,Normal day,5,5,1,0,106
2025-07-05,Bengaluru,Plumber,Clear,Normal day,5,7,1,0,125
2025-11-10,Mumbai,Electrician,Clear,Normal day,0,11,0,0,106
2024-09-24,Bengaluru,Domestic Helper,Clear,Normal day,1,9,0,0,85
2023-08-04,Bengaluru,Technician,Rain,Normal day,4,8,0,0,117
2024-11-29,Hyderabad,Technician,Clear,Normal day,4,11,0,1,82
2025-10-07,Bengaluru,Domestic Helper,Clear,Normal day,1,10,0,0,101
2023-10-04,Bengaluru,Technician,Clear,Normal day,2,10,0,0,93
2025-12-22,Hyderabad,Carpenter,Clear,Normal day,0,12,0,0,80
2025-01-02,Mumbai,Plumber,Clear,Major event,3,1,0,0,142
2025-05-05,Bengaluru,Painter,Clear,Normal day,0,5,0,0,76
2023-08-15,Mumbai,Carpenter,Rain,Normal day,1,8,0,0,135
2023-12-25,Hyderabad,Carpenter,Clear,Normal day,0,12,0,0,79
2023-05-12,Mumbai,Painter,Clear,Normal day,4,5,0,0,76
2025-09-03,Delhi,Caregiver,Clear,Normal day,2,9,0,0,93
2024-09-25,Delhi,Plumber,Rain,Normal day,2,9,0,0,125
2024-12-28,Hyderabad,Caregiver,Clear,Normal day,5,12,1,1,105
2025-11-27,Mumbai,Technician,Clear,Normal day,3,11,0,1,101
2023-04-10,Bengaluru,Technician,Clear,Normal day,0,4,0,0,99
2023-07-30,Bengaluru,Carpenter,Rain,Normal day,6,7,1,1,125
2024-05-26,Mumbai,Domestic Helper,Extreme heat,Holiday,6,5,1,1,161
2025-07-30,Hyderabad,Carpenter,Rain,Normal day,2,7,0,1,115
2023-03-17,Delhi,Electrician,Clear,Normal day,4,3,0,0,109
2025-12-25,Bengaluru,Domestic Helper,Clear,Normal day,3,12,0,0,102
2024-03-05,Bengaluru,Technician,Clear,Normal day,1,3,0,0,87
2024-10-24,Bengaluru,Plumber,Clear,Normal day,3,10,0,0,107
2025-05-27,Bengaluru,Plumber,Extreme heat,Normal day,1,5,0,1,111
2024-12-05,Hyderabad,Plumber,Clear,Normal day,3,12,0,0,88
2023-11-05,Mumbai,Carpenter,Clear,Normal day,6,11,1,0,111
2023-10-11,Delhi,Technician,Clear,Holiday,2,10,0,0,107
2023-06-07,Delhi,Technician,Rain,Normal day,2,6,0,0,116
2025-08-21,Mumbai,Painter,Clear,Normal day,3,8,0,0,86
2024-02-19,Mumbai,Carpenter,Extreme heat,Normal day,0,2,0,0,101
2023-10-25,Hyderabad,Electrician,Clear,Normal day,2,10,0,0,114
2025-03-09,Mumbai,Caregiver,Rain,Normal day,6,3,1,0,117
2025-02-12,Hyderabad,Caregiver,Clear,Normal day,2,2,0,0,60
2024-01-04,Mumbai,Caregiver,Clear,Normal day,3,1,0,0,74
2024-12-06,Delhi,Painter,Clear,Normal day,4,12,0,0,91
2024-01-15,Hyderabad,Domestic Helper,Clear,Normal day,0,1,0,0,93
2024-01-23,Bengaluru,Technician,Clear,Holiday,1,1,0,0,100
2024-07-28,Bengaluru,Technician,Rain,Normal day,6,7,1,1,138
2024-04-01,Mumbai,Domestic Helper,Extreme heat,Major event,0,4,0,0,129
2025-03-13,Mumbai,Carpenter,Clear,Normal day,3,3,0,0,90
2023-07-14,Delhi,Carpenter,Clear,Normal day,4,7,0,0,124
2023-12-03,Delhi,Domestic Helper,Rain,Normal day,6,12,1,0,128
2024-05-04,Bengaluru,Carpenter,Extreme heat,Holiday,5,5,1,0,122
2024-04-20,Delhi,Painter,Clear,Normal day,5,4,1,0,101
2023-11-21,Mumbai,Painter,Clear,Normal day,1,11,0,0,84
2024-09-12,Bengaluru,Carpenter,Extreme heat,Normal day,3,9,0,0,105
2025-02-17,Delhi,Painter,Clear,Normal day,0,2,0,0,72
2025-10-28,Hyderabad,Caregiver,Clear,Holiday,1,10,0,1,105
2025-01-20,Bengaluru,Domestic Helper,Clear,Normal day,0,1,0,0,100
2025-04-15,Delhi,Painter,Clear,Normal day,1,4,0,0,82
2024-09-02,Hyderabad,Painter,Clear,Normal day,0,9,0,0,67
2023-12-25,Mumbai,Electrician,Clear,Normal day,0,12,0,0,102
2025-06-18,Mumbai,Domestic Helper,Rain,Normal day,2,6,0,0,115
2024-08-15,Hyderabad,Painter,Rain,Normal day,3,8,0,0,101
2025-03-15,Mumbai,Electrician,Clear,Normal day,5,3,1,0,126
2024-08-24,Hyderabad,Electrician,Clear,Holiday,5,8,1,0,125
2025-03-18,Mumbai,Domestic Helper,Clear,Normal day,1,3,0,0,119
2024-02-29,Hyderabad,Carpenter,Clear,Normal day,3,2,0,1,99
2024-08-04,Hyderabad,Carpenter,Rain,Normal day,6,8,1,0,114
2025-06-06,Mumbai,Carpenter,Rain,Normal day,4,6,0,0,120
2023-03-12,Mumbai,Electrician,Clear,Normal day,6,3,1,0,116
2023-07-20,Hyderabad,Painter,Clear,Normal day,3,7,0,0,77
2024-01-02,Mumbai,Domestic Helper,Clear,Normal day,1,1,0,0,85
2024-09-18,Bengaluru,Carpenter,Rain,Normal day,2,9,0,0,94
2024-11-09,Hyderabad,Domestic Helper,Rain,Normal day,5,11,1,0,123
2025-02-13,Mumbai,Plumber,Rain,Normal day,3,2,0,0,137
2023-08-02,Bengaluru,Domestic Helper,Clear,Normal day,2,8,0,0,99
2023-03-16,Hyderabad,Caregiver,Extreme heat,Normal day,3,3,0,0,75
2023-03-31,Bengaluru,Plumber,Rain,Normal day,4,3,0,1,136
2024-08-29,Hyderabad,Domestic Helper,Clear,Holiday,3,8,0,1,118
2024-06-20,Delhi,Plumber,Rain,Normal day,3,6,0,0,132
2023-08-05,Hyderabad,Technician,Clear,Normal day,5,8,1,0,107
2023-05-29,Bengaluru,Painter,Clear,Normal day,0,5,0,1,61
2024-08-12,Delhi,Painter,Rain,Normal day,0,8,0,0,98
2023-10-30,Bengaluru,Painter,Clear,Normal day,0,10,0,1,85
2024-07-14,Mumbai,Plumber,Rain,Normal day,6,7,1,0,162
2024-12-10,Delhi,Caregiver,Clear,Normal day,1,12,0,0,94
2025-08-01,Bengaluru,Technician,Clear,Normal day,4,8,0,0,102
2025-08-08,Mumbai,Domestic Helper,Rain,Major event,4,8,0,0,194
2024-05-14,Bengaluru,Carpenter,Extreme heat,Normal day,1,5,0,0,100
2025-05-21,Hyderabad,Painter,Clear,Normal day,2,5,0,0,74
2024-04-24,Mumbai,Caregiver,Clear,Normal day,2,4,0,0,93
2023-06-15,Delhi,Painter,Rain,Normal day,3,6,0,0,98
2024-06-07,Bengaluru,Plumber,Rain,Normal day,4,6,0,0,146
2023-12-06,Delhi,Technician,Clear,Holiday,2,12,0,0,99
2023-01-12,Mumbai,Domestic Helper,Extreme heat,Normal day,3,1,0,0,120
2023-05-28,Delhi,Technician,Extreme heat,Holiday,6,5,1,1,162
2024-12-26,Mumbai,Electrician,Clear,Normal day,3,12,0,1,124
2023-01-08,Bengaluru,Technician,Clear,Normal day,6,1,1,0,88
2023-12-07,Delhi,Electrician,Rain,Normal day,3,12,0,0,112
2025-09-04,Mumbai,Caregiver,Clear,Normal day,3,9,0,0,100
2023-05-10,Mumbai,Domestic Helper,Clear,Holiday,2,5,0,0,147
2023-12-12,Delhi,Electrician,Clear,Holiday,1,12,0,0,121
2024-05-28,Hyderabad,Technician,Clear,Normal day,1,5,0,1,104
2024-04-16,Delhi,Carpenter,Clear,Normal day,1,4,0,0,83
2024-04-20,Hyderabad,Caregiver,Clear,Normal day,5,4,1,0,87
2024-06-28,Mumbai,Technician,Rain,Normal day,4,6,0,1,133
2025-12-10,Bengaluru,Plumber,Clear,Major event,2,12,0,0,124
2025-04-21,Delhi,Technician,Clear,Normal day,0,4,0,0,97
2024-05-18,Mumbai,Domestic Helper,Extreme heat,Normal day,5,5,1,0,170
2023-02-11,Delhi,Electrician,Clear,Normal day,5,2,1,0,88
2025-11-12,Hyderabad,Caregiver,Clear,Normal day,2,11,0,0,79
2024-10-07,Bengaluru,Domestic Helper,Clear,Normal day,0,10,0,0,108
2025-09-26,Mumbai,Electrician,Clear,Holiday,4,9,0,1,150
2024-06-02,Delhi,Carpenter,Rain,Normal day,6,6,1,0,137
2023-08-08,Bengaluru,Painter,Clear,Normal day,1,8,0,0,80
2023-01-21,Bengaluru,Plumber,Clear,Normal day,5,1,1,0,116
2025-12-17,Delhi,Domestic Helper,Clear,Normal day,2,12,0,0,92
2025-09-23,Mumbai,Painter,Clear,Normal day,1,9,0,0,88
2025-02-13,Hyderabad,Painter,Rain,Normal day,3,2,0,0,81
2024-03-24,Hyderabad,Painter,Clear,Normal day,6,3,1,0,72
2025-08-20,Delhi,Electrician,Clear,Normal day,2,8,0,0,132
2023-01-04,Mumbai,Painter,Clear,Normal day,2,1,0,0,67
2023-11-12,Delhi,Technician,Rain,Normal day,6,11,1,0,117
2024-07-31,Bengaluru,Carpenter,Clear,Normal day,2,7,0,1,83
2025-01-17,Bengaluru,Painter,Clear,Normal day,4,1,0,0,66
2024-11-03,Hyderabad,Painter,Clear,Normal day,6,11,1,0,79
2025-05-31,Hyderabad,Domestic Helper,Clear,Normal day,5,5,1,1,87
2023-04-16,Mumbai,Caregiver,Extreme heat,Normal day,6,4,1,0,118
2025-03-30,Hyderabad,Domestic Helper,Clear,Normal day,6,3,1,1,102
2024-06-19,Bengaluru,Plumber,Clear,Normal day,2,6,0,0,93
2024-07-02,Mumbai,Domestic Helper,Rain,Normal day,1,7,0,0,133
2024-04-16,Mumbai,Electrician,Clear,Normal day,1,4,0,0,107
2025-01-02,Mumbai,Domestic Helper,Clear,Normal day,3,1,0,0,86
2025-03-24,Bengaluru,Domestic Helper,Clear,Normal day,0,3,0,0,81
2024-01-21,Mumbai,Domestic Helper,Clear,Normal day,6,1,1,0,121
2024-04-29,Delhi,Caregiver,Extreme heat,Holiday,0,4,0,1,109
2024-06-04,Hyderabad,Technician,Rain,Normal day,1,6,0,0,98
2024-11-04,Delhi,Caregiver,Clear,Normal day,0,11,0,0,78
2025-07-09,Hyderabad,Electrician,Clear,Normal day,2,7,0,0,94
2023-03-23,Hyderabad,Painter,Clear,Normal day,3,3,0,0,75
2025-01-16,Hyderabad,Technician,Clear,Normal day,3,1,0,0,91
2025-07-12,Mumbai,Domestic Helper,Clear,Normal day,5,7,1,0,151
2023-03-06,Mumbai,Technician,Clear,Major event,0,3,0,0,105
2025-08-20,Mumbai,Painter,Rain,Normal day,2,8,0,0,102
2023-07-17,Bengaluru,Domestic Helper,Rain,Major event,0,7,0,0,168
2023-08-13,Hyderabad,Carpenter,Clear,Normal day,6,8,1,0,105
2024-03-15,Bengaluru,Painter,Rain,Normal day,4,3,0,0,91
2023-08-02,Hyderabad,Caregiver,Rain,Holiday,2,8,0,0,101
2025-05-19,Bengaluru,Painter,Clear,Normal day,0,5,0,0,83
2024-04-19,Hyderabad,Plumber,Clear,Holiday,4,4,0,0,105
2023-03-07,Delhi,Domestic Helper,Rain,Normal day,1,3,0,0,115
2025-05-09,Hyderabad,Electrician,Extreme heat,Normal day,4,5,0,0,110
2025-09-04,Mumbai,Domestic Helper,Rain,Normal day,3,9,0,0,131
2023-10-22,Bengaluru,Plumber,Clear,Normal day,6,10,1,0,136
2025-12-29,Delhi,Caregiver,Clear,Normal day,0,12,0,1,65
2023-05-12,Hyderabad,Electrician,Extreme heat,Normal day,4,5,0,0,119
2024-12-13,Delhi,Carpenter,Clear,Normal day,4,12,0,0,103
2023-05-07,Delhi,Plumber,Clear,Normal day,6,5,1,0,137
2023-09-11,Delhi,Carpenter,Rain,Normal day,0,9,0,0,108
2023-02-14,Hyderabad,Technician,Clear,Normal day,1,2,0,0,69
2024-06-07,Delhi,Domestic Helper,Rain,Normal day,4,6,0,0,117
2024-07-08,Delhi,Electrician,Clear,Normal day,0,7,0,0,127
2024-07-10,Bengaluru,Technician,Clear,Normal day,2,7,0,0,107
2023-11-02,Mumbai,Technician,Rain,Holiday,3,11,0,0,135
2025-05-15,Delhi,Technician,Clear,Normal day,3,5,0,0,89
2025-09-22,Mumbai,Domestic Helper,Clear,Normal day,0,9,0,0,102
2023-12-28,Delhi,Caregiver,Clear,Holiday,3,12,0,1,97
2024-02-27,Delhi,Carpenter,Extreme heat,Normal day,1,2,0,1,98
2023-11-02,Delhi,Electrician,Clear,Normal day,3,11,0,0,118
2025-09-10,Mumbai,Technician,Clear,Normal day,2,9,0,0,72
2024-10-20,Delhi,Painter,Clear,Normal day,6,10,1,0,104
2025-08-03,Mumbai,Caregiver,Rain,Holiday,6,8,1,0,134
2023-05-03,Delhi,Plumber,Extreme heat,Normal day,2,5,0,0,120
2023-10-20,Delhi,Caregiver,Clear,Holiday,4,10,0,0,106
2025-05-30,Hyderabad,Painter,Clear,Normal day,4,5,0,1,81
2025-04-01,Bengaluru,Technician,Extreme heat,Normal day,1,4,0,0,106
2024-04-04,Bengaluru,Carpenter,Clear,Normal day,3,4,0,0,83
2024-12-18,Hyderabad,Technician,Clear,Normal day,2,12,0,0,70
2024-02-16,Bengaluru,Painter,Clear,Normal day,4,2,0,0,79
2025-08-10,Delhi,Plumber,Rain,Normal day,6,8,1,0,167
2025-06-15,Bengaluru,Plumber,Rain,Normal day,6,6,1,0,170
2025-08-17,Bengaluru,Painter,Clear,Normal day,6,8,1,0,90
2024-10-29,Bengaluru,Painter,Rain,Normal day,1,10,0,1,90
2024-01-01,Hyderabad,Plumber,Clear,Normal day,0,1,0,0,85
2023-02-18,Delhi,Plumber,Clear,Normal day,5,2,1,0,120
2025-09-24,Hyderabad,Painter,Clear,Normal day,2,9,0,0,66
2023-12-10,Hyderabad,Electrician,Clear,Normal day,6,12,1,0,93
2024-05-19,Bengaluru,Painter,Extreme heat,Normal day,6,5,1,0,85
2023-05-17,Delhi,Domestic Helper,Clear,Normal day,2,5,0,0,95
2025-09-15,Mumbai,Carpenter,Clear,Normal day,0,9,0,0,108
2025-02-25,Hyderabad,Domestic Helper,Clear,Normal day,1,2,0,0,93
2024-02-23,Hyderabad,Domestic Helper,Clear,Normal day,4,2,0,0,84
2023-08-09,Delhi,Caregiver,Rain,Normal day,2,8,0,0,112
2024-01-14,Hyderabad,Electrician,Clear,Major event,6,1,1,0,125
2025-08-23,Mumbai,Electrician,Rain,Holiday,5,8,1,0,177
2023-04-24,Hyderabad,Painter,Clear,Normal day,0,4,0,0,57
2024-10-23,Delhi,Caregiver,Clear,Normal day,2,10,0,0,96
2024-01-02,Delhi,Plumber,Clear,Normal day,1,1,0,0,97
2025-04-23,Delhi,Plumber,Clear,Normal day,2,4,0,0,111
2025-10-22,Hyderabad,Electrician,Clear,Normal day,2,10,0,0,90
2025-01-18,Bengaluru,Plumber,Extreme heat,Normal day,5,1,1,0,131
2024-11-12,Hyderabad,Plumber,Clear,Normal day,1,11,0,0,106
2025-06-27,Hyderabad,Carpenter,Clear,Normal day,4,6,0,1,95
2023-10-01,Hyderabad,Electrician,Clear,Major event,6,10,1,0,152
2023-01-23,Delhi,Caregiver,Clear,Normal day,0,1,0,0,85
2025-01-15,Mumbai,Domestic Helper,Rain,Major event,2,1,0,0,188
2025-03-27,Hyderabad,Technician,Clear,Holiday,3,3,0,1,99
2024-01-27,Delhi,Caregiver,Clear,Normal day,5,1,1,1,94
2025-06-07,Mumbai,Carpenter,Rain,Normal day,5,6,1,0,156
2025-03-28,Mumbai,Carpenter,Clear,Major event,4,3,0,1,135
2024-01-19,Delhi,Caregiver,Clear,Normal day,4,1,0,0,89
2025-09-15,Hyderabad,Caregiver,Extreme heat,Holiday,0,9,0,0,77
2024-02-16,Hyderabad,Domestic Helper,Clear,Normal day,4,2,0,0,86
2023-05-18,Mumbai,Painter,Extreme heat,Normal day,3,5,0,0,80
2024-05-29,Delhi,Domestic Helper,Extreme heat,Normal day,2,5,0,1,126
2025-10-05,Hyderabad,Caregiver,Clear,Holiday,6,10,1,0,100
2024-07-04,Hyderabad,Technician,Clear,Normal day,3,7,0,0,92
2025-02-10,Bengaluru,Carpenter,Clear,Normal day,0,2,0,0,85
2025-06-02,Delhi,Plumber,Clear,Normal day,0,6,0,0,124
2024-06-19,Hyderabad,Electrician,Rain,Normal day,2,6,0,0,136
2023-01-05,Bengaluru,Carpenter,Clear,Holiday,3,1,0,0,90
2025-06-25,Bengaluru,Domestic Helper,Rain,Normal day,2,6,0,0,124
2024-05-29,Mumbai,Painter,Extreme heat,Normal day,2,5,0,1,88
2023-09-02,Mumbai,Painter,Rain,Normal day,5,9,1,0,122
2024-05-26,Bengaluru,Caregiver,Clear,Normal day,6,5,1,1,103
2024-10-24,Bengaluru,Carpenter,Rain,Normal day,3,10,0,0,129
2025-11-06,Bengaluru,Domestic Helper,Clear,Major event,3,11,0,0,126
2024-03-19,Delhi,Caregiver,Clear,Normal day,1,3,0,0,71
2023-03-10,Bengaluru,Caregiver,Clear,Holiday,4,3,0,0,82
2025-02-10,Mumbai,Carpenter,Extreme heat,Normal day,0,2,0,0,110
2025-06-03,Bengaluru,Caregiver,Clear,Holiday,1,6,0,0,98
2024-04-28,Bengaluru,Electrician,Clear,Normal day,6,4,1,1,101
2024-09-13,Hyderabad,Electrician,Rain,Normal day,4,9,0,0,125
2023-06-03,Mumbai,Carpenter,Rain,Normal day,5,6,1,0,139
2025-05-14,Delhi,Plumber,Clear,Normal day,2,5,0,0,106
2024-12-11,Mumbai,Painter,Clear,Holiday,2,12,0,0,89
2024-07-01,Delhi,Domestic Helper,Rain,Normal day,0,7,0,0,148
2023-06-03,Mumbai,Painter,Clear,Normal day,5,6,1,0,103
2023-01-01,Mumbai,Plumber,Clear,Normal day,6,1,1,0,112
2025-06-05,Delhi,Painter,Extreme heat,Normal day,3,6,0,0,111
2023-09-03,Hyderabad,Painter,Clear,Normal day,6,9,1,0,91
2025-11-15,Bengaluru,Plumber,Clear,Normal day,5,11,1,0,127
2024-12-08,Bengaluru,Carpenter,Clear,Normal day,6,12,1,0,89
2025-03-22,Delhi,Caregiver,Clear,Normal day,5,3,1,0,89
2023-03-22,Hyderabad,Plumber,Rain,Normal day,2,3,0,0,108
2024-10-23,Mumbai,Technician,Rain,Normal day,2,10,0,0,148
2024-04-08,Bengaluru,Painter,Extreme heat,Normal day,0,4,0,0,89
2025-09-28,Hyderabad,Carpenter,Clear,Normal day,6,9,1,1,92
2023-07-22,Mumbai,Caregiver,Rain,Normal day,5,7,1,0,132
2025-01-13,Hyderabad,Carpenter,Clear,Normal day,0,1,0,0,61
2025-10-29,Bengaluru,Caregiver,Clear,Normal day,2,10,0,1,95
2024-05-17,Delhi,Electrician,Clear,Normal day,4,5,0,0,126
2024-07-25,Mumbai,Caregiver,Rain,Normal day,3,7,0,0,130
2024-12-23,Bengaluru,Domestic Helper,Clear,Normal day,0,12,0,0,104
2025-02-23,Delhi,Painter,Clear,Normal day,6,2,1,0,93
2025-04-29,Mumbai,Painter,Clear,Normal day,1,4,0,1,90
2024-05-06,Hyderabad,Domestic Helper,Clear,Normal day,0,5,0,0,78
2025-08-20,Delhi,Plumber,Rain,Holiday,2,8,0,0,137
2024-02-26,Delhi,Carpenter,Clear,Normal day,0,2,0,1,100
2023-03-09,Mumbai,Technician,Rain,Normal day,3,3,0,0,112
2023-10-02,Bengaluru,Electrician,Rain,Normal day,0,10,0,0,126
2023-02-24,Hyderabad,Plumber,Clear,Normal day,4,2,0,0,91
2023-02-06,Mumbai,Caregiver,Clear,Normal day,0,2,0,0,72
2024-08-09,Delhi,Painter,Clear,Normal day,4,8,0,0,99
2024-03-13,Delhi,Electrician,Extreme heat,Normal day,2,3,0,0,120
2024-07-31,Mumbai,Domestic Helper,Clear,Normal day,2,7,0,1,115
2024-01-17,Mumbai,Caregiver,Clear,Normal day,2,1,0,0,81
2025-06-02,Hyderabad,Painter,Rain,Normal day,0,6,0,0,86
2025-05-19,Hyderabad,Caregiver,Clear,Normal day,0,5,0,0,76
2025-08-21,Hyderabad,Caregiver,Rain,Normal day,3,8,0,0,102
2023-07-19,Bengaluru,Caregiver,Rain,Normal day,2,7,0,0,105
2024-04-16,Delhi,Plumber,Extreme heat,Normal day,1,4,0,0,111
2023-12-22,Hyderabad,Electrician,Clear,Normal day,4,12,0,0,95
2025-07-04,Hyderabad,Caregiver,Rain,Normal day,4,7,0,0,114
2024-12-09,Mumbai,Plumber,Rain,Normal day,0,12,0,0,105
2024-08-01,Mumbai,Plumber,Clear,Normal day,3,8,0,0,124
2023-09-23,Mumbai,Carpenter,Clear,Normal day,5,9,1,0,125
2025-10-05,Hyderabad,Painter,Clear,Normal day,6,10,1,0,85
2024-05-31,Delhi,Painter,Extreme heat,Holiday,4,5,0,1,109
2023-08-07,Delhi,Plumber,Clear,Normal day,0,8,0,0,132
2024-07-31,Delhi,Painter,Extreme heat,Normal day,2,7,0,1,118
2025-02-14,Mumbai,Domestic Helper,Clear,Normal day,4,2,0,0,87
2025-12-30,Hyderabad,Domestic Helper,Clear,Normal day,1,12,0,1,83
2023-12-28,Bengaluru,Technician,Clear,Normal day,3,12,0,1,88
2025-08-04,Delhi,Caregiver,Rain,Normal day,0,8,0,0,123
2024-05-20,Delhi,Caregiver,Clear,Normal day,0,5,0,0,79
2025-07-04,Hyderabad,Electrician,Rain,Normal day,4,7,0,0,137
2024-05-15,Mumbai,Domestic Helper,Clear,Normal day,2,5,0,0,109
2023-04-22,Mumbai,Carpenter,Clear,Holiday,5,4,1,0,130
2025-05-09,Hyderabad,Domestic Helper,Extreme heat,Normal day,4,5,0,0,102
2025-06-30,Hyderabad,Domestic Helper,Rain,Holiday,0,6,0,1,138
2025-11-24,Hyderabad,Plumber,Clear,Normal day,0,11,0,0,115
2023-06-10,Mumbai,Technician,Rain,Normal day,5,6,1,0,175
2024-08-18,Delhi,Technician,Rain,Normal day,6,8,1,0,139
2023-05-13,Bengaluru,Caregiver,Rain,Normal day,5,5,1,0,132
2023-12-21,Mumbai,Caregiver,Clear,Normal day,3,12,0,0,83
2023-06-28,Delhi,Painter,Clear,Normal day,2,6,0,1,80
2025-05-15,Mumbai,Painter,Extreme heat,Normal day,3,5,0,0,102
2025-02-15,Delhi,Carpenter,Clear,Normal day,5,2,1,0,103
2025-10-07,Hyderabad,Domestic Helper,Clear,Normal day,1,10,0,0,91
2023-11-11,Mumbai,Electrician,Clear,Normal day,5,11,1,0,135
2023-09-10,Bengaluru,Technician,Clear,Normal day,6,9,1,0,87
2023-12-31,Hyderabad,Caregiver,Clear,Holiday,6,12,1,1,85
2024-01-09,Delhi,Electrician,Clear,Normal day,1,1,0,0,101
2024-11-27,Bengaluru,Carpenter,Rain,Normal day,2,11,0,1,106
2023-03-29,Hyderabad,Painter,Clear,Normal day,2,3,0,1,69
2023-01-29,Bengaluru,Electrician,Clear,Normal day,6,1,1,1,110
2024-12-24,Hyderabad,Plumber,Clear,Normal day,1,12,0,0,100
2025-09-17,Delhi,Caregiver,Rain,Normal day,2,9,0,0,86
2025-05-17,Delhi,Caregiver,Extreme heat,Normal day,5,5,1,0,132
2025-11-23,Mumbai,Technician,Clear,Normal day,6,11,1,0,109
2023-08-24,Hyderabad,Electrician,Rain,Holiday,3,8,0,0,129
2024-11-10,Bengaluru,Plumber,Clear,Normal day,6,11,1,0,126
2024-06-08,Mumbai,Technician,Rain,Normal day,5,6,1,0,135
2025-06-03,Hyderabad,Carpenter,Rain,Normal day,1,6,0,0,93
2025-10-16,Hyderabad,Plumber,Clear,Normal day,3,10,0,0,84
2023-09-24,Hyderabad,Technician,Rain,Normal day,6,9,1,0,107
2025-09-14,Delhi,Electrician,Clear,Holiday,6,9,1,0,126
2024-09-05,Hyderabad,Domestic Helper,Clear,Major event,3,9,0,0,105
2025-09-04,Bengaluru,Caregiver,Rain,Normal day,3,9,0,0,107
2025-11-10,Bengaluru,Technician,Clear,Normal day,0,11,0,0,81
2023-03-14,Hyderabad,Technician,Clear,Normal day,1,3,0,0,82
2025-04-24,Hyderabad,Technician,Extreme heat,Normal day,3,4,0,0,93
2023-07-04,Hyderabad,Electrician,Rain,Normal day,1,7,0,0,113
2024-04-16,Delhi,Painter,Clear,Normal day,1,4,0,0,88
2024-05-16,Bengaluru,Plumber,Clear,Normal day,3,5,0,0,109
2025-03-03,Delhi,Caregiver,Clear,Normal day,0,3,0,0,86
2025-12-25,Hyderabad,Caregiver,Clear,Normal day,3,12,0,0,78
2024-02-28,Delhi,Caregiver,Clear,Normal day,2,2,0,1,78
2023-07-11,Bengaluru,Caregiver,Rain,Normal day,1,7,0,0,95
2024-04-03,Delhi,Technician,Clear,Normal day,2,4,0,0,104
2025-04-30,Bengaluru,Plumber,Extreme heat,Holiday,2,4,0,1,136
2024-02-24,Hyderabad,Caregiver,Rain,Holiday,5,2,1,0,100
2025-03-19,Mumbai,Technician,Extreme heat,Normal day,2,3,0,0,106
2025-03-18,Delhi,Carpenter,Clear,Normal day,1,3,0,0,82
2023-03-20,Delhi,Electrician,Clear,Normal day,0,3,0,0,92
2025-03-16,Hyderabad,Plumber,Extreme heat,Holiday,6,3,1,0,127
2025-03-17,Mumbai,Painter,Clear,Normal day,0,3,0,0,86
2023-04-21,Delhi,Caregiver,Clear,Normal day,4,4,0,0,105
2025-07-01,Hyderabad,Technician,Rain,Normal day,1,7,0,0,126
2023-04-24,Delhi,Technician,Extreme heat,Holiday,0,4,0,0,101
2024-02-23,Delhi,Technician,Rain,Normal day,4,2,0,0,114
2025-09-02,Mumbai,Domestic Helper,Clear,Normal day,1,9,0,0,98
2025-09-15,Mumbai,Technician,Rain,Normal day,0,9,0,0,96
2025-03-14,Hyderabad,Painter,Clear,Holiday,4,3,0,0,89
2025-01-08,Delhi,Domestic Helper,Clear,Normal day,2,1,0,0,96
2023-03-17,Hyderabad,Electrician,Extreme heat,Normal day,4,3,0,0,100
2025-02-25,Bengaluru,Carpenter,Clear,Normal day,1,2,0,0,98
2025-09-06,Bengaluru,Electrician,Rain,Normal day,5,9,1,0,150
2024-03-20,Bengaluru,Plumber,Extreme heat,Normal day,2,3,0,0,126
2024-02-04,Hyderabad,Technician,Clear,Major event,6,2,1,0,107
2023-05-12,Mumbai,Painter,Extreme heat,Normal day,4,5,0,0,115
2024-08-11,Bengaluru,Carpenter,Rain,Holiday,6,8,1,0,122
2023-10-05,Bengaluru,Domestic Helper,Clear,Normal day,3,10,0,0,102
2025-02-05,Bengaluru,Caregiver,Clear,Normal day,2,2,0,0,81
2023-06-24,Hyderabad,Painter,Rain,Normal day,5,6,1,0,96
2024-11-19,Mumbai,Plumber,Clear,Normal day,1,11,0,0,138
2023-09-23,Delhi,Domestic Helper,Rain,Major event,5,9,1,0,220
2025-06-14,Mumbai,Electrician,Rain,Normal day,5,6,1,0,175
2023-10-30,Mumbai,Domestic Helper,Rain,Normal day,0,10,0,1,114
2024-12-31,Mumbai,Domestic Helper,Rain,Normal day,1,12,0,1,132
2025-10-16,Bengaluru,Carpenter,Clear,Holiday,3,10,0,0,85
2025-04-19,Delhi,Painter,Extreme heat,Normal day,5,4,1,0,93
2024-09-26,Hyderabad,Carpenter,Clear,Normal day,3,9,0,1,80
2024-10-19,Bengaluru,Painter,Clear,Normal day,5,10,1,0,102
2024-05-17,Bengaluru,Technician,Clear,Normal day,4,5,0,0,85
2024-12-24,Bengaluru,Domestic Helper,Clear,Normal day,1,12,0,0,70
2025-09-10,Delhi,Painter,Rain,Normal day,2,9,0,0,101
2024-12-19,Bengaluru,Caregiver,Clear,Normal day,3,12,0,0,81
2023-01-25,Delhi,Domestic Helper,Clear,Major event,2,1,0,0,115
2025-05-11,Hyderabad,Domestic Helper,Clear,Normal day,6,5,1,0,120
2024-06-03,Hyderabad,Painter,Clear,Normal day,0,6,0,0,70
2025-12-24,Hyderabad,Painter,Clear,Normal day,2,12,0,0,52
2024-08-28,Hyderabad,Technician,Clear,Normal day,2,8,0,1,66
2024-04-24,Delhi,Technician,Clear,Normal day,2,4,0,0,101
2025-04-16,Mumbai,Plumber,Extreme heat,Normal day,2,4,0,0,137
2023-10-30,Mumbai,Technician,Rain,Normal day,0,10,0,1,141
2023-12-15,Bengaluru,Domestic Helper,Rain,Normal day,4,12,0,0,99
2024-01-07,Mumbai,Painter,Clear,Normal day,6,1,1,0,93
2025-10-18,Mumbai,Carpenter,Extreme heat,Holiday,5,10,1,0,150
2023-12-04,Bengaluru,Domestic Helper,Clear,Normal day,0,12,0,0,90
2023-01-08,Delhi,Painter,Clear,Normal day,6,1,1,0,94
2025-09-06,Hyderabad,Plumber,Rain,Normal day,5,9,1,0,145
2025-09-23,Hyderabad,Plumber,Extreme heat,Normal day,1,9,0,0,121
2023-02-02,Delhi,Domestic Helper,Clear,Normal day,3,2,0,0,100
2025-06-18,Delhi,Painter,Extreme heat,Normal day,2,6,0,0,106
2025-06-11,Delhi,Plumber,Rain,Normal day,2,6,0,0,144
2025-12-15,Delhi,Domestic Helper,Clear,Normal day,0,12,0,0,102
2024-12-10,Delhi,Painter,Clear,Holiday,1,12,0,0,89
2024-06-02,Delhi,Carpenter,Extreme heat,Normal day,6,6,1,0,115
2025-03-10,Bengaluru,Painter,Clear,Normal day,0,3,0,0,70
2024-01-06,Delhi,Painter,Clear,Normal day,5,1,1,0,100
2024-07-22,Mumbai,Painter,Rain,Holiday,0,7,0,0,123
2024-03-31,Delhi,Domestic Helper,Clear,Normal day,6,3,1,1,99
2023-05-29,Bengaluru,Domestic Helper,Extreme heat,Normal day,0,5,0,1,102
2025-08-18,Delhi,Carpenter,Rain,Normal day,0,8,0,0,94
2024-03-28,Mumbai,Caregiver,Clear,Normal day,3,3,0,1,93
2023-02-28,Bengaluru,Carpenter,Clear,Normal day,1,2,0,1,71
2024-12-19,Bengaluru,Painter,Clear,Normal day,3,12,0,0,78
2025-01-16,Delhi,Electrician,Clear,Normal day,3,1,0,0,100
2024-04-03,Delhi,Carpenter,Extreme heat,Normal day,2,4,0,0,108
2023-09-15,Hyderabad,Electrician,Extreme heat,Normal day,4,9,0,0,102
2024-04-24,Mumbai,Electrician,Extreme heat,Normal day,2,4,0,0,119
2024-11-19,Mumbai,Plumber,Clear,Normal day,1,11,0,0,107
2025-01-24,Hyderabad,Carpenter,Rain,Normal day,4,1,0,0,91
2023-02-11,Hyderabad,Technician,Clear,Normal day,5,2,1,0,96
2023-09-03,Hyderabad,Electrician,Rain,Normal day,6,9,1,0,136
2024-10-28,Hyderabad,Domestic Helper,Clear,Normal day,0,10,0,1,98
2025-09-02,Mumbai,Painter,Rain,Normal day,1,9,0,0,91
2023-04-08,Hyderabad,Painter,Clear,Normal day,5,4,1,0,72
2025-11-21,Mumbai,Technician,Clear,Normal day,4,11,0,0,134
2023-02-25,Hyderabad,Caregiver,Clear,Normal day,5,2,1,0,103
2024-10-29,Delhi,Electrician,Clear,Normal day,1,10,0,1,111
2024-08-21,Delhi,Carpenter,Rain,Normal day,2,8,0,0,112
2023-10-15,Hyderabad,Plumber,Rain,Normal day,6,10,1,0,119
2023-02-25,Bengaluru,Electrician,Rain,Normal day,5,2,1,0,121
2024-01-08,Mumbai,Painter,Clear,Normal day,0,1,0,0,88
2023-11-21,Delhi,Carpenter,Clear,Major event,1,11,0,0,98
2024-09-15,Bengaluru,Caregiver,Clear,Normal day,6,9,1,0,86
2023-05-19,Hyderabad,Painter,Clear,Normal day,4,5,0,0,68
2025-06-24,Mumbai,Carpenter,Rain,Normal day,1,6,0,0,114
2023-07-05,Hyderabad,Caregiver,Clear,Normal day,2,7,0,0,81
2025-10-22,Delhi,Electrician,Clear,Normal day,2,10,0,0,106
2024-02-15,Bengaluru,Carpenter,Clear,Normal day,3,2,0,0,69
2025-09-04,Mumbai,Painter,Rain,Normal day,3,9,0,0,107
2025-01-29,Bengaluru,Technician,Clear,Normal day,2,1,0,1,96
2023-02-19,Delhi,Electrician,Clear,Normal day,6,2,1,0,113
2025-04-17,Hyderabad,Painter,Clear,Normal day,3,4,0,0,73
2023-08-07,Delhi,Painter,Rain,Normal day,0,8,0,0,109
2023-02-27,Mumbai,Painter,Rain,Normal day,0,2,0,1,97
2024-11-14,Mumbai,Painter,Clear,Normal day,3,11,0,0,106
2023-11-15,Bengaluru,Carpenter,Extreme heat,Normal day,2,11,0,0,96
2023-12-16,Delhi,Electrician,Clear,Holiday,5,12,1,0,138
2024-05-09,Bengaluru,Technician,Extreme heat,Normal day,3,5,0,0,117
2023-03-14,Delhi,Domestic Helper,Clear,Normal day,1,3,0,0,81
2024-06-18,Mumbai,Technician,Clear,Normal day,1,6,0,0,119
2025-11-22,Bengaluru,Painter,Clear,Holiday,5,11,1,0,116
2025-03-19,Hyderabad,Carpenter,Clear,Holiday,2,3,0,0,88
2025-03-28,Hyderabad,Painter,Clear,Normal day,4,3,0,1,91
2024-12-29,Hyderabad,Technician,Clear,Normal day,6,12,1,1,117
2024-10-31,Delhi,Electrician,Clear,Normal day,3,10,0,1,124
2025-06-24,Hyderabad,Caregiver,Clear,Normal day,1,6,0,0,78
2024-08-24,Bengaluru,Plumber,Clear,Normal day,5,8,1,0,131
2025-12-27,Bengaluru,Electrician,Clear,Normal day,5,12,1,1,112
2024-10-28,Hyderabad,Plumber,Clear,Normal day,0,10,0,1,120
2024-08-20,Delhi,Technician,Rain,Holiday,1,8,0,0,138
2025-12-14,Bengaluru,Plumber,Clear,Holiday,6,12,1,0,113
2024-08-09,Bengaluru,Carpenter,Clear,Normal day,4,8,0,0,99
2024-09-12,Mumbai,Electrician,Clear,Major event,3,9,0,0,150
2023-09-01,Hyderabad,Technician,Rain,Normal day,4,9,0,0,90
2024-12-04,Delhi,Caregiver,Clear,Normal day,2,12,0,0,111
2024-04-18,Delhi,Electrician,Extreme heat,Normal day,3,4,0,0,139
2024-12-30,Bengaluru,Electrician,Clear,Normal day,0,12,0,1,119
2024-11-18,Delhi,Electrician,Rain,Normal day,0,11,0,0,133
2023-10-10,Mumbai,Caregiver,Clear,Normal day,1,10,0,0,91
2023-03-18,Hyderabad,Carpenter,Clear,Normal day,5,3,1,0,84
2024-05-10,Delhi,Painter,Extreme heat,Normal day,4,5,0,0,105
2025-11-02,Bengaluru,Caregiver,Clear,Normal day,6,11,1,0,80
2024-03-08,Mumbai,Painter,Clear,Normal day,4,3,0,0,78
2023-12-04,Delhi,Carpenter,Clear,Normal day,0,12,0,0,99
2023-07-19,Hyderabad,Electrician,Rain,Normal day,2,7,0,0,145
2024-12-16,Bengaluru,Technician,Clear,Normal day,0,12,0,0,79
2024-01-12,Delhi,Carpenter,Clear,Normal day,4,1,0,0,69
2025-04-13,Hyderabad,Caregiver,Clear,Normal day,6,4,1,0,76
2023-03-25,Bengaluru,Carpenter,Clear,Normal day,5,3,1,0,121
2023-02-07,Delhi,Caregiver,Extreme heat,Normal day,1,2,0,0,95
2025-05-04,Hyderabad,Caregiver,Clear,Normal day,6,5,1,0,70
2024-09-09,Bengaluru,Caregiver,Rain,Holiday,0,9,0,0,118
2025-06-15,Bengaluru,Domestic Helper,Rain,Normal day,6,6,1,0,121
2024-03-07,Bengaluru,Painter,Clear,Normal day,3,3,0,0,76
2025-10-23,Bengaluru,Painter,Extreme heat,Normal day,3,10,0,0,105
2023-07-30,Mumbai,Electrician,Clear,Normal day,6,7,1,1,145
2024-08-25,Hyderabad,Domestic Helper,Clear,Holiday,6,8,1,0,122
2023-07-16,Delhi,Electrician,Clear,Normal day,6,7,1,0,132
2024-06-18,Hyderabad,Painter,Extreme heat,Normal day,1,6,0,0,87
2024-04-19,Bengaluru,Plumber,Extreme heat,Normal day,4,4,0,0,104
2023-08-10,Mumbai,Painter,Clear,Normal day,3,8,0,0,84
2025-03-19,Mumbai,Technician,Rain,Normal day,2,3,0,0,114
2024-12-27,Hyderabad,Technician,Clear,Normal day,4,12,0,1,116
2024-09-24,Hyderabad,Carpenter,Clear,Normal day,1,9,0,0,69
2025-11-01,Hyderabad,Electrician,Clear,Normal day,5,11,1,0,124
2024-03-27,Bengaluru,Technician,Clear,Normal day,2,3,0,1,97
2025-05-18,Bengaluru,Carpenter,Clear,Normal day,6,5,1,0,88
2023-06-18,Delhi,Technician,Rain,Normal day,6,6,1,0,154
2023-06-29,Hyderabad,Carpenter,Clear,Normal day,3,6,0,1,90
2023-08-03,Delhi,Plumber,Clear,Normal day,3,8,0,0,119
2024-12-07,Mumbai,Domestic Helper,Rain,Normal day,5,12,1,0,141
2024-08-08,Delhi,Carpenter,Clear,Normal day,3,8,0,0,96
2023-08-23,Mumbai,Caregiver,Rain,Normal day,2,8,0,0,93
2024-06-04,Hyderabad,Technician,Clear,Major event,1,6,0,0,98
2024-01-23,Mumbai,Painter,Clear,Normal day,1,1,0,0,70
2024-10-28,Mumbai,Carpenter,Rain,Normal day,0,10,0,1,127
2025-05-03,Bengaluru,Caregiver,Extreme heat,Normal day,5,5,1,0,109
2023-09-05,Delhi,Painter,Clear,Normal day,1,9,0,0,85
2024-07-07,Bengaluru,Technician,Clear,Normal day,6,7,1,0,106
2024-01-25,Delhi,Plumber,Clear,Normal day,3,1,0,0,99
2024-11-30,Hyderabad,Electrician,Clear,Holiday,5,11,1,1,139
2025-05-31,Mumbai,Technician,Clear,Normal day,5,5,1,1,101
2023-09-09,Delhi,Carpenter,Clear,Major event,5,9,1,0,132
2024-12-21,Delhi,Plumber,Rain,Normal day,5,12,1,0,173
2023-10-17,Hyderabad,Carpenter,Clear,Normal day,1,10,0,0,80
2025-10-27,Bengaluru,Domestic Helper,Rain,Normal day,0,10,0,1,112
2025-12-12,Mumbai,Caregiver,Clear,Holiday,4,12,0,0,104
2023-05-28,Mumbai,Painter,Clear,Normal day,6,5,1,1,83
2024-01-13,Mumbai,Painter,Clear,Holiday,5,1,1,0,98
2024-05-23,Mumbai,Painter,Clear,Normal day,3,5,0,0,89
2024-05-14,Mumbai,Painter,Clear,Normal day,1,5,0,0,82
2025-05-29,Hyderabad,Carpenter,Clear,Normal day,3,5,0,1,68
2025-11-03,Bengaluru,Domestic Helper,Clear,Normal day,0,11,0,0,84
2025-02-27,Hyderabad,Caregiver,Clear,Normal day,3,2,0,1,91
2023-11-06,Delhi,Carpenter,Clear,Holiday,0,11,0,0,100
2023-05-30,Mumbai,Painter,Clear,Normal day,1,5,0,1,91
2025-10-10,Mumbai,Technician,Clear,Normal day,4,10,0,0,100
2025-04-05,Hyderabad,Domestic Helper,Clear,Normal day,5,4,1,0,92
2023-01-10,Delhi,Plumber,Clear,Normal day,1,1,0,0,98
2025-06-18,Mumbai,Technician,Clear,Normal day,2,6,0,0,88
2025-03-23,Bengaluru,Caregiver,Clear,Normal day,6,3,1,0,87
2023-08-08,Hyderabad,Painter,Rain,Normal day,1,8,0,0,81
2024-09-11,Bengaluru,Plumber,Rain,Normal day,2,9,0,0,139
2024-01-23,Mumbai,Electrician,Clear,Normal day,1,1,0,0,102
2023-07-16,Bengaluru,Electrician,Clear,Normal day,6,7,1,0,104
2023-01-24,Mumbai,Plumber,Clear,Normal day,1,1,0,0,117
2023-09-02,Mumbai,Domestic Helper,Rain,Normal day,5,9,1,0,136
2025-01-18,Mumbai,Electrician,Clear,Normal day,5,1,1,0,100
2024-05-08,Hyderabad,Domestic Helper,Extreme heat,Normal day,2,5,0,0,93
2024-05-18,Delhi,Technician,Clear,Normal day,5,5,1,0,119
2023-06-22,Bengaluru,Caregiver,Clear,Normal day,3,6,0,0,86
2025-10-21,Hyderabad,Technician,Clear,Normal day,1,10,0,0,85
2024-12-24,Bengaluru,Carpenter,Clear,Normal day,1,12,0,0,83
2025-04-20,Mumbai,Technician,Clear,Normal day,6,4,1,0,116
2025-10-09,Mumbai,Plumber,Rain,Normal day,3,10,0,0,156
2023-08-03,Mumbai,Technician,Extreme heat,Normal day,3,8,0,0,113
2023-07-23,Mumbai,Carpenter,Clear,Normal day,6,7,1,0,121
2023-05-14,Bengaluru,Domestic Helper,Clear,Holiday,6,5,1,0,114
2025-09-10,Hyderabad,Caregiver,Clear,Normal day,2,9,0,0,71
2025-12-08,Bengaluru,Electrician,Clear,Normal day,0,12,0,0,78
2024-12-25,Mumbai,Technician,Extreme heat,Normal day,2,12,0,0,111
2025-05-06,Delhi,Electrician,Extreme heat,Normal day,1,5,0,0,120
2023-07-10,Hyderabad,Domestic Helper,Rain,Normal day,0,7,0,0,117
2023-12-02,Bengaluru,Carpenter,Clear,Normal day,5,12,1,0,90
2025-08-22,Mumbai,Electrician,Rain,Normal day,4,8,0,0,144
2023-06-19,Delhi,Technician,Clear,Major event,0,6,0,0,114
2023-01-21,Mumbai,Electrician,Rain,Normal day,5,1,1,0,165
2025-03-12,Mumbai,Painter,Clear,Normal day,2,3,0,0,83
2023-12-30,Delhi,Painter,Clear,Normal day,5,12,1,1,100
2025-07-08,Mumbai,Electrician,Clear,Normal day,1,7,0,0,120
2025-12-27,Bengaluru,Carpenter,Rain,Holiday,5,12,1,1,147
2024-02-29,Mumbai,Plumber,Clear,Normal day,3,2,0,1,111
2023-12-24,Delhi,Carpenter,Clear,Normal day,6,12,1,0,75
2024-05-24,Delhi,Painter,Extreme heat,Normal day,4,5,0,0,101
2024-04-25,Bengaluru,Domestic Helper,Clear,Normal day,3,4,0,0,93
2025-01-09,Delhi,Painter,Clear,Holiday,3,1,0,0,86
2023-12-22,Delhi,Technician,Clear,Normal day,4,12,0,0,91
2025-12-07,Mumbai,Painter,Clear,Normal day,6,12,1,0,87
2025-01-18,Bengaluru,Carpenter,Clear,Normal day,5,1,1,0,94
2024-05-14,Hyderabad,Carpenter,Clear,Normal day,1,5,0,0,79
2025-10-20,Hyderabad,Electrician,Clear,Holiday,0,10,0,0,86
2024-01-21,Bengaluru,Painter,Clear,Holiday,6,1,1,0,83
2023-06-09,Mumbai,Technician,Clear,Normal day,4,6,0,0,111
2025-10-21,Bengaluru,Carpenter,Clear,Normal day,1,10,0,0,71
2025-02-06,Hyderabad,Domestic Helper,Clear,Major event,3,2,0,0,106
2023-04-10,Bengaluru,Carpenter,Clear,Holiday,0,4,0,0,83
2024-02-14,Mumbai,Carpenter,Clear,Normal day,2,2,0,0,89
2025-06-09,Mumbai,Plumber,Rain,Normal day,0,6,0,0,144
2024-02-29,Bengaluru,Painter,Clear,Normal day,3,2,0,1,69
2025-03-02,Hyderabad,Technician,Rain,Normal day,6,3,1,0,112
2025-02-15,Bengaluru,Carpenter,Clear,Normal day,5,2,1,0,88
2023-11-16,Mumbai,Electrician,Clear,Normal day,3,11,0,0,101
2025-07-08,Bengaluru,Domestic Helper,Rain,Normal day,1,7,0,0,130
2025-08-10,Delhi,Electrician,Clear,Holiday,6,8,1,0,153
2025-01-11,Bengaluru,Domestic Helper,Clear,Normal day,5,1,1,0,105
2023-01-24,Bengaluru,Technician,Clear,Normal day,1,1,0,0,89
2025-04-25,Hyderabad,Technician,Extreme heat,Normal day,4,4,0,0,108
2023-11-19,Hyderabad,Plumber,Clear,Normal day,6,11,1,0,118
2025-08-24,Hyderabad,Plumber,Clear,Normal day,6,8,1,0,125
2024-05-06,Bengaluru,Plumber,Extreme heat,Normal day,0,5,0,0,109
2025-12-15,Hyderabad,Painter,Extreme heat,Holiday,0,12,0,0,85
2025-04-28,Delhi,Caregiver,Clear,Normal day,0,4,0,1,69
2023-12-10,Mumbai,Carpenter,Rain,Normal day,6,12,1,0,128
2024-08-11,Bengaluru,Caregiver,Clear,Holiday,6,8,1,0,104
2025-08-22,Bengaluru,Painter,Clear,Holiday,4,8,0,0,71
2025-10-12,Hyderabad,Caregiver,Clear,Normal day,6,10,1,0,80
2023-12-01,Hyderabad,Electrician,Clear,Normal day,4,12,0,0,92
2025-12-06,Bengaluru,Painter,Clear,Normal day,5,12,1,0,81
2024-05-25,Bengaluru,Painter,Extreme heat,Normal day,5,5,1,0,98
2023-08-21,Bengaluru,Electrician,Clear,Normal day,0,8,0,0,105
2023-08-26,Mumbai,Carpenter,Rain,Normal day,5,8,1,1,142
2025-01-16,Delhi,Painter,Clear,Holiday,3,1,0,0,94
2024-02-22,Hyderabad,Electrician,Rain,Normal day,3,2,0,0,121
2024-06-24,Bengaluru,Domestic Helper,Rain,Major event,0,6,0,0,156
2025-04-19,Hyderabad,Domestic Helper,Clear,Normal day,5,4,1,0,89
2024-10-12,Bengaluru,Domestic Helper,Clear,Normal day,5,10,1,0,123
2023-01-11,Mumbai,Carpenter,Clear,Holiday,2,1,0,0,96
2023-07-05,Hyderabad,Painter,Rain,Holiday,2,7,0,0,140
2023-03-01,Hyderabad,Electrician,Clear,Normal day,2,3,0,0,74
2023-08-21,Bengaluru,Caregiver,Clear,Normal day,0,8,0,0,78
2024-03-29,Bengaluru,Caregiver,Extreme heat,Normal day,4,3,0,1,110
2023-06-29,Hyderabad,Plumber,Clear,Normal day,3,6,0,1,106
2024-10-13,Hyderabad,Domestic Helper,Clear,Normal day,6,10,1,0,96
2025-05-14,Delhi,Electrician,Clear,Normal day,2,5,0,0,113
2024-10-11,Delhi,Technician,Clear,Normal day,4,10,0,0,97
2023-04-28,Hyderabad,Domestic Helper,Extreme heat,Normal day,4,4,0,1,108
2024-08-18,Bengaluru,Electrician,Clear,Normal day,6,8,1,0,110
2024-07-09,Mumbai,Carpenter,Extreme heat,Normal day,1,7,0,0,126
2023-05-23,Bengaluru,Carpenter,Extreme heat,Normal day,1,5,0,0,116
2024-08-20,Hyderabad,Painter,Clear,Normal day,1,8,0,0,61
2025-12-17,Mumbai,Plumber,Clear,Normal day,2,12,0,0,105
2025-05-21,Delhi,Plumber,Extreme heat,Normal day,2,5,0,0,113
2025-05-15,Delhi,Painter,Clear,Normal day,3,5,0,0,74
2024-12-13,Bengaluru,Caregiver,Clear,Normal day,4,12,0,0,102
2024-05-02,Delhi,Caregiver,Clear,Normal day,3,5,0,0,86
2023-05-13,Hyderabad,Carpenter,Clear,Normal day,5,5,1,0,130
2024-04-23,Bengaluru,Painter,Extreme heat,Normal day,1,4,0,0,66
2024-10-06,Bengaluru,Painter,Clear,Normal day,6,10,1,0,73
2024-08-12,Bengaluru,Electrician,Rain,Normal day,0,8,0,0,125
2023-08-02,Mumbai,Caregiver,Rain,Normal day,2,8,0,0,113
2024-05-10,Bengaluru,Technician,Extreme heat,Normal day,4,5,0,0,109
2023-04-04,Hyderabad,Domestic Helper,Clear,Normal day,1,4,0,0,79
2024-10-19,Hyderabad,Caregiver,Clear,Holiday,5,10,1,0,107
2025-12-15,Mumbai,Electrician,Clear,Normal day,0,12,0,0,139
2024-10-22,Delhi,Caregiver,Clear,Normal day,1,10,0,0,88
2025-10-17,Mumbai,Plumber,Clear,Normal day,4,10,0,0,134
2025-08-18,Mumbai,Painter,Rain,Normal day,0,8,0,0,131
2023-07-12,Hyderabad,Domestic Helper,Rain,Normal day,2,7,0,0,97
2025-01-13,Mumbai,Electrician,Clear,Normal day,0,1,0,0,103
2025-09-17,Delhi,Electrician,Clear,Major event,2,9,0,0,141
2024-03-14,Hyderabad,Electrician,Clear,Normal day,3,3,0,0,84
2025-11-27,Delhi,Domestic Helper,Clear,Normal day,3,11,0,1,90
2025-07-05,Delhi,Caregiver,Clear,Normal day,5,7,1,0,102
2023-12-13,Bengaluru,Carpenter,Clear,Normal day,2,12,0,0,77
2024-12-26,Bengaluru,Domestic Helper,Clear,Normal day,3,12,0,1,97
2023-11-10,Bengaluru,Domestic Helper,Clear,Normal day,4,11,0,0,104
2025-03-10,Hyderabad,Domestic Helper,Clear,Normal day,0,3,0,0,89
2023-12-19,Delhi,Electrician,Clear,Normal day,1,12,0,0,105
2023-07-05,Delhi,Technician,Clear,Normal day,2,7,0,0,110
2025-02-19,Mumbai,Caregiver,Clear,Normal day,2,2,0,0,95
2023-02-23,Bengaluru,Painter,Clear,Normal day,3,2,0,0,59
2023-09-09,Mumbai,Caregiver,Rain,Normal day,5,9,1,0,119
2024-11-11,Mumbai,Domestic Helper,Clear,Normal day,0,11,0,0,103
2023-11-25,Mumbai,Plumber,Extreme heat,Holiday,5,11,1,0,172
2025-03-10,Hyderabad,Painter,Clear,Major event,0,3,0,0,86
2024-03-14,Delhi,Technician,Rain,Normal day,3,3,0,0,111
2023-12-25,Hyderabad,Caregiver,Clear,Normal day,0,12,0,0,89
2023-07-08,Mumbai,Carpenter,Rain,Normal day,5,7,1,0,162
2025-10-09,Mumbai,Plumber,Clear,Normal day,3,10,0,0,130
2024-04-21,Hyderabad,Technician,Clear,Normal day,6,4,1,0,92
2023-07-27,Delhi,Caregiver,Clear,Normal day,3,7,0,1,95
2024-01-15,Bengaluru,Painter,Clear,Normal day,0,1,0,0,70
2024-06-18,Bengaluru,Carpenter,Rain,Normal day,1,6,0,0,107
2024-08-11,Mumbai,Carpenter,Clear,Normal day,6,8,1,0,109
2024-11-05,Mumbai,Caregiver,Extreme heat,Normal day,1,11,0,0,110
2024-04-08,Bengaluru,Technician,Extreme heat,Normal day,0,4,0,0,102
2025-10-03,Hyderabad,Domestic Helper,Clear,Normal day,4,10,0,0,99
2024-04-03,Hyderabad,Carpenter,Extreme heat,Normal day,2,4,0,0,103
2024-03-07,Hyderabad,Domestic Helper,Clear,Normal day,3,3,0,0,92
2025-12-02,Bengaluru,Painter,Extreme heat,Normal day,1,12,0,0,79
2023-05-27,Mumbai,Domestic Helper,Clear,Normal day,5,5,1,1,127
2023-08-01,Bengaluru,Caregiver,Rain,Holiday,1,8,0,0,119
2024-02-29,Bengaluru,Electrician,Clear,Normal day,3,2,0,1,108
2025-02-02,Bengaluru,Plumber,Rain,Normal day,6,2,1,0,117
2024-07-25,Delhi,Caregiver,Rain,Holiday,3,7,0,0,123
2024-03-08,Mumbai,Technician,Clear,Normal day,4,3,0,0,91
2023-12-15,Bengaluru,Domestic Helper,Clear,Normal day,4,12,0,0,99
2024-10-20,Hyderabad,Electrician,Rain,Normal day,6,10,1,0,126
2024-09-15,Mumbai,Domestic Helper,Rain,Holiday,6,9,1,0,152
2025-09-10,Bengaluru,Domestic Helper,Extreme heat,Normal day,2,9,0,0,107
2025-06-19,Mumbai,Painter,Rain,Normal day,3,6,0,0,98
2023-08-17,Hyderabad,Technician,Rain,Normal day,3,8,0,0,97
2023-10-15,Hyderabad,Caregiver,Clear,Major event,6,10,1,0,113
2024-03-04,Hyderabad,Electrician,Clear,Normal day,0,3,0,0,78
2023-06-02,Hyderabad,Technician,Rain,Normal day,4,6,0,0,127
2024-05-19,Bengaluru,Plumber,Clear,Normal day,6,5,1,0,108
2025-06-15,Mumbai,Domestic Helper,Clear,Normal day,6,6,1,0,117
2024-03-03,Hyderabad,Electrician,Clear,Normal day,6,3,1,0,104
2025-03-21,Mumbai,Carpenter,Clear,Normal day,4,3,0,0,83
2023-03-05,Hyderabad,Technician,Clear,Normal day,6,3,1,0,72
2023-02-01,Delhi,Plumber,Rain,Normal day,2,2,0,0,152
2025-11-05,Mumbai,Technician,Clear,Normal day,2,11,0,0,109
2023-07-27,Bengaluru,Technician,Rain,Normal day,3,7,0,1,129
2024-01-02,Mumbai,Domestic Helper,Extreme heat,Holiday,1,1,0,0,125
2023-10-07,Delhi,Painter,Clear,Normal day,5,10,1,0,102
2023-12-06,Delhi,Domestic Helper,Clear,Normal day,2,12,0,0,92
2025-08-09,Bengaluru,Carpenter,Clear,Normal day,5,8,1,0,81
2024-10-19,Mumbai,Plumber,Clear,Normal day,5,10,1,0,155
2023-02-03,Hyderabad,Painter,Clear,Normal day,4,2,0,0,57
2023-05-05,Hyderabad,Plumber,Extreme heat,Normal day,4,5,0,0,128
2023-07-24,Bengaluru,Caregiver,Clear,Holiday,0,7,0,0,97
2023-08-02,Delhi,Carpenter,Rain,Major event,2,8,0,0,162
2024-05-16,Hyderabad,Plumber,Extreme heat,Normal day,3,5,0,0,132
2024-06-07,Bengaluru,Plumber,Rain,Normal day,4,6,0,0,125
2025-08-13,Bengaluru,Technician,Rain,Normal day,2,8,0,0,109
2024-03-08,Bengaluru,Painter,Clear,Normal day,4,3,0,0,79
2023-10-08,Bengaluru,Electrician,Clear,Normal day,6,10,1,0,135
2025-11-25,Mumbai,Electrician,Clear,Normal day,1,11,0,0,112
2025-03-12,Mumbai,Technician,Clear,Normal day,2,3,0,0,99
2024-09-03,Mumbai,Carpenter,Clear,Normal day,1,9,0,0,119
2025-09-06,Mumbai,Plumber,Clear,Normal day,5,9,1,0,148
2024-10-19,Bengaluru,Technician,Clear,Normal day,5,10,1,0,137
2023-10-03,Bengaluru,Carpenter,Clear,Normal day,1,10,0,0,95
2025-06-22,Bengaluru,Plumber,Clear,Normal day,6,6,1,0,118
2023-11-22,Bengaluru,Domestic Helper,Clear,Normal day,2,11,0,0,116
2023-02-16,Mumbai,Carpenter,Clear,Normal day,3,2,0,0,91
2023-01-23,Bengaluru,Domestic Helper,Clear,Normal day,0,1,0,0,82
2025-04-28,Delhi,Carpenter,Clear,Normal day,0,4,0,1,111
2025-07-03,Bengaluru,Technician,Rain,Normal day,3,7,0,0,121
2024-01-15,Bengaluru,Carpenter,Clear,Normal day,0,1,0,0,84
2025-01-10,Bengaluru,Carpenter,Rain,Normal day,4,1,0,0,102
2025-05-09,Hyderabad,Technician,Extreme heat,Major event,4,5,0,0,128
2023-12-23,Bengaluru,Electrician,Clear,Normal day,5,12,1,0,101
2024-10-09,Mumbai,Electrician,Rain,Major event,2,10,0,0,202
2024-04-03,Delhi,Technician,Extreme heat,Normal day,2,4,0,0,107
2023-03-10,Delhi,Caregiver,Clear,Holiday,4,3,0,0,115
2025-09-07,Bengaluru,Domestic Helper,Clear,Normal day,6,9,1,0,97
2024-07-10,Hyderabad,Carpenter,Clear,Normal day,2,7,0,0,82
2023-04-11,Bengaluru,Electrician,Extreme heat,Major event,1,4,0,0,140
2024-08-22,Hyderabad,Carpenter,Rain,Normal day,3,8,0,0,105
2025-08-04,Hyderabad,Domestic Helper,Rain,Normal day,0,8,0,0,108
2025-06-21,Delhi,Plumber,Clear,Major event,5,6,1,0,168
2023-10-18,Delhi,Painter,Clear,Normal day,2,10,0,0,69
2025-05-14,Bengaluru,Electrician,Extreme heat,Normal day,2,5,0,0,101
2025-08-21,Delhi,Caregiver,Clear,Normal day,3,8,0,0,91
2023-08-18,Mumbai,Caregiver,Rain,Normal day,4,8,0,0,142
2025-02-25,Delhi,Plumber,Clear,Normal day,1,2,0,0,90
2023-08-29,Delhi,Domestic Helper,Clear,Major event,1,8,0,1,148
2024-05-07,Bengaluru,Carpenter,Extreme heat,Normal day,1,5,0,0,111
2023-05-25,Hyderabad,Carpenter,Clear,Normal day,3,5,0,0,74
2024-07-16,Hyderabad,Technician,Rain,Normal day,1,7,0,0,94
2025-03-04,Mumbai,Technician,Clear,Normal day,1,3,0,0,88
2023-03-23,Mumbai,Technician,Clear,Normal day,3,3,0,0,112
2023-09-07,Hyderabad,Painter,Rain,Normal day,3,9,0,0,87
2024-09-21,Hyderabad,Electrician,Clear,Normal day,5,9,1,0,125
2024-08-22,Delhi,Painter,Rain,Normal day,3,8,0,0,91
2025-10-31,Mumbai,Carpenter,Clear,Holiday,4,10,0,1,132
2024-04-11,Mumbai,Domestic Helper,Extreme heat,Holiday,3,4,0,0,134
2023-06-30,Mumbai,Technician,Clear,Normal day,4,6,0,1,113
2024-07-25,Hyderabad,Caregiver,Rain,Normal day,3,7,0,0,119
2025-07-26,Delhi,Domestic Helper,Clear,Normal day,5,7,1,1,125
2024-09-05,Delhi,Electrician,Rain,Normal day,3,9,0,0,135
2024-09-25,Hyderabad,Carpenter,Rain,Normal day,2,9,0,0,102
2024-06-06,Hyderabad,Plumber,Rain,Normal day,3,6,0,0,142
2023-11-13,Delhi,Domestic Helper,Clear,Normal day,0,11,0,0,99
2025-10-09,Bengaluru,Caregiver,Extreme heat,Normal day,3,10,0,0,96
2025-09-06,Hyderabad,Caregiver,Rain,Normal day,5,9,1,0,89
2025-05-06,Delhi,Technician,Rain,Normal day,1,5,0,0,125
2025-07-16,Bengaluru,Carpenter,Clear,Normal day,2,7,0,0,80
2024-12-19,Bengaluru,Domestic Helper,Clear,Normal day,3,12,0,0,90
2023-09-09,Hyderabad,Plumber,Rain,Normal day,5,9,1,0,137
2024-09-19,Hyderabad,Painter,Rain,Normal day,3,9,0,0,90
2025-03-30,Bengaluru,Caregiver,Clear,Normal day,6,3,1,1,75
2024-01-24,Delhi,Plumber,Clear,Normal day,2,1,0,0,92
2024-12-02,Mumbai,Electrician,Clear,Normal day,0,12,0,0,99
2025-10-13,Bengaluru,Domestic Helper,Clear,Normal day,0,10,0,0,93
2025-07-05,Delhi,Domestic Helper,Clear,Normal day,5,7,1,0,132
2025-06-12,Mumbai,Technician,Rain,Normal day,3,6,0,0,131
2025-05-01,Hyderabad,Electrician,Extreme heat,Normal day,3,5,0,0,119
2025-07-01,Hyderabad,Painter,Rain,Normal day,1,7,0,0,87
2024-07-10,Bengaluru,Carpenter,Rain,Normal day,2,7,0,0,106
2025-08-16,Bengaluru,Plumber,Extreme heat,Normal day,5,8,1,0,130
2023-02-07,Bengaluru,Carpenter,Clear,Normal day,1,2,0,0,94
2024-07-31,Bengaluru,Caregiver,Rain,Normal day,2,7,0,1,108
2024-10-18,Hyderabad,Technician,Clear,Normal day,4,10,0,0,87
2024-03-19,Hyderabad,Carpenter,Rain,Normal day,1,3,0,0,93
2024-07-05,Delhi,Carpenter,Rain,Normal day,4,7,0,0,121
2025-08-27,Hyderabad,Technician,Rain,Normal day,2,8,0,1,113
2024-03-07,Mumbai,Technician,Clear,Normal day,3,3,0,0,87
2024-01-12,Bengaluru,Caregiver,Rain,Normal day,4,1,0,0,84
2024-11-30,Mumbai,Technician,Clear,Normal day,5,11,1,1,122
2025-08-21,Hyderabad,Plumber,Rain,Normal day,3,8,0,0,128
2023-10-20,Hyderabad,Painter,Clear,Normal day,4,10,0,0,78
2025-10-16,Bengaluru,Caregiver,Clear,Normal day,3,10,0,0,99
2023-11-19,Hyderabad,Technician,Clear,Normal day,6,11,1,0,99
2025-05-17,Bengaluru,Technician,Extreme heat,Normal day,5,5,1,0,108
2025-06-10,Delhi,Carpenter,Rain,Normal day,1,6,0,0,108
2024-08-07,Mumbai,Caregiver,Clear,Holiday,2,8,0,0,121
2025-09-14,Hyderabad,Technician,Clear,Normal day,6,9,1,0,94
2025-09-06,Hyderabad,Technician,Rain,Normal day,5,9,1,0,106
2024-06-08,Mumbai,Carpenter,Rain,Normal day,5,6,1,0,132
2024-08-12,Bengaluru,Domestic Helper,Clear,Holiday,0,8,0,0,121
2025-05-27,Delhi,Electrician,Extreme heat,Normal day,1,5,0,1,100
2023-12-22,Delhi,Domestic Helper,Clear,Major event,4,12,0,0,125
2025-03-06,Bengaluru,Carpenter,Clear,Normal day,3,3,0,0,62
2023-05-07,Hyderabad,Domestic Helper,Clear,Normal day,6,5,1,0,99
2025-09-06,Bengaluru,Electrician,Rain,Normal day,5,9,1,0,141
2024-09-22,Bengaluru,Plumber,Clear,Normal day,6,9,1,0,113
2024-09-05,Mumbai,Plumber,Rain,Normal day,3,9,0,0,145
2023-12-26,Delhi,Domestic Helper,Clear,Normal day,1,12,0,1,126
2023-07-04,Hyderabad,Caregiver,Rain,Normal day,1,7,0,0,118
2023-08-30,Bengaluru,Caregiver,Rain,Normal day,2,8,0,1,98
2024-09-07,Hyderabad,Carpenter,Clear,Holiday,5,9,1,0,75
2023-08-08,Mumbai,Domestic Helper,Rain,Normal day,1,8,0,0,148
2023-07-13,Delhi,Painter,Rain,Normal day,3,7,0,0,122
2023-07-16,Bengaluru,Caregiver,Clear,Normal day,6,7,1,0,133
2024-04-17,Bengaluru,Carpenter,Extreme heat,Normal day,2,4,0,0,93
2025-06-04,Hyderabad,Caregiver,Rain,Normal day,2,6,0,0,87
2024-08-17,Mumbai,Domestic Helper,Rain,Normal day,5,8,1,0,147
2025-01-01,Delhi,Plumber,Clear,Normal day,2,1,0,0,128
2024-05-11,Hyderabad,Caregiver,Clear,Normal day,5,5,1,0,109
2024-10-26,Bengaluru,Caregiver,Clear,Normal day,5,10,1,1,103
2024-01-03,Hyderabad,Painter,Clear,Normal day,2,1,0,0,67
2023-06-12,Hyderabad,Domestic Helper,Clear,Holiday,0,6,0,0,99
2023-11-21,Delhi,Electrician,Rain,Normal day,1,11,0,0,121
2024-02-10,Mumbai,Painter,Clear,Normal day,5,2,1,0,102
2024-07-23,Delhi,Caregiver,Rain,Normal day,1,7,0,0,115
2025-08-12,Mumbai,Painter,Extreme heat,Normal day,1,8,0,0,105
2025-09-25,Mumbai,Caregiver,Rain,Normal day,3,9,0,0,123
2024-07-03,Bengaluru,Technician,Clear,Normal day,2,7,0,0,95
2025-06-12,Hyderabad,Plumber,Rain,Normal day,3,6,0,0,127
2025-10-16,Hyderabad,Domestic Helper,Clear,Normal day,3,10,0,0,100
2025-06-26,Hyderabad,Caregiver,Rain,Normal day,3,6,0,1,97
2025-02-11,Hyderabad,Carpenter,Clear,Normal day,1,2,0,0,53
2023-07-25,Delhi,Painter,Clear,Normal day,1,7,0,0,69
2023-04-13,Mumbai,Electrician,Clear,Normal day,3,4,0,0,103
2023-01-17,Hyderabad,Technician,Clear,Holiday,1,1,0,0,73
2024-07-27,Mumbai,Technician,Rain,Normal day,5,7,1,1,150
2024-01-04,Hyderabad,Carpenter,Clear,Normal day,3,1,0,0,79
2024-08-19,Hyderabad,Plumber,Rain,Normal day,0,8,0,0,101
2023-06-11,Mumbai,Carpenter,Clear,Holiday,6,6,1,0,133
2023-06-12,Bengaluru,Electrician,Rain,Normal day,0,6,0,0,118
2025-01-26,Hyderabad,Painter,Clear,Normal day,6,1,1,1,70
2023-07-07,Mumbai,Painter,Clear,Holiday,4,7,0,0,77
2023-05-15,Hyderabad,Carpenter,Rain,Holiday,0,5,0,0,106
2025-07-12,Delhi,Painter,Extreme heat,Normal day,5,7,1,0,113
2024-04-22,Bengaluru,Plumber,Extreme heat,Normal day,0,4,0,0,113
2025-06-30,Mumbai,Painter,Clear,Normal day,0,6,0,1,83
2025-09-12,Bengaluru,Electrician,Rain,Normal day,4,9,0,0,140
2023-07-20,Delhi,Domestic Helper,Clear,Normal day,3,7,0,0,111
2023-11-20,Mumbai,Caregiver,Clear,Normal day,0,11,0,0,90
2023-01-01,Hyderabad,Electrician,Clear,Normal day,6,1,1,0,110
2024-07-06,Hyderabad,Painter,Clear,Normal day,5,7,1,0,98
2024-10-03,Bengaluru,Carpenter,Clear,Normal day,3,10,0,0,110
2023-03-26,Delhi,Technician,Clear,Holiday,6,3,1,1,105
2023-03-05,Bengaluru,Carpenter,Clear,Holiday,6,3,1,0,94
2024-10-08,Mumbai,Electrician,Clear,Normal day,1,10,0,0,120
2024-11-02,Hyderabad,Electrician,Clear,Holiday,5,11,1,0,118
2025-04-11,Mumbai,Technician,Extreme heat,Normal day,4,4,0,0,121
2025-10-09,Hyderabad,Domestic Helper,Clear,Holiday,3,10,0,0,113
2024-11-01,Delhi,Domestic Helper,Clear,Normal day,4,11,0,0,118
2023-11-03,Delhi,Painter,Clear,Normal day,4,11,0,0,99
2023-12-13,Mumbai,Carpenter,Clear,Normal day,2,12,0,0,105
2023-04-27,Hyderabad,Domestic Helper,Extreme heat,Normal day,3,4,0,1,99
2025-10-21,Hyderabad,Technician,Clear,Normal day,1,10,0,0,92
2025-10-04,Delhi,Technician,Clear,Holiday,5,10,1,0,126
2025-11-27,Mumbai,Painter,Clear,Holiday,3,11,0,1,98
2023-08-26,Delhi,Domestic Helper,Rain,Normal day,5,8,1,1,192
2025-02-22,Bengaluru,Carpenter,Extreme heat,Major event,5,2,1,0,114
2023-06-04,Hyderabad,Caregiver,Rain,Normal day,6,6,1,0,109
2025-09-30,Bengaluru,Domestic Helper,Clear,Normal day,1,9,0,1,94
2025-02-20,Delhi,Electrician,Clear,Normal day,3,2,0,0,94
2023-07-07,Delhi,Carpenter,Rain,Normal day,4,7,0,0,134
2024-06-17,Mumbai,Caregiver,Clear,Normal day,0,6,0,0,88
2023-02-08,Bengaluru,Caregiver,Clear,Holiday,2,2,0,0,89
2024-11-03,Bengaluru,Plumber,Clear,Normal day,6,11,1,0,151
2025-04-30,Mumbai,Painter,Clear,Normal day,2,4,0,1,88
2025-06-28,Bengaluru,Carpenter,Clear,Holiday,5,6,1,1,116
2025-10-31,Bengaluru,Carpenter,Clear,Normal day,4,10,0,1,109
2023-01-12,Hyderabad,Painter,Clear,Holiday,3,1,0,0,66
2023-01-22,Bengaluru,Painter,Clear,Normal day,6,1,1,0,95
2024-03-26,Hyderabad,Carpenter,Clear,Normal day,1,3,0,1,79
2024-04-07,Hyderabad,Painter,Clear,Holiday,6,4,1,0,79
2023-04-08,Delhi,Carpenter,Clear,Normal day,5,4,1,0,93
2023-06-21,Delhi,Electrician,Clear,Normal day,2,6,0,0,119
2023-01-29,Bengaluru,Caregiver,Clear,Normal day,6,1,1,1,91
2023-08-16,Bengaluru,Electrician,Rain,Normal day,2,8,0,0,115
2024-05-27,Mumbai,Domestic Helper,Clear,Normal day,0,5,0,1,108
2025-07-24,Hyderabad,Electrician,Rain,Normal day,3,7,0,0,116
2025-09-16,Hyderabad,Technician,Clear,Normal day,1,9,0,0,68
2023-09-26,Bengaluru,Domestic Helper,Rain,Normal day,1,9,0,1,139
2023-12-29,Mumbai,Carpenter,Clear,Holiday,4,12,0,1,110
2024-02-25,Bengaluru,Caregiver,Clear,Normal day,6,2,1,0,67
2025-01-12,Mumbai,Painter,Extreme heat,Normal day,6,1,1,0,95
2025-09-20,Mumbai,Plumber,Clear,Normal day,5,9,1,0,133
2024-07-28,Bengaluru,Domestic Helper,Rain,Holiday,6,7,1,1,175
2023-04-03,Delhi,Domestic Helper,Rain,Normal day,0,4,0,0,131
2024-08-09,Hyderabad,Caregiver,Rain,Normal day,4,8,0,0,105
2025-12-28,Bengaluru,Electrician,Clear,Normal day,6,12,1,1,126
2024-12-01,Hyderabad,Technician,Clear,Normal day,6,12,1,0,86
2025-04-29,Bengaluru,Caregiver,Clear,Normal day,1,4,0,1,97
2023-03-20,Mumbai,Carpenter,Clear,Normal day,0,3,0,0,87
2023-05-24,Hyderabad,Technician,Extreme heat,Normal day,2,5,0,0,95
2025-03-26,Mumbai,Painter,Clear,Normal day,2,3,0,1,102
2024-11-21,Delhi,Domestic Helper,Clear,Holiday,3,11,0,0,125
2025-06-16,Hyderabad,Technician,Clear,Normal day,0,6,0,0,91
2023-11-07,Hyderabad,Technician,Extreme heat,Normal day,1,11,0,0,88
2025-03-23,Mumbai,Painter,Rain,Holiday,6,3,1,0,136
2025-01-06,Mumbai,Technician,Clear,Normal day,0,1,0,0,92
2023-10-23,Bengaluru,Domestic Helper,Clear,Normal day,0,10,0,0,118
2024-07-19,Delhi,Electrician,Rain,Normal day,4,7,0,0,134
2023-02-10,Hyderabad,Domestic Helper,Clear,Normal day,4,2,0,0,86
2025-08-06,Mumbai,Technician,Extreme heat,Normal day,2,8,0,0,125
2025-10-16,Bengaluru,Technician,Clear,Normal day,3,10,0,0,78
2024-08-11,Bengaluru,Technician,Clear,Holiday,6,8,1,0,112
2023-01-10,Hyderabad,Painter,Clear,Normal day,1,1,0,0,60
2024-08-11,Mumbai,Technician,Rain,Normal day,6,8,1,0,143
2024-04-18,Bengaluru,Technician,Clear,Normal day,3,4,0,0,90
2024-04-06,Delhi,Technician,Extreme heat,Normal day,5,4,1,0,137
2025-12-28,Hyderabad,Electrician,Clear,Normal day,6,12,1,1,124
2024-05-16,Hyderabad,Carpenter,Extreme heat,Major event,3,5,0,0,115
2024-08-01,Hyderabad,Domestic Helper,Extreme heat,Normal day,3,8,0,0,103
2024-10-06,Mumbai,Electrician,Clear,Major event,6,10,1,0,194
2025-09-27,Bengaluru,Plumber,Rain,Normal day,5,9,1,1,162
2025-01-24,Bengaluru,Plumber,Clear,Normal day,4,1,0,0,99
2023-04-08,Delhi,Caregiver,Extreme heat,Normal day,5,4,1,0,123
2023-08-31,Delhi,Painter,Clear,Normal day,3,8,0,1,90
2025-11-06,Bengaluru,Domestic Helper,Clear,Normal day,3,11,0,0,89
2023-02-19,Hyderabad,Plumber,Clear,Normal day,6,2,1,0,107
2023-01-06,Hyderabad,Plumber,Clear,Normal day,4,1,0,0,72
2023-01-27,Delhi,Caregiver,Clear,Normal day,4,1,0,1,82
2023-05-30,Delhi,Technician,Clear,Holiday,1,5,0,1,123
2024-01-22,Delhi,Plumber,Clear,Holiday,0,1,0,0,122
2025-06-15,Hyderabad,Caregiver,Rain,Normal day,6,6,1,0,99
2023-01-28,Delhi,Electrician,Clear,Normal day,5,1,1,1,116
2023-09-04,Delhi,Electrician,Rain,Normal day,0,9,0,0,140
2023-07-09,Delhi,Electrician,Clear,Normal day,6,7,1,0,105
2023-01-07,Hyderabad,Carpenter,Clear,Holiday,5,1,1,0,75
2024-07-16,Delhi,Electrician,Clear,Normal day,1,7,0,0,132
2024-03-11,Mumbai,Technician,Clear,Normal day,0,3,0,0,111
2023-10-25,Hyderabad,Domestic Helper,Clear,Normal day,2,10,0,0,88
2024-06-27,Hyderabad,Plumber,Rain,Normal day,3,6,0,1,123
2024-02-20,Bengaluru,Domestic Helper,Rain,Normal day,1,2,0,0,85
2023-12-31,Mumbai,Domestic Helper,Clear,Normal day,6,12,1,1,130
2025-01-21,Hyderabad,Plumber,Clear,Holiday,1,1,0,0,104
2023-06-15,Mumbai,Carpenter,Rain,Normal day,3,6,0,0,107
2024-02-21,Hyderabad,Plumber,Clear,Normal day,2,2,0,0,128
2023-06-27,Mumbai,Caregiver,Clear,Normal day,1,6,0,1,88
2023-05-23,Mumbai,Painter,Clear,Normal day,1,5,0,0,50
2024-01-24,Hyderabad,Carpenter,Clear,Normal day,2,1,0,0,62
2024-02-04,Bengaluru,Caregiver,Clear,Normal day,6,2,1,0,82
2024-10-07,Delhi,Carpenter,Extreme heat,Normal day,0,10,0,0,94
2023-08-29,Delhi,Electrician,Rain,Normal day,1,8,0,1,145
2023-08-11,Delhi,Painter,Rain,Normal day,4,8,0,0,89
2023-08-09,Hyderabad,Domestic Helper,Rain,Normal day,2,8,0,0,119
2025-04-21,Mumbai,Plumber,Extreme heat,Normal day,0,4,0,0,142
2023-09-21,Mumbai,Electrician,Clear,Normal day,3,9,0,0,143
2024-03-06,Mumbai,Technician,Clear,Normal day,2,3,0,0,103
2024-05-05,Bengaluru,Caregiver,Rain,Major event,6,5,1,0,138
2023-10-25,Delhi,Electrician,Clear,Normal day,2,10,0,0,121
2023-11-11,Hyderabad,Electrician,Clear,Major event,5,11,1,0,122
2024-09-27,Mumbai,Technician,Rain,Normal day,4,9,0,1,117
2025-02-16,Hyderabad,Domestic Helper,Clear,Holiday,6,2,1,0,103
2025-10-20,Mumbai,Painter,Clear,Holiday,0,10,0,0,103
2024-10-06,Hyderabad,Caregiver,Clear,Normal day,6,10,1,0,88
2025-05-23,Mumbai,Painter,Clear,Normal day,4,5,0,0,79
2025-09-21,Mumbai,Domestic Helper,Clear,Normal day,6,9,1,0,105
2025-12-12,Mumbai,Plumber,Clear,Normal day,4,12,0,0,120
2025-07-31,Bengaluru,Electrician,Rain,Normal day,3,7,0,1,142
2023-12-14,Delhi,Painter,Clear,Normal day,3,12,0,0,95
2025-08-13,Delhi,Electrician,Rain,Normal day,2,8,0,0,136
2023-10-11,Bengaluru,Electrician,Clear,Normal day,2,10,0,0,87
2025-04-27,Mumbai,Painter,Clear,Normal day,6,4,1,1,100
2023-12-23,Bengaluru,Painter,Clear,Normal day,5,12,1,0,84
2023-01-24,Bengaluru,Painter,Clear,Normal day,1,1,0,0,81
2025-10-29,Bengaluru,Plumber,Clear,Holiday,2,10,0,1,140
2023-12-01,Delhi,Plumber,Clear,Normal day,4,12,0,0,107
2024-10-22,Bengaluru,Painter,Clear,Holiday,1,10,0,0,77
2025-07-09,Mumbai,Plumber,Rain,Holiday,2,7,0,0,182
2025-07-23,Hyderabad,Electrician,Clear,Holiday,2,7,0,0,120
2023-05-08,Mumbai,Carpenter,Rain,Major event,0,5,0,0,142
2024-12-09,Delhi,Carpenter,Rain,Normal day,0,12,0,0,117
2023-04-02,Delhi,Domestic Helper,Clear,Normal day,6,4,1,0,109
2024-10-13,Hyderabad,Caregiver,Clear,Normal day,6,10,1,0,97
2023-10-05,Hyderabad,Electrician,Clear,Normal day,3,10,0,0,105
2025-10-29,Bengaluru,Painter,Clear,Normal day,2,10,0,1,73
2025-04-29,Delhi,Electrician,Clear,Normal day,1,4,0,1,108
2025-09-02,Delhi,Plumber,Rain,Normal day,1,9,0,0,144
2023-01-18,Mumbai,Painter,Clear,Normal day,2,1,0,0,70
2024-11-15,Mumbai,Painter,Clear,Normal day,4,11,0,0,85
2025-12-13,Hyderabad,Electrician,Clear,Normal day,5,12,1,0,101
2024-11-14,Delhi,Painter,Clear,Normal day,3,11,0,0,89
2024-04-26,Hyderabad,Plumber,Extreme heat,Normal day,4,4,0,1,111
2023-12-09,Bengaluru,Technician,Clear,Normal day,5,12,1,0,104
2023-10-09,Delhi,Painter,Clear,Normal day,0,10,0,0,89
2024-05-31,Mumbai,Plumber,Extreme heat,Normal day,4,5,0,1,147
2023-11-22,Hyderabad,Plumber,Clear,Major event,2,11,0,0,150
2025-09-05,Hyderabad,Painter,Clear,Normal day,4,9,0,0,82
2023-01-29,Hyderabad,Domestic Helper,Clear,Normal day,6,1,1,1,96
2024-06-02,Bengaluru,Technician,Clear,Normal day,6,6,1,0,104
2024-08-25,Hyderabad,Painter,Clear,Normal day,6,8,1,0,72
2025-09-21,Delhi,Technician,Clear,Normal day,6,9,1,0,107
2024-10-09,Delhi,Caregiver,Rain,Holiday,2,10,0,0,99
2024-11-15,Hyderabad,Painter,Clear,Normal day,4,11,0,0,90
2023-04-23,Hyderabad,Plumber,Clear,Normal day,6,4,1,0,110
2025-08-25,Delhi,Electrician,Clear,Major event,0,8,0,0,144
2024-10-05,Delhi,Electrician,Clear,Holiday,5,10,1,0,115
2024-04-22,Hyderabad,Caregiver,Clear,Normal day,0,4,0,0,76
2024-04-29,Mumbai,Technician,Clear,Normal day,0,4,0,1,100
2025-12-10,Hyderabad,Plumber,Clear,Normal day,2,12,0,0,108
2024-06-01,Hyderabad,Caregiver,Rain,Normal day,5,6,1,0,109
2025-04-24,Hyderabad,Electrician,Clear,Normal day,3,4,0,0,89
2025-02-02,Hyderabad,Carpenter,Clear,Holiday,6,2,1,0,94
2024-10-01,Mumbai,Painter,Clear,Holiday,1,10,0,0,90
2024-09-17,Mumbai,Painter,Clear,Normal day,1,9,0,0,95
2025-01-18,Bengaluru,Caregiver,Clear,Holiday,5,1,1,0,100
2023-06-08,Mumbai,Technician,Clear,Normal day,3,6,0,0,96
2025-03-10,Bengaluru,Domestic Helper,Clear,Holiday,0,3,0,0,112
2023-03-16,Bengaluru,Electrician,Clear,Holiday,3,3,0,0,115
2025-03-14,Delhi,Technician,Clear,Normal day,4,3,0,0,99
2024-09-24,Delhi,Carpenter,Rain,Normal day,1,9,0,0,95
2023-04-22,Bengaluru,Painter,Extreme heat,Normal day,5,4,1,0,86
2025-03-30,Mumbai,Caregiver,Clear,Normal day,6,3,1,1,94
2024-09-02,Mumbai,Technician,Rain,Normal day,0,9,0,0,128
2024-10-06,Mumbai,Technician,Clear,Normal day,6,10,1,0,118
2025-11-03,Hyderabad,Caregiver,Rain,Holiday,0,11,0,0,94
2025-10-19,Mumbai,Plumber,Clear,Normal day,6,10,1,0,130
2025-02-03,Hyderabad,Domestic Helper,Rain,Holiday,0,2,0,0,112
2025-07-05,Bengaluru,Caregiver,Rain,Normal day,5,7,1,0,123
2023-05-15,Bengaluru,Technician,Clear,Normal day,0,5,0,0,93
2024-06-01,Bengaluru,Caregiver,Clear,Major event,5,6,1,0,131
2023-02-15,Hyderabad,Carpenter,Clear,Normal day,2,2,0,0,61
2025-05-11,Delhi,Plumber,Clear,Normal day,6,5,1,0,154
2024-09-19,Hyderabad,Carpenter,Clear,Normal day,3,9,0,0,70
2024-12-30,Bengaluru,Technician,Clear,Holiday,0,12,0,1,120
2025-10-19,Hyderabad,Caregiver,Clear,Holiday,6,10,1,0,95
2025-04-22,Bengaluru,Plumber,Clear,Normal day,1,4,0,0,85
2024-12-22,Mumbai,Caregiver,Clear,Normal day,6,12,1,0,104
2025-10-17,Delhi,Carpenter,Clear,Normal day,4,10,0,0,99
2025-10-07,Delhi,Domestic Helper,Rain,Holiday,1,10,0,0,126
2024-06-17,Bengaluru,Caregiver,Clear,Normal day,0,6,0,0,76
2025-12-20,Mumbai,Technician,Clear,Normal day,5,12,1,0,104
2023-07-22,Hyderabad,Carpenter,Rain,Major event,5,7,1,0,161
2024-05-19,Mumbai,Domestic Helper,Extreme heat,Normal day,6,5,1,0,135
2024-07-25,Delhi,Caregiver,Rain,Normal day,3,7,0,0,123
2023-10-25,Delhi,Carpenter,Clear,Normal day,2,10,0,0,102
2025-10-18,Delhi,Caregiver,Clear,Normal day,5,10,1,0,111
2025-08-25,Hyderabad,Plumber,Clear,Normal day,0,8,0,0,104
2025-03-16,Delhi,Domestic Helper,Clear,Normal day,6,3,1,0,119
2025-11-10,Mumbai,Caregiver,Clear,Holiday,0,11,0,0,110
2023-01-21,Hyderabad,Painter,Clear,Normal day,5,1,1,0,70
2023-06-02,Bengaluru,Electrician,Rain,Normal day,4,6,0,0,122
2024-08-20,Delhi,Plumber,Rain,Holiday,1,8,0,0,166
2024-05-22,Bengaluru,Painter,Extreme heat,Normal day,2,5,0,0,94
2023-09-21,Mumbai,Painter,Clear,Normal day,3,9,0,0,99
2025-08-20,Bengaluru,Technician,Rain,Normal day,2,8,0,0,147
2023-05-27,Bengaluru,Carpenter,Extreme heat,Normal day,5,5,1,1,113
2023-07-01,Delhi,Technician,Rain,Normal day,5,7,1,0,133
2024-06-18,Mumbai,Carpenter,Rain,Normal day,1,6,0,0,134
2025-02-14,Delhi,Electrician,Clear,Normal day,4,2,0,0,97
2024-04-01,Delhi,Plumber,Extreme heat,Normal day,0,4,0,0,128
2025-08-15,Bengaluru,Domestic Helper,Rain,Normal day,4,8,0,0,121
2024-03-19,Bengaluru,Caregiver,Clear,Normal day,1,3,0,0,71
2024-08-21,Mumbai,Carpenter,Rain,Normal day,2,8,0,0,115
2024-07-05,Delhi,Domestic Helper,Clear,Normal day,4,7,0,0,105
2023-09-10,Mumbai,Domestic Helper,Clear,Normal day,6,9,1,0,118
2023-05-27,Mumbai,Painter,Clear,Normal day,5,5,1,1,97
2025-11-12,Bengaluru,Carpenter,Clear,Normal day,2,11,0,0,72
2025-10-31,Mumbai,Technician,Clear,Normal day,4,10,0,1,108
2023-04-17,Hyderabad,Electrician,Clear,Major event,0,4,0,0,106
2023-02-21,Delhi,Caregiver,Clear,Normal day,1,2,0,0,85
2023-09-24,Hyderabad,Caregiver,Clear,Normal day,6,9,1,0,83
2024-01-03,Delhi,Caregiver,Clear,Normal day,2,1,0,0,83
2024-02-19,Mumbai,Painter,Clear,Normal day,0,2,0,0,66
2025-10-12,Bengaluru,Carpenter,Clear,Holiday,6,10,1,0,114
2025-11-17,Mumbai,Painter,Clear,Normal day,0,11,0,0,69
2025-10-10,Delhi,Plumber,Clear,Normal day,4,10,0,0,113
2025-06-09,Mumbai,Painter,Rain,Holiday,0,6,0,0,125
2025-11-29,Delhi,Carpenter,Clear,Holiday,5,11,1,1,124
2024-04-04,Delhi,Painter,Extreme heat,Normal day,3,4,0,0,112
2023-11-11,Mumbai,Painter,Clear,Normal day,5,11,1,0,102
2023-02-06,Bengaluru,Painter,Clear,Normal day,0,2,0,0,70
2024-10-08,Delhi,Plumber,Clear,Normal day,1,10,0,0,113
2025-10-08,Bengaluru,Carpenter,Clear,Normal day,2,10,0,0,112
2024-01-31,Mumbai,Electrician,Extreme heat,Normal day,2,1,0,1,141
2024-04-11,Bengaluru,Technician,Extreme heat,Normal day,3,4,0,0,100
2025-10-10,Delhi,Painter,Rain,Normal day,4,10,0,0,91
2025-05-16,Bengaluru,Technician,Clear,Normal day,4,5,0,0,102
2023-04-14,Mumbai,Electrician,Extreme heat,Normal day,4,4,0,0,142
2023-03-30,Mumbai,Painter,Clear,Normal day,3,3,0,1,98
2024-12-31,Hyderabad,Electrician,Clear,Normal day,1,12,0,1,104
2023-09-14,Delhi,Plumber,Rain,Normal day,3,9,0,0,157
2025-05-13,Mumbai,Electrician,Extreme heat,Major event,1,5,0,0,149
2024-03-17,Hyderabad,Technician,Rain,Normal day,6,3,1,0,118
2024-03-02,Mumbai,Caregiver,Clear,Normal day,5,3,1,0,105
2023-12-10,Hyderabad,Carpenter,Clear,Normal day,6,12,1,0,88
2024-01-19,Mumbai,Painter,Rain,Normal day,4,1,0,0,102
2025-09-01,Delhi,Plumber,Clear,Normal day,0,9,0,0,115
2024-12-13,Mumbai,Caregiver,Clear,Normal day,4,12,0,0,89
2025-10-04,Mumbai,Technician,Clear,Normal day,5,10,1,0,123
2025-07-02,Mumbai,Caregiver,Clear,Normal day,2,7,0,0,93
2024-09-05,Delhi,Caregiver,Rain,Normal day,3,9,0,0,99
2023-08-24,Hyderabad,Caregiver,Clear,Normal day,3,8,0,0,86
2025-02-26,Mumbai,Caregiver,Clear,Normal day,2,2,0,1,88
2024-07-23,Bengaluru,Domestic Helper,Rain,Normal day,1,7,0,0,130
2023-10-16,Hyderabad,Painter,Rain,Holiday,0,10,0,0,111
2024-12-27,Hyderabad,Technician,Rain,Normal day,4,12,0,1,123
2025-04-27,Delhi,Electrician,Extreme heat,Holiday,6,4,1,1,152
2023-08-13,Mumbai,Carpenter,Clear,Normal day,6,8,1,0,110
2023-03-04,Mumbai,Electrician,Clear,Normal day,5,3,1,0,133
2023-09-25,Bengaluru,Painter,Clear,Holiday,0,9,0,0,84
2024-07-22,Delhi,Painter,Clear,Normal day,0,7,0,0,83
2025-04-15,Hyderabad,Caregiver,Clear,Normal day,1,4,0,0,69
2023-01-20,Bengaluru,Caregiver,Clear,Normal day,4,1,0,0,68
2024-04-25,Delhi,Electrician,Extreme heat,Major event,3,4,0,0,175
2024-01-15,Hyderabad,Caregiver,Clear,Normal day,0,1,0,0,74
2024-09-14,Hyderabad,Carpenter,Clear,Normal day,5,9,1,0,82
2025-03-19,Delhi,Caregiver,Clear,Normal day,2,3,0,0,83
2023-10-13,Hyderabad,Painter,Extreme heat,Holiday,4,10,0,0,106
2023-05-01,Delhi,Electrician,Clear,Normal day,0,5,0,0,107
2023-02-13,Mumbai,Plumber,Clear,Normal day,0,2,0,0,91
2024-08-31,Hyderabad,Technician,Rain,Holiday,5,8,1,1,151
2025-09-20,Bengaluru,Technician,Clear,Holiday,5,9,1,0,94
2025-02-07,Delhi,Plumber,Clear,Normal day,4,2,0,0,93
2024-03-26,Bengaluru,Carpenter,Clear,Normal day,1,3,0,1,73
2024-08-29,Mumbai,Domestic Helper,Rain,Normal day,3,8,0,1,151
2025-12-17,Bengaluru,Caregiver,Rain,Normal day,2,12,0,0,95
2024-02-19,Bengaluru,Domestic Helper,Clear,Normal day,0,2,0,0,88
2024-12-21,Bengaluru,Painter,Clear,Normal day,5,12,1,0,77
2025-06-03,Hyderabad,Electrician,Clear,Holiday,1,6,0,0,97
2025-06-06,Hyderabad,Electrician,Clear,Holiday,4,6,0,0,116
2023-08-31,Bengaluru,Painter,Rain,Normal day,3,8,0,1,92
2025-08-19,Hyderabad,Domestic Helper,Clear,Normal day,1,8,0,0,98
2024-08-06,Hyderabad,Painter,Clear,Normal day,1,8,0,0,76
2025-03-04,Bengaluru,Domestic Helper,Clear,Normal day,1,3,0,0,92
2023-05-22,Mumbai,Plumber,Extreme heat,Normal day,0,5,0,0,130
2024-03-24,Bengaluru,Domestic Helper,Clear,Normal day,6,3,1,0,97
2025-11-24,Delhi,Caregiver,Clear,Normal day,0,11,0,0,91
2025-11-07,Mumbai,Carpenter,Clear,Normal day,4,11,0,0,102
2025-04-05,Hyderabad,Domestic Helper,Extreme heat,Normal day,5,4,1,0,110
2025-07-04,Delhi,Domestic Helper,Clear,Normal day,4,7,0,0,129
2023-01-26,Bengaluru,Domestic Helper,Clear,Holiday,3,1,0,1,116
2024-10-26,Delhi,Painter,Clear,Normal day,5,10,1,1,102
2024-12-27,Bengaluru,Electrician,Clear,Holiday,4,12,0,1,121
2024-03-18,Hyderabad,Painter,Rain,Normal day,0,3,0,0,70
2023-06-29,Bengaluru,Technician,Clear,Normal day,3,6,0,1,81
2025-12-04,Bengaluru,Carpenter,Clear,Holiday,3,12,0,0,90
2024-01-09,Delhi,Technician,Clear,Normal day,1,1,0,0,88
2023-09-01,Mumbai,Painter,Clear,Normal day,4,9,0,0,75
2023-04-25,Delhi,Caregiver,Extreme heat,Normal day,1,4,0,0,79
2024-03-19,Bengaluru,Carpenter,Rain,Normal day,1,3,0,0,86
2024-04-27,Hyderabad,Domestic Helper,Clear,Normal day,5,4,1,1,99
2023-05-09,Delhi,Electrician,Clear,Holiday,1,5,0,0,117
2024-05-09,Hyderabad,Technician,Rain,Major event,3,5,0,0,160
2024-07-18,Hyderabad,Domestic Helper,Clear,Normal day,3,7,0,0,99
2024-09-17,Delhi,Domestic Helper,Clear,Normal day,1,9,0,0,115
2023-05-13,Delhi,Electrician,Extreme heat,Normal day,5,5,1,0,164
2024-06-06,Mumbai,Painter,Rain,Normal day,3,6,0,0,88
2023-05-29,Mumbai,Painter,Extreme heat,Normal day,0,5,0,1,86
2023-04-22,Bengaluru,Domestic Helper,Clear,Normal day,5,4,1,0,124
2023-04-13,Hyderabad,Technician,Extreme heat,Holiday,3,4,0,0,131
2024-08-19,Delhi,Technician,Clear,Normal day,0,8,0,0,102
2025-05-23,Hyderabad,Electrician,Clear,Normal day,4,5,0,0,102
2023-11-08,Delhi,Plumber,Extreme heat,Normal day,2,11,0,0,110
2025-08-18,Bengaluru,Domestic Helper,Extreme heat,Normal day,0,8,0,0,123
2025-11-28,Delhi,Domestic Helper,Clear,Normal day,4,11,0,1,128
2023-01-24,Delhi,Domestic Helper,Clear,Normal day,1,1,0,0,95
2024-10-22,Hyderabad,Plumber,Clear,Major event,1,10,0,0,128
2024-04-17,Bengaluru,Plumber,Clear,Holiday,2,4,0,0,101
2025-11-30,Hyderabad,Electrician,Clear,Normal day,6,11,1,1,123
2025-06-10,Mumbai,Technician,Clear,Normal day,1,6,0,0,106
2024-09-14,Hyderabad,Painter,Clear,Normal day,5,9,1,0,88
2024-07-07,Delhi,Technician,Rain,Normal day,6,7,1,0,144
2025-01-13,Bengaluru,Domestic Helper,Clear,Holiday,0,1,0,0,91
2023-10-07,Hyderabad,Plumber,Clear,Normal day,5,10,1,0,109
2023-10-02,Mumbai,Painter,Rain,Normal day,0,10,0,0,101
2025-08-27,Bengaluru,Domestic Helper,Clear,Normal day,2,8,0,1,80
2023-12-05,Hyderabad,Domestic Helper,Clear,Normal day,1,12,0,0,93
2025-01-08,Delhi,Carpenter,Clear,Normal day,2,1,0,0,90
2024-01-08,Bengaluru,Plumber,Clear,Major event,0,1,0,0,104
2023-09-05,Delhi,Caregiver,Rain,Normal day,1,9,0,0,97
2024-07-20,Bengaluru,Caregiver,Extreme heat,Normal day,5,7,1,0,113
2023-07-30,Mumbai,Domestic Helper,Rain,Normal day,6,7,1,1,165
2025-01-24,Mumbai,Plumber,Rain,Normal day,4,1,0,0,135
2025-01-10,Bengaluru,Domestic Helper,Clear,Normal day,4,1,0,0,96
2024-05-11,Bengaluru,Painter,Clear,Normal day,5,5,1,0,91
2024-10-16,Mumbai,Caregiver,Extreme heat,Normal day,2,10,0,0,110
2024-07-24,Mumbai,Carpenter,Rain,Holiday,2,7,0,0,128
2024-02-23,Delhi,Technician,Clear,Normal day,4,2,0,0,86
2025-06-04,Delhi,Painter,Clear,Major event,2,6,0,0,110
2024-02-09,Mumbai,Carpenter,Clear,Normal day,4,2,0,0,86
2024-06-14,Delhi,Technician,Clear,Normal day,4,6,0,0,100
2024-09-16,Mumbai,Domestic Helper,Rain,Holiday,0,9,0,0,133
2023-11-23,Hyderabad,Plumber,Clear,Normal day,3,11,0,0,99
2025-06-21,Mumbai,Domestic Helper,Clear,Normal day,5,6,1,0,135
2025-07-14,Bengaluru,Technician,Clear,Normal day,0,7,0,0,89
2025-01-09,Hyderabad,Caregiver,Clear,Major event,3,1,0,0,88
2023-05-04,Delhi,Carpenter,Clear,Normal day,3,5,0,0,111
2023-10-06,Hyderabad,Plumber,Clear,Normal day,4,10,0,0,101
2023-06-19,Hyderabad,Painter,Clear,Major event,0,6,0,0,92
2023-06-22,Delhi,Plumber,Rain,Normal day,3,6,0,0,125
2025-07-09,Bengaluru,Technician,Clear,Normal day,2,7,0,0,78
2023-07-15,Delhi,Painter,Rain,Normal day,5,7,1,0,147
2025-02-16,Hyderabad,Plumber,Clear,Holiday,6,2,1,0,101
2025-06-19,Hyderabad,Electrician,Rain,Normal day,3,6,0,0,122
2024-11-12,Mumbai,Domestic Helper,Clear,Normal day,1,11,0,0,111
2023-06-04,Mumbai,Caregiver,Clear,Normal day,6,6,1,0,93
2024-04-01,Hyderabad,Technician,Extreme heat,Normal day,0,4,0,0,78
2025-01-14,Mumbai,Technician,Clear,Normal day,1,1,0,0,82
2025-03-07,Delhi,Technician,Clear,Normal day,4,3,0,0,89
2024-11-02,Hyderabad,Plumber,Rain,Holiday,5,11,1,0,166
2024-02-25,Delhi,Technician,Clear,Normal day,6,2,1,0,107
2024-07-04,Mumbai,Domestic Helper,Rain,Normal day,3,7,0,0,157
2023-09-07,Mumbai,Domestic Helper,Clear,Holiday,3,9,0,0,136
2025-02-09,Bengaluru,Caregiver,Clear,Normal day,6,2,1,0,75
2024-02-19,Delhi,Carpenter,Clear,Normal day,0,2,0,0,119
2025-12-19,Mumbai,Domestic Helper,Clear,Normal day,4,12,0,0,111
2023-05-25,Hyderabad,Plumber,Extreme heat,Normal day,3,5,0,0,123
2025-02-12,Bengaluru,Carpenter,Clear,Normal day,2,2,0,0,71
2025-02-03,Hyderabad,Technician,Clear,Normal day,0,2,0,0,79
2024-05-17,Hyderabad,Caregiver,Clear,Major event,4,5,0,0,96
2025-02-10,Delhi,Caregiver,Extreme heat,Normal day,0,2,0,0,97
2023-12-27,Delhi,Caregiver,Clear,Normal day,2,12,0,1,88
2024-09-06,Bengaluru,Plumber,Clear,Normal day,4,9,0,0,130
2025-12-18,Bengaluru,Caregiver,Extreme heat,Normal day,3,12,0,0,82
2025-11-19,Hyderabad,Technician,Clear,Holiday,2,11,0,0,98
2023-01-08,Hyderabad,Electrician,Clear,Normal day,6,1,1,0,85
2024-02-23,Hyderabad,Electrician,Clear,Normal day,4,2,0,0,90
2025-11-13,Bengaluru,Domestic Helper,Clear,Normal day,3,11,0,0,97
2025-11-01,Delhi,Carpenter,Clear,Normal day,5,11,1,0,127
2025-09-26,Mumbai,Technician,Clear,Normal day,4,9,0,1,128
2025-06-02,Hyderabad,Painter,Rain,Normal day,0,6,0,0,119
2024-04-03,Bengaluru,Caregiver,Rain,Normal day,2,4,0,0,77
2025-10-29,Bengaluru,Technician,Clear,Normal day,2,10,0,1,97
2024-08-31,Mumbai,Electrician,Rain,Normal day,5,8,1,1,185
2025-09-26,Delhi,Technician,Clear,Normal day,4,9,0,1,97
2024-06-19,Mumbai,Electrician,Rain,Normal day,2,6,0,0,129
2023-03-09,Bengaluru,Technician,Clear,Normal day,3,3,0,0,91
2024-07-25,Hyderabad,Plumber,Rain,Normal day,3,7,0,0,101
2024-04-12,Bengaluru,Electrician,Clear,Normal day,4,4,0,0,90
2025-06-21,Delhi,Painter,Clear,Holiday,5,6,1,0,108
2024-03-11,Bengaluru,Plumber,Clear,Normal day,0,3,0,0,122
2025-07-06,Bengaluru,Carpenter,Clear,Normal day,6,7,1,0,90
2023-10-15,Hyderabad,Technician,Clear,Normal day,6,10,1,0,93
2023-07-08,Bengaluru,Domestic Helper,Clear,Normal day,5,7,1,0,117
2023-02-19,Hyderabad,Plumber,Clear,Normal day,6,2,1,0,94
2025-02-19,Delhi,Plumber,Rain,Normal day,2,2,0,0,127
2025-03-22,Bengaluru,Domestic Helper,Rain,Holiday,5,3,1,0,135
2024-12-05,Mumbai,Electrician,Rain,Major event,3,12,0,0,206
2023-05-23,Hyderabad,Domestic Helper,Extreme heat,Normal day,1,5,0,0,81
2024-10-25,Bengaluru,Plumber,Clear,Normal day,4,10,0,0,104
2023-11-16,Mumbai,Domestic Helper,Clear,Holiday,3,11,0,0,125
2025-07-08,Bengaluru,Plumber,Clear,Normal day,1,7,0,0,91
2023-07-06,Delhi,Electrician,Clear,Normal day,3,7,0,0,112
2024-07-21,Hyderabad,Domestic Helper,Clear,Normal day,6,7,1,0,113
2024-04-28,Hyderabad,Electrician,Extreme heat,Normal day,6,4,1,1,126
2025-10-02,Mumbai,Electrician,Clear,Normal day,3,10,0,0,101
2023-04-10,Bengaluru,Painter,Extreme heat,Normal day,0,4,0,0,83
2024-12-19,Mumbai,Plumber,Extreme heat,Normal day,3,12,0,0,130
2023-08-18,Hyderabad,Caregiver,Clear,Holiday,4,8,0,0,94
2023-05-20,Bengaluru,Carpenter,Extreme heat,Normal day,5,5,1,0,121
2025-02-12,Bengaluru,Painter,Clear,Normal day,2,2,0,0,68
2025-01-13,Bengaluru,Technician,Clear,Normal day,0,1,0,0,74
2024-02-28,Mumbai,Caregiver,Clear,Normal day,2,2,0,1,98
2025-06-26,Mumbai,Electrician,Rain,Normal day,3,6,0,1,131
2023-11-03,Delhi,Electrician,Clear,Holiday,4,11,0,0,120
2024-02-17,Delhi,Domestic Helper,Clear,Normal day,5,2,1,0,119
2024-11-22,Mumbai,Plumber,Clear,Normal day,4,11,0,0,116
2025-02-25,Mumbai,Caregiver,Extreme heat,Normal day,1,2,0,0,89
2025-01-11,Hyderabad,Carpenter,Clear,Normal day,5,1,1,0,78
2024-10-17,Bengaluru,Caregiver,Clear,Normal day,3,10,0,0,105
2024-09-03,Bengaluru,Painter,Clear,Normal day,1,9,0,0,66
2025-01-08,Bengaluru,Electrician,Clear,Normal day,2,1,0,0,95
2024-05-08,Bengaluru,Carpenter,Clear,Major event,2,5,0,0,114
2023-02-06,Mumbai,Domestic Helper,Clear,Normal day,0,2,0,0,86
2025-01-28,Delhi,Domestic Helper,Clear,Normal day,1,1,0,1,107
2024-08-17,Hyderabad,Technician,Rain,Normal day,5,8,1,0,113
2023-05-01,Bengaluru,Domestic Helper,Clear,Normal day,0,5,0,0,100
2023-02-13,Mumbai,Plumber,Clear,Holiday,0,2,0,0,95
2024-12-13,Bengaluru,Domestic Helper,Clear,Normal day,4,12,0,0,95
2023-01-15,Hyderabad,Caregiver,Clear,Normal day,6,1,1,0,66
2025-09-23,Delhi,Electrician,Rain,Normal day,1,9,0,0,143
2023-11-27,Hyderabad,Technician,Rain,Normal day,0,11,0,1,107
2024-12-26,Bengaluru,Carpenter,Clear,Normal day,3,12,0,1,95
2023-11-23,Mumbai,Caregiver,Clear,Normal day,3,11,0,0,92
2024-08-04,Mumbai,Caregiver,Rain,Normal day,6,8,1,0,123
2025-05-20,Hyderabad,Technician,Extreme heat,Major event,1,5,0,0,127
2023-01-08,Delhi,Technician,Extreme heat,Normal day,6,1,1,0,101
2025-09-22,Bengaluru,Electrician,Rain,Normal day,0,9,0,0,114
2024-11-26,Mumbai,Carpenter,Clear,Normal day,1,11,0,1,115
2023-07-01,Delhi,Carpenter,Rain,Normal day,5,7,1,0,132
2025-08-18,Bengaluru,Caregiver,Rain,Normal day,0,8,0,0,68
2024-08-28,Delhi,Plumber,Clear,Normal day,2,8,0,1,131
2025-01-24,Delhi,Electrician,Extreme heat,Normal day,4,1,0,0,106
2023-04-12,Mumbai,Caregiver,Extreme heat,Major event,2,4,0,0,153
2025-05-23,Delhi,Carpenter,Clear,Normal day,4,5,0,0,109
2025-05-19,Delhi,Plumber,Extreme heat,Normal day,0,5,0,0,129
2024-06-04,Mumbai,Painter,Rain,Major event,1,6,0,0,131
2023-02-20,Mumbai,Carpenter,Clear,Normal day,0,2,0,0,74
2023-08-27,Delhi,Caregiver,Clear,Normal day,6,8,1,1,101
2023-03-26,Mumbai,Technician,Clear,Major event,6,3,1,1,144
2024-08-28,Bengaluru,Painter,Clear,Normal day,2,8,0,1,80
2023-12-09,Mumbai,Carpenter,Clear,Normal day,5,12,1,0,106
2024-02-19,Bengaluru,Plumber,Clear,Holiday,0,2,0,0,108
2025-05-12,Mumbai,Plumber,Clear,Normal day,0,5,0,0,98
2024-12-10,Delhi,Electrician,Clear,Normal day,1,12,0,0,90
2023-03-06,Bengaluru,Painter,Clear,Normal day,0,3,0,0,74
2023-03-16,Delhi,Technician,Clear,Normal day,3,3,0,0,92
2023-08-21,Hyderabad,Plumber,Rain,Normal day,0,8,0,0,128
2025-04-11,Bengaluru,Electrician,Extreme heat,Normal day,4,4,0,0,122
2023-12-02,Hyderabad,Caregiver,Clear,Normal day,5,12,1,0,82
2023-08-12,Mumbai,Technician,Clear,Normal day,5,8,1,0,132
2025-02-22,Delhi,Painter,Clear,Normal day,5,2,1,0,98
2025-09-09,Hyderabad,Carpenter,Rain,Normal day,1,9,0,0,83
2025-02-22,Mumbai,Carpenter,Rain,Normal day,5,2,1,0,130
2024-12-23,Bengaluru,Caregiver,Clear,Normal day,0,12,0,0,77
2024-09-18,Mumbai,Technician,Extreme heat,Normal day,2,9,0,0,115
2023-11-14,Delhi,Painter,Rain,Normal day,1,11,0,0,102
2023-12-16,Hyderabad,Electrician,Clear,Normal day,5,12,1,0,109
2024-11-16,Bengaluru,Carpenter,Clear,Normal day,5,11,1,0,109
2023-11-10,Delhi,Caregiver,Clear,Major event,4,11,0,0,99
2024-01-16,Hyderabad,Carpenter,Clear,Holiday,1,1,0,0,92
2023-09-08,Bengaluru,Technician,Clear,Normal day,4,9,0,0,95
2024-02-25,Bengaluru,Technician,Rain,Normal day,6,2,1,0,134
2025-06-05,Hyderabad,Plumber,Rain,Normal day,3,6,0,0,137
2024-04-05,Bengaluru,Plumber,Rain,Normal day,4,4,0,0,137
2023-02-08,Bengaluru,Caregiver,Clear,Normal day,2,2,0,0,64
2025-04-02,Mumbai,Caregiver,Extreme heat,Holiday,2,4,0,0,104
2023-09-09,Bengaluru,Carpenter,Clear,Normal day,5,9,1,0,93
2023-07-27,Hyderabad,Electrician,Rain,Normal day,3,7,0,1,121
2024-08-23,Delhi,Carpenter,Rain,Normal day,4,8,0,0,132
2025-06-12,Bengaluru,Carpenter,Clear,Normal day,3,6,0,0,75
2025-06-07,Hyderabad,Plumber,Rain,Normal day,5,6,1,0,118
2023-08-27,Delhi,Caregiver,Rain,Normal day,6,8,1,1,105
2025-05-19,Delhi,Domestic Helper,Extreme heat,Normal day,0,5,0,0,110
2025-02-11,Mumbai,Caregiver,Clear,Normal day,1,2,0,0,80
2025-09-01,Mumbai,Plumber,Extreme heat,Normal day,0,9,0,0,152
2025-09-28,Bengaluru,Plumber,Rain,Normal day,6,9,1,1,144
2023-06-11,Bengaluru,Carpenter,Clear,Normal day,6,6,1,0,98
2023-08-12,Delhi,Electrician,Rain,Normal day,5,8,1,0,158
2023-02-13,Hyderabad,Painter,Clear,Normal day,0,2,0,0,63
2023-11-04,Hyderabad,Painter,Clear,Normal day,5,11,1,0,82
2025-06-02,Bengaluru,Carpenter,Rain,Normal day,0,6,0,0,98
2023-07-31,Hyderabad,Technician,Clear,Normal day,0,7,0,1,101
2024-01-17,Mumbai,Painter,Clear,Normal day,2,1,0,0,98
2024-03-16,Hyderabad,Plumber,Clear,Holiday,5,3,1,0,109
2023-06-04,Delhi,Plumber,Clear,Normal day,6,6,1,0,131
2025-09-13,Bengaluru,Technician,Clear,Normal day,5,9,1,0,113
2025-04-27,Bengaluru,Electrician,Clear,Normal day,6,4,1,1,111
2025-08-02,Hyderabad,Plumber,Clear,Normal day,5,8,1,0,130
2025-08-02,Hyderabad,Technician,Rain,Normal day,5,8,1,0,110
2024-10-01,Bengaluru,Carpenter,Clear,Normal day,1,10,0,0,86
2024-12-15,Hyderabad,Technician,Clear,Normal day,6,12,1,0,106
2024-02-02,Bengaluru,Caregiver,Clear,Normal day,4,2,0,0,80
2025-12-29,Delhi,Domestic Helper,Clear,Normal day,0,12,0,1,102
2025-08-27,Bengaluru,Electrician,Rain,Normal day,2,8,0,1,128
2024-07-03,Mumbai,Domestic Helper,Clear,Normal day,2,7,0,0,99
2025-01-19,Hyderabad,Domestic Helper,Clear,Normal day,6,1,1,0,95
2025-04-08,Delhi,Painter,Clear,Normal day,1,4,0,0,78
2023-04-07,Delhi,Electrician,Clear,Normal day,4,4,0,0,93
2023-09-23,Delhi,Carpenter,Rain,Normal day,5,9,1,0,124
2024-01-14,Mumbai,Painter,Clear,Normal day,6,1,1,0,98
2025-02-12,Bengaluru,Technician,Clear,Normal day,2,2,0,0,66
2025-06-07,Mumbai,Electrician,Clear,Normal day,5,6,1,0,132
2023-07-11,Bengaluru,Plumber,Rain,Normal day,1,7,0,0,131
2023-11-07,Mumbai,Domestic Helper,Clear,Major event,1,11,0,0,120
2024-11-26,Bengaluru,Caregiver,Clear,Normal day,1,11,0,1,76
2025-12-10,Mumbai,Carpenter,Clear,Normal day,2,12,0,0,68
2025-04-02,Delhi,Painter,Clear,Normal day,2,4,0,0,86
2025-09-04,Mumbai,Domestic Helper,Rain,Normal day,3,9,0,0,127
2023-07-16,Mumbai,Plumber,Rain,Normal day,6,7,1,0,161
2023-09-27,Mumbai,Caregiver,Rain,Normal day,2,9,0,1,100
2023-07-31,Bengaluru,Carpenter,Clear,Normal day,0,7,0,1,94
2024-01-15,Delhi,Caregiver,Clear,Normal day,0,1,0,0,78
2023-12-25,Bengaluru,Plumber,Clear,Holiday,0,12,0,0,123
2023-04-16,Mumbai,Plumber,Clear,Holiday,6,4,1,0,141
2025-08-27,Hyderabad,Painter,Clear,Normal day,2,8,0,1,73
2024-09-26,Bengaluru,Painter,Clear,Normal day,3,9,0,1,80
2024-05-28,Bengaluru,Electrician,Clear,Major event,1,5,0,1,124
2023-06-30,Hyderabad,Painter,Rain,Normal day,4,6,0,1,116
2025-11-11,Mumbai,Painter,Clear,Normal day,1,11,0,0,75
2024-11-04,Mumbai,Technician,Extreme heat,Normal day,0,11,0,0,140
2023-11-14,Mumbai,Technician,Clear,Normal day,1,11,0,0,87
2023-07-17,Delhi,Painter,Rain,Normal day,0,7,0,0,106
2024-10-10,Mumbai,Technician,Clear,Normal day,3,10,0,0,92
2023-11-01,Mumbai,Technician,Clear,Normal day,2,11,0,0,103
2024-09-07,Hyderabad,Electrician,Rain,Holiday,5,9,1,0,137
2025-06-03,Mumbai,Plumber,Extreme heat,Normal day,1,6,0,0,146
2025-03-07,Hyderabad,Domestic Helper,Clear,Normal day,4,3,0,0,96
2024-07-26,Hyderabad,Painter,Clear,Holiday,4,7,0,1,104
2023-06-08,Mumbai,Domestic Helper,Rain,Major event,3,6,0,0,194
2024-08-26,Hyderabad,Electrician,Extreme heat,Normal day,0,8,0,1,131
2023-11-21,Bengaluru,Domestic Helper,Clear,Normal day,1,11,0,0,91
2024-08-06,Hyderabad,Carpenter,Rain,Normal day,1,8,0,0,100
2024-03-14,Hyderabad,Domestic Helper,Clear,Normal day,3,3,0,0,83
2023-05-24,Hyderabad,Plumber,Extreme heat,Normal day,2,5,0,0,119
2025-07-14,Hyderabad,Painter,Clear,Normal day,0,7,0,0,70
2024-01-21,Delhi,Caregiver,Clear,Normal day,6,1,1,0,97
2023-04-11,Hyderabad,Carpenter,Extreme heat,Normal day,1,4,0,0,85
2025-04-25,Delhi,Caregiver,Clear,Normal day,4,4,0,0,109
2025-04-08,Mumbai,Caregiver,Clear,Normal day,1,4,0,0,88
2025-01-30,Hyderabad,Technician,Clear,Normal day,3,1,0,1,93
2024-07-11,Delhi,Plumber,Clear,Normal day,3,7,0,0,129
2025-10-12,Delhi,Domestic Helper,Clear,Normal day,6,10,1,0,94
2024-11-25,Mumbai,Painter,Clear,Normal day,0,11,0,0,93
2025-11-16,Mumbai,Painter,Clear,Normal day,6,11,1,0,89
2023-12-07,Mumbai,Technician,Clear,Normal day,3,12,0,0,87
2023-03-18,Delhi,Plumber,Clear,Normal day,5,3,1,0,133
2024-01-09,Delhi,Technician,Clear,Normal day,1,1,0,0,86
2023-05-08,Mumbai,Electrician,Extreme heat,Normal day,0,5,0,0,106
2023-12-21,Delhi,Technician,Extreme heat,Normal day,3,12,0,0,105
2023-05-27,Hyderabad,Technician,Clear,Major event,5,5,1,1,130
2024-04-24,Hyderabad,Caregiver,Clear,Normal day,2,4,0,0,79
2024-08-20,Bengaluru,Plumber,Rain,Normal day,1,8,0,0,134
2023-03-05,Delhi,Plumber,Clear,Holiday,6,3,1,0,125
2023-11-18,Hyderabad,Domestic Helper,Rain,Normal day,5,11,1,0,113
2023-01-20,Hyderabad,Carpenter,Clear,Holiday,4,1,0,0,107
2025-12-09,Hyderabad,Technician,Rain,Normal day,1,12,0,0,105
2025-08-05,Bengaluru,Technician,Rain,Normal day,1,8,0,0,105
2025-10-25,Mumbai,Domestic Helper,Clear,Normal day,5,10,1,0,111
2024-04-26,Mumbai,Domestic Helper,Clear,Normal day,4,4,0,1,134
2025-08-22,Delhi,Domestic Helper,Clear,Normal day,4,8,0,0,122
2023-03-29,Bengaluru,Painter,Clear,Normal day,2,3,0,1,65
2024-10-16,Hyderabad,Carpenter,Clear,Normal day,2,10,0,0,77
2023-11-01,Bengaluru,Electrician,Clear,Normal day,2,11,0,0,112
2023-01-07,Delhi,Painter,Clear,Normal day,5,1,1,0,98
2024-10-06,Hyderabad,Plumber,Clear,Normal day,6,10,1,0,102
2024-08-04,Bengaluru,Electrician,Rain,Major event,6,8,1,0,197
2023-02-28,Hyderabad,Painter,Clear,Normal day,1,2,0,1,82
2023-05-17,Delhi,Plumber,Extreme heat,Normal day,2,5,0,0,138
2025-04-11,Bengaluru,Technician,Extreme heat,Normal day,4,4,0,0,118
2025-02-06,Hyderabad,Domestic Helper,Clear,Normal day,3,2,0,0,84
2025-11-11,Bengaluru,Carpenter,Clear,Normal day,1,11,0,0,81
2025-03-03,Hyderabad,Carpenter,Clear,Normal day,0,3,0,0,70
2025-01-11,Delhi,Painter,Clear,Normal day,5,1,1,0,84
2024-01-26,Delhi,Technician,Extreme heat,Normal day,4,1,0,1,109
2025-02-02,Mumbai,Plumber,Rain,Normal day,6,2,1,0,156
2024-09-27,Hyderabad,Domestic Helper,Clear,Normal day,4,9,0,1,107
2023-08-25,Hyderabad,Technician,Clear,Normal day,4,8,0,0,99
2024-08-13,Bengaluru,Carpenter,Rain,Holiday,1,8,0,0,128
2024-04-01,Delhi,Domestic Helper,Clear,Normal day,0,4,0,0,98
2023-10-10,Hyderabad,Electrician,Rain,Normal day,1,10,0,0,126
2025-07-10,Bengaluru,Technician,Clear,Normal day,3,7,0,0,93
2024-03-02,Bengaluru,Domestic Helper,Clear,Normal day,5,3,1,0,108
2024-03-17,Bengaluru,Caregiver,Clear,Normal day,6,3,1,0,84
2024-07-16,Delhi,Carpenter,Rain,Normal day,1,7,0,0,93
2023-03-04,Bengaluru,Painter,Clear,Normal day,5,3,1,0,90
2025-09-20,Mumbai,Plumber,Clear,Normal day,5,9,1,0,116
2025-05-08,Delhi,Painter,Extreme heat,Normal day,3,5,0,0,94
2025-06-24,Bengaluru,Caregiver,Rain,Holiday,1,6,0,0,97
2023-04-18,Delhi,Electrician,Clear,Normal day,1,4,0,0,86
2025-09-16,Hyderabad,Painter,Rain,Normal day,1,9,0,0,88
2024-02-18,Mumbai,Caregiver,Extreme heat,Normal day,6,2,1,0,116
2025-02-23,Hyderabad,Plumber,Clear,Normal day,6,2,1,0,103
2025-08-23,Delhi,Carpenter,Rain,Normal day,5,8,1,0,149
2023-08-31,Mumbai,Electrician,Rain,Normal day,3,8,0,1,151
2024-06-24,Bengaluru,Plumber,Rain,Normal day,0,6,0,0,107
2024-07-22,Delhi,Plumber,Rain,Normal day,0,7,0,0,139
2023-10-11,Hyderabad,Technician,Clear,Normal day,2,10,0,0,88
2024-07-25,Bengaluru,Plumber,Rain,Normal day,3,7,0,0,146
2024-07-06,Hyderabad,Technician,Rain,Normal day,5,7,1,0,142
2025-03-11,Bengaluru,Domestic Helper,Clear,Normal day,1,3,0,0,90
2024-04-20,Bengaluru,Carpenter,Clear,Normal day,5,4,1,0,99
2024-10-24,Bengaluru,Caregiver,Clear,Normal day,3,10,0,0,70
2023-04-19,Delhi,Technician,Clear,Normal day,2,4,0,0,92
2024-01-17,Hyderabad,Electrician,Clear,Normal day,2,1,0,0,84
2024-07-12,Delhi,Caregiver,Clear,Normal day,4,7,0,0,109
2023-05-11,Bengaluru,Domestic Helper,Clear,Normal day,3,5,0,0,99
2023-12-01,Hyderabad,Carpenter,Rain,Normal day,4,12,0,0,103
2023-07-05,Mumbai,Domestic Helper,Clear,Normal day,2,7,0,0,130
2023-01-15,Mumbai,Painter,Clear,Normal day,6,1,1,0,87
2023-03-05,Mumbai,Carpenter,Clear,Normal day,6,3,1,0,92
2023-08-24,Bengaluru,Domestic Helper,Rain,Normal day,3,8,0,0,123
2025-10-10,Hyderabad,Painter,Clear,Normal day,4,10,0,0,84
2025-01-03,Bengaluru,Electrician,Clear,Normal day,4,1,0,0,96
2024-03-17,Mumbai,Carpenter,Clear,Normal day,6,3,1,0,112
2025-09-06,Delhi,Technician,Rain,Normal day,5,9,1,0,145
2024-05-16,Bengaluru,Technician,Extreme heat,Normal day,3,5,0,0,89
2023-05-18,Hyderabad,Plumber,Clear,Normal day,3,5,0,0,95
2025-12-16,Hyderabad,Electrician,Clear,Normal day,1,12,0,0,91
2024-04-08,Hyderabad,Plumber,Extreme heat,Normal day,0,4,0,0,104
2023-01-22,Mumbai,Plumber,Clear,Normal day,6,1,1,0,132
2024-09-12,Hyderabad,Carpenter,Clear,Normal day,3,9,0,0,69
2025-03-23,Delhi,Technician,Clear,Normal day,6,3,1,0,98
2025-07-15,Bengaluru,Technician,Clear,Normal day,1,7,0,0,104
2024-07-04,Mumbai,Technician,Clear,Normal day,3,7,0,0,91
2024-11-20,Delhi,Electrician,Clear,Normal day,2,11,0,0,123
2025-02-17,Mumbai,Electrician,Rain,Normal day,0,2,0,0,129
2023-06-06,Mumbai,Technician,Rain,Normal day,1,6,0,0,131
2024-06-05,Mumbai,Domestic Helper,Clear,Major event,2,6,0,0,129
2023-11-30,Bengaluru,Carpenter,Clear,Normal day,3,11,0,1,93
2023-02-23,Delhi,Caregiver,Clear,Normal day,3,2,0,0,76
2025-05-07,Bengaluru,Electrician,Extreme heat,Normal day,2,5,0,0,101
2024-03-23,Mumbai,Electrician,Clear,Normal day,5,3,1,0,94
2024-09-07,Bengaluru,Carpenter,Rain,Normal day,5,9,1,0,115
2024-10-03,Hyderabad,Carpenter,Clear,Normal day,3,10,0,0,74
2023-10-25,Hyderabad,Painter,Clear,Normal day,2,10,0,0,67
2023-07-10,Mumbai,Painter,Clear,Normal day,0,7,0,0,70
2024-02-09,Mumbai,Plumber,Clear,Normal day,4,2,0,0,118
2024-09-28,Mumbai,Electrician,Clear,Normal day,5,9,1,1,100
2024-10-18,Hyderabad,Painter,Extreme heat,Holiday,4,10,0,0,100
2023-12-25,Delhi,Electrician,Clear,Normal day,0,12,0,0,103
2023-01-29,Mumbai,Electrician,Clear,Holiday,6,1,1,1,129
2025-09-24,Mumbai,Caregiver,Clear,Normal day,2,9,0,0,98
2023-10-15,Mumbai,Carpenter,Clear,Normal day,6,10,1,0,92
2025-01-11,Delhi,Painter,Clear,Holiday,5,1,1,0,104
2023-05-07,Mumbai,Technician,Extreme heat,Normal day,6,5,1,0,124
2025-04-22,Hyderabad,Caregiver,Clear,Normal day,1,4,0,0,73
2023-04-17,Bengaluru,Technician,Extreme heat,Normal day,0,4,0,0,113
2025-11-16,Mumbai,Caregiver,Extreme heat,Normal day,6,11,1,0,117
2023-08-23,Delhi,Caregiver,Clear,Normal day,2,8,0,0,98
2024-03-10,Delhi,Technician,Clear,Normal day,6,3,1,0,95
2024-12-03,Hyderabad,Plumber,Clear,Normal day,1,12,0,0,94
2025-05-15,Bengaluru,Painter,Extreme heat,Normal day,3,5,0,0,91
2024-05-23,Delhi,Caregiver,Clear,Normal day,3,5,0,0,89
2023-05-30,Mumbai,Caregiver,Extreme heat,Normal day,1,5,0,1,105
2025-08-06,Delhi,Domestic Helper,Clear,Normal day,2,8,0,0,99
2024-10-11,Bengaluru,Carpenter,Clear,Normal day,4,10,0,0,84
2023-10-11,Delhi,Electrician,Clear,Normal day,2,10,0,0,116
2024-10-07,Delhi,Painter,Clear,Holiday,0,10,0,0,102
2023-05-02,Hyderabad,Domestic Helper,Clear,Normal day,1,5,0,0,86
2025-06-01,Bengaluru,Electrician,Rain,Normal day,6,6,1,0,152
2024-12-15,Hyderabad,Plumber,Clear,Holiday,6,12,1,0,103
2024-05-03,Bengaluru,Plumber,Clear,Normal day,4,5,0,0,112
2025-02-14,Delhi,Plumber,Extreme heat,Normal day,4,2,0,0,122
2024-05-27,Delhi,Technician,Extreme heat,Normal day,0,5,0,1,109
2024-10-18,Delhi,Caregiver,Clear,Normal day,4,10,0,0,84
2023-12-04,Mumbai,Electrician,Clear,Normal day,0,12,0,0,93
2023-04-08,Hyderabad,Domestic Helper,Clear,Major event,5,4,1,0,120
2024-12-01,Mumbai,Domestic Helper,Clear,Major event,6,12,1,0,144
2024-07-10,Mumbai,Plumber,Rain,Normal day,2,7,0,0,182
2025-03-06,Mumbai,Electrician,Rain,Normal day,3,3,0,0,131
2025-01-23,Delhi,Caregiver,Extreme heat,Normal day,3,1,0,0,82
2025-10-31,Delhi,Domestic Helper,Clear,Normal day,4,10,0,1,119
2024-12-07,Hyderabad,Domestic Helper,Clear,Normal day,5,12,1,0,104
2024-04-14,Mumbai,Domestic Helper,Rain,Normal day,6,4,1,0,159
2023-05-27,Bengaluru,Domestic Helper,Extreme heat,Holiday,5,5,1,1,145
2025-10-30,Delhi,Technician,Clear,Normal day,3,10,0,1,107
2024-01-18,Bengaluru,Caregiver,Clear,Normal day,3,1,0,0,76
2024-01-04,Mumbai,Domestic Helper,Clear,Holiday,3,1,0,0,105
2023-05-26,Hyderabad,Technician,Clear,Normal day,4,5,0,1,76
2025-12-06,Delhi,Painter,Clear,Normal day,5,12,1,0,85
2023-02-06,Hyderabad,Technician,Clear,Normal day,0,2,0,0,80
2023-11-19,Delhi,Caregiver,Clear,Normal day,6,11,1,0,100
2023-01-08,Mumbai,Plumber,Clear,Normal day,6,1,1,0,125
2025-11-05,Hyderabad,Carpenter,Clear,Normal day,2,11,0,0,94
2023-04-20,Bengaluru,Caregiver,Clear,Normal day,3,4,0,0,66
2023-09-17,Bengaluru,Carpenter,Clear,Normal day,6,9,1,0,91
2023-04-07,Hyderabad,Carpenter,Clear,Major event,4,4,0,0,122
2025-03-27,Delhi,Domestic Helper,Clear,Normal day,3,3,0,1,113
2024-01-25,Mumbai,Electrician,Clear,Normal day,3,1,0,0,113
2024-06-07,Delhi,Electrician,Rain,Normal day,4,6,0,0,134
2023-07-27,Hyderabad,Electrician,Rain,Normal day,3,7,0,1,133
2023-01-01,Bengaluru,Electrician,Clear,Normal day,6,1,1,0,100
2025-03-25,Hyderabad,Plumber,Clear,Normal day,1,3,0,0,80
2023-05-28,Hyderabad,Domestic Helper,Extreme heat,Normal day,6,5,1,1,140
2023-09-14,Hyderabad,Electrician,Extreme heat,Normal day,3,9,0,0,104
2025-03-14,Hyderabad,Caregiver,Clear,Normal day,4,3,0,0,77
2023-03-01,Hyderabad,Caregiver,Clear,Normal day,2,3,0,0,65
2025-06-26,Delhi,Painter,Clear,Normal day,3,6,0,1,75
2023-02-21,Mumbai,Electrician,Extreme heat,Normal day,1,2,0,0,130
2024-01-30,Bengaluru,Caregiver,Clear,Normal day,1,1,0,1,74
2023-06-13,Mumbai,Plumber,Clear,Normal day,1,6,0,0,96
2023-04-06,Bengaluru,Technician,Extreme heat,Normal day,3,4,0,0,119
2025-02-23,Hyderabad,Caregiver,Clear,Normal day,6,2,1,0,81
2023-03-19,Hyderabad,Electrician,Clear,Normal day,6,3,1,0,86
2024-04-26,Bengaluru,Painter,Clear,Normal day,4,4,0,1,97
2024-09-07,Hyderabad,Technician,Rain,Normal day,5,9,1,0,111
2025-08-29,Bengaluru,Electrician,Clear,Normal day,4,8,0,1,123
2023-05-06,Hyderabad,Painter,Extreme heat,Normal day,5,5,1,0,102
2025-07-17,Mumbai,Electrician,Clear,Normal day,3,7,0,0,106
2023-03-22,Bengaluru,Painter,Clear,Normal day,2,3,0,0,79
2025-10-28,Delhi,Painter,Clear,Normal day,1,10,0,1,78
2025-12-27,Bengaluru,Caregiver,Clear,Holiday,5,12,1,1,112
2023-05-05,Delhi,Technician,Clear,Normal day,4,5,0,0,98
2025-05-27,Delhi,Domestic Helper,Extreme heat,Normal day,1,5,0,1,112
2025-01-16,Hyderabad,Domestic Helper,Clear,Normal day,3,1,0,0,80
2024-04-05,Hyderabad,Caregiver,Clear,Normal day,4,4,0,0,73
2024-07-26,Hyderabad,Domestic Helper,Extreme heat,Normal day,4,7,0,1,123
2023-02-12,Mumbai,Caregiver,Clear,Normal day,6,2,1,0,118
2024-08-01,Hyderabad,Carpenter,Clear,Normal day,3,8,0,0,95
2023-01-10,Delhi,Carpenter,Clear,Holiday,1,1,0,0,121
2024-03-10,Bengaluru,Carpenter,Clear,Normal day,6,3,1,0,90
2023-02-23,Hyderabad,Technician,Clear,Major event,3,2,0,0,98
2025-03-15,Hyderabad,Carpenter,Clear,Normal day,5,3,1,0,82
2024-02-19,Hyderabad,Technician,Clear,Normal day,0,2,0,0,80
2025-05-19,Mumbai,Domestic Helper,Clear,Holiday,0,5,0,0,122
2025-08-22,Mumbai,Technician,Extreme heat,Normal day,4,8,0,0,138
2024-01-30,Delhi,Domestic Helper,Clear,Normal day,1,1,0,1,110
2023-12-25,Hyderabad,Plumber,Clear,Normal day,0,12,0,0,92
2023-04-19,Delhi,Domestic Helper,Extreme heat,Normal day,2,4,0,0,105
2023-01-27,Hyderabad,Caregiver,Clear,Holiday,4,1,0,1,89
2025-01-22,Bengaluru,Carpenter,Clear,Normal day,2,1,0,0,84
2023-05-04,Hyderabad,Carpenter,Extreme heat,Normal day,3,5,0,0,87
2025-09-17,Mumbai,Electrician,Clear,Normal day,2,9,0,0,116
2025-04-08,Bengaluru,Electrician,Rain,Normal day,1,4,0,0,141
2025-07-18,Hyderabad,Painter,Extreme heat,Normal day,4,7,0,0,85
2023-09-21,Bengaluru,Carpenter,Clear,Normal day,3,9,0,0,96
2024-02-18,Hyderabad,Electrician,Clear,Normal day,6,2,1,0,96
2023-01-14,Hyderabad,Domestic Helper,Clear,Normal day,5,1,1,0,86
2024-07-15,Hyderabad,Caregiver,Rain,Holiday,0,7,0,0,120
2025-08-26,Mumbai,Carpenter,Rain,Normal day,1,8,0,1,126
2025-05-25,Delhi,Plumber,Extreme heat,Normal day,6,5,1,0,148
2024-01-16,Delhi,Plumber,Clear,Normal day,1,1,0,0,112
2025-02-16,Hyderabad,Caregiver,Clear,Normal day,6,2,1,0,73
2025-02-04,Bengaluru,Painter,Clear,Normal day,1,2,0,0,63
2024-04-04,Mumbai,Caregiver,Extreme heat,Normal day,3,4,0,0,97
2023-03-03,Bengaluru,Carpenter,Clear,Major event,4,3,0,0,113
2024-12-23,Bengaluru,Caregiver,Clear,Normal day,0,12,0,0,73
2023-06-07,Delhi,Caregiver,Extreme heat,Holiday,2,6,0,0,116
2025-02-17,Mumbai,Plumber,Clear,Normal day,0,2,0,0,86
2025-09-25,Hyderabad,Plumber,Clear,Normal day,3,9,0,0,80
2023-06-04,Bengaluru,Carpenter,Rain,Normal day,6,6,1,0,124
2024-12-06,Mumbai,Plumber,Clear,Normal day,4,12,0,0,124
2024-08-19,Bengaluru,Painter,Clear,Normal day,0,8,0,0,105
2023-02-05,Hyderabad,Plumber,Clear,Normal day,6,2,1,0,85
2023-06-28,Delhi,Caregiver,Rain,Normal day,2,6,0,1,111
2023-04-20,Mumbai,Electrician,Extreme heat,Normal day,3,4,0,0,142
2023-04-29,Delhi,Electrician,Extreme heat,Normal day,5,4,1,1,152
2024-02-14,Delhi,Technician,Clear,Normal day,2,2,0,0,97
2024-10-20,Hyderabad,Domestic Helper,Clear,Normal day,6,10,1,0,114
2025-12-05,Hyderabad,Painter,Clear,Normal day,4,12,0,0,59
2024-05-24,Delhi,Painter,Clear,Normal day,4,5,0,0,110
2024-06-17,Bengaluru,Caregiver,Clear,Normal day,0,6,0,0,85
2023-07-13,Hyderabad,Caregiver,Clear,Major event,3,7,0,0,118
2025-04-13,Delhi,Painter,Clear,Normal day,6,4,1,0,114
2024-02-16,Mumbai,Painter,Clear,Normal day,4,2,0,0,84
2025-12-06,Hyderabad,Electrician,Clear,Normal day,5,12,1,0,94
2023-12-19,Delhi,Electrician,Clear,Holiday,1,12,0,0,112
2023-03-24,Delhi,Carpenter,Clear,Normal day,4,3,0,0,103
2025-02-12,Mumbai,Painter,Clear,Normal day,2,2,0,0,96
2023-07-29,Mumbai,Carpenter,Rain,Normal day,5,7,1,1,163
2025-08-10,Hyderabad,Painter,Clear,Major event,6,8,1,0,127
2023-08-02,Hyderabad,Technician,Rain,Normal day,2,8,0,0,121
2025-08-15,Hyderabad,Carpenter,Rain,Normal day,4,8,0,0,117
2023-09-22,Delhi,Painter,Rain,Normal day,4,9,0,0,110
2024-11-09,Bengaluru,Painter,Clear,Holiday,5,11,1,0,110
2025-01-29,Bengaluru,Painter,Clear,Normal day,2,1,0,1,70
2023-10-22,Delhi,Carpenter,Clear,Normal day,6,10,1,0,106
2024-10-31,Bengaluru,Caregiver,Clear,Normal day,3,10,0,1,65
2025-06-19,Delhi,Caregiver,Clear,Normal day,3,6,0,0,93
2023-03-31,Hyderabad,Painter,Clear,Normal day,4,3,0,1,80
2025-11-26,Delhi,Electrician,Clear,Normal day,2,11,0,1,106
2023-09-01,Mumbai,Painter,Clear,Normal day,4,9,0,0,90
2024-04-26,Mumbai,Carpenter,Extreme heat,Normal day,4,4,0,1,124
2023-09-19,Delhi,Carpenter,Clear,Normal day,1,9,0,0,85
2023-09-01,Hyderabad,Technician,Clear,Normal day,4,9,0,0,99
2025-01-16,Mumbai,Carpenter,Clear,Normal day,3,1,0,0,74
2024-12-23,Delhi,Painter,Clear,Normal day,0,12,0,0,62
2023-07-31,Bengaluru,Electrician,Rain,Normal day,0,7,0,1,100
2025-08-05,Mumbai,Domestic Helper,Rain,Normal day,1,8,0,0,127
2023-06-12,Mumbai,Technician,Rain,Normal day,0,6,0,0,126
2024-04-26,Delhi,Domestic Helper,Clear,Normal day,4,4,0,1,114
2023-01-17,Bengaluru,Plumber,Clear,Holiday,1,1,0,0,88
2025-06-25,Hyderabad,Caregiver,Clear,Normal day,2,6,0,0,72
2025-10-24,Delhi,Plumber,Clear,Normal day,4,10,0,0,120
2023-07-16,Hyderabad,Carpenter,Clear,Normal day,6,7,1,0,114
2024-05-31,Bengaluru,Domestic Helper,Clear,Normal day,4,5,0,1,98
2023-11-24,Mumbai,Domestic Helper,Clear,Normal day,4,11,0,0,120
2024-06-19,Bengaluru,Domestic Helper,Rain,Normal day,2,6,0,0,107
2024-08-28,Bengaluru,Plumber,Rain,Normal day,2,8,0,1,144
2025-05-11,Delhi,Carpenter,Clear,Normal day,6,5,1,0,98
2024-10-15,Hyderabad,Plumber,Clear,Normal day,1,10,0,0,92
2024-05-02,Hyderabad,Carpenter,Clear,Normal day,3,5,0,0,80
2023-03-31,Bengaluru,Domestic Helper,Clear,Normal day,4,3,0,1,92
2023-02-22,Bengaluru,Technician,Clear,Normal day,2,2,0,0,83
2023-01-28,Bengaluru,Caregiver,Clear,Major event,5,1,1,1,122
2024-02-04,Hyderabad,Domestic Helper,Clear,Normal day,6,2,1,0,119
2025-12-08,Hyderabad,Caregiver,Clear,Normal day,0,12,0,0,71
2023-11-13,Bengaluru,Technician,Extreme heat,Major event,0,11,0,0,133
2023-05-25,Bengaluru,Technician,Clear,Normal day,3,5,0,0,90
2025-05-18,Mumbai,Plumber,Clear,Normal day,6,5,1,0,124
2025-08-15,Hyderabad,Caregiver,Clear,Holiday,4,8,0,0,107
2024-07-05,Bengaluru,Carpenter,Rain,Normal day,4,7,0,0,118
2023-05-02,Hyderabad,Electrician,Extreme heat,Normal day,1,5,0,0,96
2023-09-17,Hyderabad,Caregiver,Clear,Normal day,6,9,1,0,77
2024-09-23,Mumbai,Caregiver,Rain,Normal day,0,9,0,0,103
2024-05-01,Delhi,Domestic Helper,Clear,Normal day,2,5,0,0,101
2024-02-15,Hyderabad,Caregiver,Clear,Normal day,3,2,0,0,75
2024-12-20,Bengaluru,Electrician,Clear,Normal day,4,12,0,0,98
2024-04-15,Mumbai,Carpenter,Clear,Normal day,0,4,0,0,90
2024-12-14,Hyderabad,Technician,Extreme heat,Normal day,5,12,1,0,100
2024-03-28,Delhi,Painter,Clear,Normal day,3,3,0,1,98
2023-07-19,Hyderabad,Electrician,Rain,Major event,2,7,0,0,155
2024-10-19,Hyderabad,Carpenter,Clear,Normal day,5,10,1,0,91
2023-11-03,Hyderabad,Electrician,Clear,Normal day,4,11,0,0,100
2023-04-27,Delhi,Electrician,Clear,Normal day,3,4,0,1,113
2023-11-18,Bengaluru,Plumber,Clear,Normal day,5,11,1,0,126
2025-11-06,Bengaluru,Carpenter,Clear,Normal day,3,11,0,0,74
2023-06-15,Bengaluru,Domestic Helper,Extreme heat,Normal day,3,6,0,0,100
2025-08-27,Mumbai,Domestic Helper,Clear,Normal day,2,8,0,1,105
2024-09-08,Hyderabad,Carpenter,Rain,Holiday,6,9,1,0,146
2023-04-01,Mumbai,Painter,Clear,Normal day,5,4,1,0,100
2025-11-24,Hyderabad,Carpenter,Clear,Normal day,0,11,0,0,83
2025-10-07,Mumbai,Electrician,Clear,Normal day,1,10,0,0,102
2023-02-16,Delhi,Painter,Clear,Holiday,3,2,0,0,81
2025-10-16,Delhi,Technician,Clear,Normal day,3,10,0,0,99
2024-10-21,Hyderabad,Carpenter,Clear,Normal day,0,10,0,0,67
2023-09-21,Delhi,Carpenter,Extreme heat,Normal day,3,9,0,0,109
2025-02-04,Hyderabad,Domestic Helper,Clear,Normal day,1,2,0,0,83
2024-07-03,Hyderabad,Technician,Rain,Major event,2,7,0,0,138
2023-08-01,Delhi,Caregiver,Rain,Holiday,1,8,0,0,129
2024-03-08,Hyderabad,Technician,Clear,Normal day,4,3,0,0,72
2024-08-23,Delhi,Technician,Rain,Major event,4,8,0,0,171
2023-10-05,Delhi,Electrician,Clear,Major event,3,10,0,0,150
2025-07-07,Mumbai,Carpenter,Rain,Normal day,0,7,0,0,125
2023-04-14,Delhi,Technician,Extreme heat,Normal day,4,4,0,0,105
2023-11-23,Delhi,Domestic Helper,Clear,Normal day,3,11,0,0,82
2025-03-02,Mumbai,Electrician,Rain,Normal day,6,3,1,0,141
2024-11-13,Hyderabad,Plumber,Clear,Normal day,2,11,0,0,92
2023-07-13,Bengaluru,Electrician,Rain,Normal day,3,7,0,0,138
2024-05-26,Delhi,Caregiver,Clear,Normal day,6,5,1,1,96
2023-06-14,Bengaluru,Technician,Clear,Normal day,2,6,0,0,89
2023-04-04,Mumbai,Plumber,Clear,Normal day,1,4,0,0,105
2025-09-03,Delhi,Painter,Clear,Normal day,2,9,0,0,87
2025-06-05,Mumbai,Domestic Helper,Rain,Normal day,3,6,0,0,136
2025-07-09,Delhi,Caregiver,Clear,Normal day,2,7,0,0,89
2025-11-08,Hyderabad,Domestic Helper,Clear,Normal day,5,11,1,0,103
2025-01-07,Bengaluru,Caregiver,Extreme heat,Normal day,1,1,0,0,82
2024-07-01,Hyderabad,Domestic Helper,Clear,Normal day,0,7,0,0,100
2025-11-10,Hyderabad,Electrician,Clear,Holiday,0,11,0,0,90
2023-12-26,Delhi,Carpenter,Clear,Normal day,1,12,0,1,88
2024-11-28,Mumbai,Plumber,Clear,Normal day,3,11,0,1,133
2024-12-16,Mumbai,Domestic Helper,Clear,Normal day,0,12,0,0,106
2025-11-07,Delhi,Carpenter,Clear,Normal day,4,11,0,0,107
2023-08-31,Delhi,Carpenter,Clear,Normal day,3,8,0,1,129
2025-02-28,Mumbai,Technician,Clear,Holiday,4,2,0,1,108
2024-11-16,Bengaluru,Technician,Clear,Holiday,5,11,1,0,105
2025-03-17,Bengaluru,Plumber,Clear,Normal day,0,3,0,0,96
2025-01-15,Delhi,Carpenter,Clear,Holiday,2,1,0,0,95
2025-12-10,Bengaluru,Caregiver,Clear,Normal day,2,12,0,0,94
2023-11-07,Delhi,Electrician,Clear,Normal day,1,11,0,0,82
2025-08-04,Bengaluru,Electrician,Rain,Normal day,0,8,0,0,113
2025-02-11,Hyderabad,Caregiver,Clear,Normal day,1,2,0,0,61
2024-02-01,Hyderabad,Electrician,Clear,Normal day,3,2,0,0,62
2023-01-06,Delhi,Domestic Helper,Clear,Holiday,4,1,0,0,110
2024-06-12,Mumbai,Caregiver,Clear,Normal day,2,6,0,0,97
2025-08-21,Delhi,Domestic Helper,Clear,Normal day,3,8,0,0,119
2025-09-09,Hyderabad,Caregiver,Rain,Normal day,1,9,0,0,96
2024-03-10,Hyderabad,Electrician,Clear,Normal day,6,3,1,0,109
2025-12-14,Hyderabad,Technician,Clear,Normal day,6,12,1,0,91
2024-10-09,Bengaluru,Domestic Helper,Clear,Holiday,2,10,0,0,110
2025-04-28,Delhi,Plumber,Extreme heat,Normal day,0,4,0,1,149
2025-07-04,Bengaluru,Caregiver,Rain,Normal day,4,7,0,0,105
2024-02-01,Bengaluru,Plumber,Extreme heat,Major event,3,2,0,0,131
2024-10-14,Hyderabad,Carpenter,Clear,Normal day,0,10,0,0,96
2025-12-24,Delhi,Carpenter,Clear,Normal day,2,12,0,0,86
2025-06-23,Hyderabad,Domestic Helper,Clear,Normal day,0,6,0,0,84
2023-07-12,Mumbai,Painter,Rain,Normal day,2,7,0,0,107
2025-10-12,Mumbai,Painter,Rain,Holiday,6,10,1,0,129
2025-12-01,Mumbai,Carpenter,Clear,Normal day,0,12,0,0,93
2023-12-17,Mumbai,Technician,Clear,Normal day,6,12,1,0,107
2023-12-20,Mumbai,Plumber,Clear,Normal day,2,12,0,0,108
2023-04-25,Mumbai,Carpenter,Clear,Normal day,1,4,0,0,90
2023-06-08,Bengaluru,Technician,Clear,Normal day,3,6,0,0,106
2025-08-10,Delhi,Technician,Clear,Holiday,6,8,1,0,118
2024-08-02,Mumbai,Domestic Helper,Rain,Normal day,4,8,0,0,132
2025-10-12,Bengaluru,Plumber,Clear,Normal day,6,10,1,0,107
2023-03-10,Mumbai,Domestic Helper,Clear,Holiday,4,3,0,0,123
2025-02-17,Bengaluru,Technician,Clear,Normal day,0,2,0,0,83
2024-04-20,Delhi,Carpenter,Clear,Normal day,5,4,1,0,121
2025-04-30,Bengaluru,Plumber,Extreme heat,Normal day,2,4,0,1,127
2025-02-07,Mumbai,Plumber,Clear,Normal day,4,2,0,0,91
2023-06-01,Hyderabad,Caregiver,Clear,Normal day,3,6,0,0,102
2025-10-11,Bengaluru,Technician,Clear,Holiday,5,10,1,0,90
2025-01-07,Bengaluru,Carpenter,Clear,Normal day,1,1,0,0,81
2024-04-11,Delhi,Technician,Extreme heat,Normal day,3,4,0,0,91
2024-02-10,Hyderabad,Domestic Helper,Clear,Normal day,5,2,1,0,94
2024-09-30,Delhi,Plumber,Clear,Normal day,0,9,0,1,112
2023-10-18,Mumbai,Carpenter,Clear,Normal day,2,10,0,0,94
2023-12-12,Delhi,Electrician,Rain,Normal day,1,12,0,0,108
2025-01-07,Mumbai,Electrician,Clear,Normal day,1,1,0,0,106
2023-08-26,Mumbai,Domestic Helper,Clear,Normal day,5,8,1,1,141
2025-12-23,Mumbai,Painter,Clear,Normal day,1,12,0,0,89
2024-02-07,Delhi,Electrician,Clear,Major event,2,2,0,0,125
2025-02-05,Hyderabad,Domestic Helper,Clear,Normal day,2,2,0,0,103
2024-04-06,Mumbai,Carpenter,Clear,Normal day,5,4,1,0,111
2024-05-06,Delhi,Domestic Helper,Rain,Normal day,0,5,0,0,112
2023-11-12,Delhi,Plumber,Clear,Normal day,6,11,1,0,130
2024-08-31,Hyderabad,Domestic Helper,Rain,Holiday,5,8,1,1,162
2024-12-08,Delhi,Painter,Clear,Normal day,6,12,1,0,93
2024-02-19,Bengaluru,Painter,Clear,Normal day,0,2,0,0,70
2023-09-15,Hyderabad,Caregiver,Clear,Normal day,4,9,0,0,97
2024-08-14,Bengaluru,Carpenter,Clear,Normal day,2,8,0,0,80
2025-01-28,Bengaluru,Electrician,Clear,Normal day,1,1,0,1,107
2024-11-13,Hyderabad,Caregiver,Clear,Normal day,2,11,0,0,82
2024-10-23,Bengaluru,Caregiver,Clear,Normal day,2,10,0,0,78
2025-03-23,Hyderabad,Technician,Clear,Normal day,6,3,1,0,73
2023-09-30,Mumbai,Plumber,Clear,Normal day,5,9,1,1,148
2024-05-31,Mumbai,Electrician,Clear,Normal day,4,5,0,1,137
2023-05-12,Bengaluru,Technician,Clear,Normal day,4,5,0,0,100
2025-08-19,Bengaluru,Caregiver,Rain,Normal day,1,8,0,0,104
2024-05-10,Delhi,Domestic Helper,Clear,Normal day,4,5,0,0,95
2023-07-06,Delhi,Caregiver,Clear,Holiday,3,7,0,0,113
2023-11-12,Hyderabad,Electrician,Clear,Holiday,6,11,1,0,122
2023-11-20,Hyderabad,Caregiver,Rain,Normal day,0,11,0,0,83
2023-09-05,Delhi,Electrician,Rain,Normal day,1,9,0,0,122
2024-08-11,Delhi,Carpenter,Clear,Normal day,6,8,1,0,107
2023-11-16,Mumbai,Carpenter,Clear,Holiday,3,11,0,0,104
2023-09-27,Bengaluru,Electrician,Clear,Normal day,2,9,0,1,96
2025-07-05,Mumbai,Domestic Helper,Rain,Normal day,5,7,1,0,155
2024-04-27,Delhi,Electrician,Extreme heat,Normal day,5,4,1,1,143
2023-07-16,Mumbai,Carpenter,Clear,Normal day,6,7,1,0,119
2024-10-22,Hyderabad,Electrician,Clear,Normal day,1,10,0,0,87
2025-04-21,Mumbai,Domestic Helper,Clear,Normal day,0,4,0,0,116
2025-11-29,Delhi,Painter,Clear,Normal day,5,11,1,1,110
2024-08-08,Bengaluru,Technician,Rain,Normal day,3,8,0,0,127
2025-07-19,Hyderabad,Domestic Helper,Rain,Normal day,5,7,1,0,115
2023-05-22,Delhi,Electrician,Rain,Major event,0,5,0,0,167
2025-08-10,Bengaluru,Domestic Helper,Clear,Normal day,6,8,1,0,105
2024-05-01,Hyderabad,Electrician,Clear,Normal day,2,5,0,0,90
2023-09-07,Delhi,Painter,Rain,Normal day,3,9,0,0,102
2025-05-13,Bengaluru,Painter,Extreme heat,Normal day,1,5,0,0,94
2024-02-10,Hyderabad,Plumber,Clear,Normal day,5,2,1,0,107
2025-08-21,Hyderabad,Technician,Rain,Normal day,3,8,0,0,99
2024-01-09,Delhi,Plumber,Rain,Holiday,1,1,0,0,142
2024-07-26,Hyderabad,Plumber,Rain,Normal day,4,7,0,1,122
2023-11-25,Mumbai,Plumber,Clear,Normal day,5,11,1,0,115
2024-02-08,Delhi,Plumber,Clear,Normal day,3,2,0,0,87
2023-02-27,Hyderabad,Plumber,Clear,Major event,0,2,0,1,113
2024-08-19,Bengaluru,Caregiver,Rain,Normal day,0,8,0,0,92
2024-09-04,Bengaluru,Plumber,Clear,Normal day,2,9,0,0,117
2024-01-15,Mumbai,Carpenter,Clear,Normal day,0,1,0,0,74
2023-02-23,Mumbai,Domestic Helper,Clear,Normal day,3,2,0,0,88
2024-12-14,Bengaluru,Carpenter,Clear,Holiday,5,12,1,0,119
2024-01-23,Mumbai,Caregiver,Extreme heat,Normal day,1,1,0,0,104
2024-12-22,Mumbai,Technician,Clear,Normal day,6,12,1,0,101
2024-04-24,Mumbai,Caregiver,Clear,Normal day,2,4,0,0,89
2025-01-17,Bengaluru,Caregiver,Rain,Normal day,4,1,0,0,98
2023-02-14,Delhi,Plumber,Clear,Normal day,1,2,0,0,114
2024-07-02,Delhi,Domestic Helper,Rain,Normal day,1,7,0,0,132
2023-05-02,Mumbai,Carpenter,Extreme heat,Normal day,1,5,0,0,107
2024-04-05,Mumbai,Caregiver,Extreme heat,Normal day,4,4,0,0,94
2023-01-12,Hyderabad,Electrician,Clear,Normal day,3,1,0,0,101
2023-05-24,Hyderabad,Domestic Helper,Extreme heat,Normal day,2,5,0,0,109
2024-09-02,Hyderabad,Caregiver,Rain,Normal day,0,9,0,0,70
2024-12-17,Mumbai,Caregiver,Clear,Normal day,1,12,0,0,87
2024-05-26,Delhi,Caregiver,Clear,Normal day,6,5,1,1,106
2025-02-19,Mumbai,Caregiver,Clear,Normal day,2,2,0,0,96
2023-01-02,Mumbai,Carpenter,Clear,Normal day,0,1,0,0,100
2025-01-25,Delhi,Caregiver,Clear,Holiday,5,1,1,0,113
2023-05-08,Delhi,Carpenter,Extreme heat,Normal day,0,5,0,0,100
2024-09-13,Bengaluru,Plumber,Clear,Normal day,4,9,0,0,110
2025-05-11,Bengaluru,Technician,Extreme heat,Normal day,6,5,1,0,141
2024-06-27,Bengaluru,Caregiver,Clear,Normal day,3,6,0,1,95
2025-09-17,Bengaluru,Plumber,Clear,Normal day,2,9,0,0,106
2023-12-16,Delhi,Technician,Clear,Normal day,5,12,1,0,127
2023-11-16,Bengaluru,Painter,Clear,Normal day,3,11,0,0,81
2024-04-05,Mumbai,Painter,Extreme heat,Normal day,4,4,0,0,93
2024-03-27,Delhi,Technician,Clear,Normal day,2,3,0,1,114
2024-03-01,Hyderabad,Electrician,Clear,Normal day,4,3,0,0,81
2024-06-29,Mumbai,Technician,Clear,Normal day,5,6,1,1,118
2024-11-17,Hyderabad,Domestic Helper,Clear,Normal day,6,11,1,0,113
2025-01-17,Mumbai,Caregiver,Extreme heat,Holiday,4,1,0,0,127
2024-01-17,Mumbai,Carpenter,Clear,Normal day,2,1,0,0,75
2025-04-02,Delhi,Domestic Helper,Clear,Normal day,2,4,0,0,99
2025-08-07,Bengaluru,Painter,Clear,Normal day,3,8,0,0,72
2025-02-19,Delhi,Carpenter,Clear,Normal day,2,2,0,0,90
2024-04-21,Bengaluru,Painter,Extreme heat,Normal day,6,4,1,0,81
2025-07-31,Bengaluru,Caregiver,Clear,Holiday,3,7,0,1,105
2023-03-17,Bengaluru,Plumber,Clear,Normal day,4,3,0,0,102
2024-08-16,Bengaluru,Carpenter,Clear,Normal day,4,8,0,0,90
2023-09-21,Bengaluru,Electrician,Rain,Normal day,3,9,0,0,114
2023-02-10,Bengaluru,Carpenter,Clear,Holiday,4,2,0,0,80
2023-04-22,Bengaluru,Painter,Clear,Normal day,5,4,1,0,91
2023-05-27,Delhi,Domestic Helper,Clear,Major event,5,5,1,1,145
2024-03-01,Bengaluru,Caregiver,Extreme heat,Normal day,4,3,0,0,110
2024-06-26,Bengaluru,Plumber,Clear,Normal day,2,6,0,1,113
2024-07-16,Mumbai,Electrician,Clear,Normal day,1,7,0,0,140
2023-01-20,Mumbai,Electrician,Clear,Normal day,4,1,0,0,110
2025-07-22,Delhi,Electrician,Clear,Major event,1,7,0,0,135
2025-05-31,Hyderabad,Technician,Clear,Normal day,5,5,1,1,109
2023-08-26,Delhi,Domestic Helper,Clear,Normal day,5,8,1,1,109
2024-11-11,Hyderabad,Electrician,Clear,Holiday,0,11,0,0,80
2023-09-27,Hyderabad,Painter,Clear,Normal day,2,9,0,1,58
2024-12-02,Mumbai,Domestic Helper,Clear,Holiday,0,12,0,0,127
2024-11-16,Bengaluru,Electrician,Clear,Normal day,5,11,1,0,89
2023-12-23,Hyderabad,Technician,Clear,Normal day,5,12,1,0,71
2025-01-27,Mumbai,Carpenter,Clear,Normal day,0,1,0,1,89
2025-05-13,Delhi,Electrician,Extreme heat,Normal day,1,5,0,0,121
2025-10-18,Mumbai,Carpenter,Clear,Holiday,5,10,1,0,128
2023-03-15,Hyderabad,Plumber,Clear,Holiday,2,3,0,0,103
2023-10-26,Bengaluru,Painter,Clear,Normal day,3,10,0,1,82
2024-09-19,Delhi,Technician,Rain,Normal day,3,9,0,0,116
2023-02-10,Hyderabad,Caregiver,Clear,Normal day,4,2,0,0,62
2025-05-27,Mumbai,Carpenter,Extreme heat,Normal day,1,5,0,1,108
2024-04-25,Hyderabad,Electrician,Clear,Major event,3,4,0,0,128
2024-05-01,Bengaluru,Technician,Extreme heat,Normal day,2,5,0,0,96
2024-07-04,Bengaluru,Electrician,Rain,Normal day,3,7,0,0,146
2025-10-31,Bengaluru,Plumber,Clear,Normal day,4,10,0,1,120
2025-07-14,Bengaluru,Technician,Rain,Normal day,0,7,0,0,96
2024-01-14,Hyderabad,Technician,Rain,Normal day,6,1,1,0,92
2024-11-17,Delhi,Domestic Helper,Clear,Normal day,6,11,1,0,115
2024-01-28,Delhi,Caregiver,Clear,Holiday,6,1,1,1,88
2025-04-09,Hyderabad,Carpenter,Extreme heat,Normal day,2,4,0,0,96
2025-12-26,Hyderabad,Caregiver,Clear,Normal day,4,12,0,1,92
2025-06-14,Delhi,Domestic Helper,Clear,Holiday,5,6,1,0,127
2024-11-15,Bengaluru,Technician,Clear,Normal day,4,11,0,0,110
2023-10-05,Hyderabad,Plumber,Clear,Holiday,3,10,0,0,102
2025-05-22,Hyderabad,Painter,Clear,Normal day,3,5,0,0,66
2025-02-28,Hyderabad,Painter,Clear,Major event,4,2,0,1,93
2023-01-07,Mumbai,Carpenter,Extreme heat,Normal day,5,1,1,0,128
2024-04-01,Delhi,Electrician,Extreme heat,Normal day,0,4,0,0,118
2024-03-24,Mumbai,Caregiver,Clear,Normal day,6,3,1,0,101
2025-07-19,Mumbai,Electrician,Rain,Normal day,5,7,1,0,165
2025-06-04,Hyderabad,Electrician,Rain,Normal day,2,6,0,0,101
2023-12-02,Bengaluru,Electrician,Clear,Normal day,5,12,1,0,102
2023-11-06,Delhi,Caregiver,Clear,Holiday,0,11,0,0,80
2025-04-01,Bengaluru,Caregiver,Rain,Normal day,1,4,0,0,75
2025-05-16,Bengaluru,Electrician,Extreme heat,Major event,4,5,0,0,163
2024-07-08,Bengaluru,Caregiver,Clear,Major event,0,7,0,0,103
2024-01-05,Hyderabad,Painter,Rain,Normal day,4,1,0,0,105
2025-04-23,Bengaluru,Technician,Clear,Normal day,2,4,0,0,76
2024-02-28,Mumbai,Technician,Clear,Normal day,2,2,0,1,101
2024-12-10,Bengaluru,Painter,Clear,Normal day,1,12,0,0,67
2025-10-07,Hyderabad,Electrician,Clear,Normal day,1,10,0,0,89
2023-02-10,Bengaluru,Caregiver,Clear,Normal day,4,2,0,0,75
2023-04-10,Bengaluru,Domestic Helper,Clear,Normal day,0,4,0,0,101
2024-01-18,Delhi,Electrician,Clear,Normal day,3,1,0,0,103
2025-10-31,Bengaluru,Carpenter,Extreme heat,Normal day,4,10,0,1,91
2025-06-01,Delhi,Carpenter,Rain,Normal day,6,6,1,0,123
2024-08-12,Bengaluru,Technician,Clear,Normal day,0,8,0,0,95
2023-05-15,Hyderabad,Electrician,Clear,Normal day,0,5,0,0,85
2023-03-28,Hyderabad,Painter,Clear,Normal day,1,3,0,1,71
2025-10-30,Bengaluru,Caregiver,Rain,Normal day,3,10,0,1,105
2024-03-07,Hyderabad,Painter,Clear,Normal day,3,3,0,0,72
2024-04-30,Mumbai,Technician,Extreme heat,Normal day,1,4,0,1,128
2024-07-25,Bengaluru,Electrician,Rain,Normal day,3,7,0,0,135
2024-11-12,Delhi,Electrician,Extreme heat,Normal day,1,11,0,0,135
2023-03-25,Delhi,Plumber,Clear,Normal day,5,3,1,0,138
2024-02-12,Bengaluru,Carpenter,Clear,Normal day,0,2,0,0,85
2023-09-28,Mumbai,Domestic Helper,Clear,Normal day,3,9,0,1,132
2024-05-22,Hyderabad,Electrician,Extreme heat,Normal day,2,5,0,0,102
2023-05-01,Mumbai,Painter,Clear,Normal day,0,5,0,0,81
2025-06-24,Delhi,Painter,Rain,Normal day,1,6,0,0,90
2024-02-21,Delhi,Electrician,Rain,Normal day,2,2,0,0,125
2025-10-08,Delhi,Plumber,Clear,Holiday,2,10,0,0,136
2023-01-03,Bengaluru,Plumber,Clear,Normal day,1,1,0,0,89
2023-02-22,Mumbai,Painter,Clear,Normal day,2,2,0,0,85
2023-08-25,Bengaluru,Plumber,Rain,Normal day,4,8,0,0,127
2023-01-12,Mumbai,Technician,Clear,Normal day,3,1,0,0,78
2025-04-09,Bengaluru,Domestic Helper,Extreme heat,Major event,2,4,0,0,128
2025-08-08,Delhi,Painter,Rain,Normal day,4,8,0,0,99
2024-12-25,Bengaluru,Painter,Clear,Normal day,2,12,0,0,93
2025-10-18,Hyderabad,Carpenter,Clear,Normal day,5,10,1,0,87
2023-04-09,Delhi,Plumber,Extreme heat,Normal day,6,4,1,0,146
2025-03-27,Bengaluru,Painter,Extreme heat,Normal day,3,3,0,1,77
2023-12-12,Hyderabad,Caregiver,Clear,Normal day,1,12,0,0,78
2025-06-02,Bengaluru,Electrician,Clear,Normal day,0,6,0,0,106
2023-03-19,Mumbai,Caregiver,Clear,Normal day,6,3,1,0,89
2024-01-04,Delhi,Technician,Clear,Normal day,3,1,0,0,93
2024-11-09,Mumbai,Electrician,Clear,Normal day,5,11,1,0,131
2025-02-23,Hyderabad,Carpenter,Rain,Normal day,6,2,1,0,93
2024-03-20,Mumbai,Caregiver,Clear,Normal day,2,3,0,0,80
2024-12-22,Mumbai,Domestic Helper,Extreme heat,Normal day,6,12,1,0,147
2023-12-27,Mumbai,Domestic Helper,Clear,Normal day,2,12,0,1,127
2023-06-22,Delhi,Carpenter,Clear,Normal day,3,6,0,0,100
2024-04-04,Hyderabad,Plumber,Clear,Normal day,3,4,0,0,87
2023-03-17,Bengaluru,Domestic Helper,Clear,Normal day,4,3,0,0,99
2025-08-16,Delhi,Painter,Clear,Normal day,5,8,1,0,100
2025-12-18,Mumbai,Caregiver,Clear,Normal day,3,12,0,0,85
2023-02-02,Bengaluru,Plumber,Clear,Normal day,3,2,0,0,96
2025-09-24,Delhi,Plumber,Rain,Normal day,2,9,0,0,123
2023-06-10,Delhi,Electrician,Rain,Normal day,5,6,1,0,152
2023-11-23,Bengaluru,Technician,Clear,Normal day,3,11,0,0,102
2023-01-10,Hyderabad,Electrician,Clear,Normal day,1,1,0,0,98
2025-05-24,Delhi,Domestic Helper,Extreme heat,Normal day,5,5,1,0,135
2023-11-24,Delhi,Plumber,Clear,Normal day,4,11,0,0,114
2025-01-08,Mumbai,Technician,Clear,Normal day,2,1,0,0,83
2024-11-06,Delhi,Caregiver,Clear,Holiday,2,11,0,0,82
2024-09-07,Delhi,Caregiver,Clear,Normal day,5,9,1,0,86
2025-03-28,Mumbai,Domestic Helper,Rain,Normal day,4,3,0,1,127
2024-06-03,Hyderabad,Painter,Rain,Major event,0,6,0,0,133
2023-09-03,Delhi,Carpenter,Rain,Normal day,6,9,1,0,132
2023-03-31,Mumbai,Domestic Helper,Clear,Normal day,4,3,0,1,116
2024-04-06,Mumbai,Caregiver,Rain,Normal day,5,4,1,0,144
2023-06-07,Delhi,Caregiver,Rain,Major event,2,6,0,0,141
2023-02-04,Hyderabad,Domestic Helper,Clear,Holiday,5,2,1,0,124
2023-03-28,Delhi,Caregiver,Clear,Normal day,1,3,0,1,81
2025-05-20,Bengaluru,Electrician,Clear,Normal day,1,5,0,0,96
2024-04-07,Mumbai,Carpenter,Extreme heat,Holiday,6,4,1,0,134
2025-12-16,Mumbai,Domestic Helper,Extreme heat,Normal day,1,12,0,0,120
2024-12-11,Delhi,Technician,Clear,Normal day,2,12,0,0,113
2025-10-13,Bengaluru,Carpenter,Clear,Normal day,0,10,0,0,95
2024-09-21,Mumbai,Carpenter,Clear,Normal day,5,9,1,0,97
2024-09-23,Mumbai,Domestic Helper,Rain,Holiday,0,9,0,0,149
2024-02-14,Delhi,Technician,Clear,Normal day,2,2,0,0,79
2023-04-24,Hyderabad,Domestic Helper,Clear,Normal day,0,4,0,0,73
2024-11-12,Delhi,Electrician,Clear,Normal day,1,11,0,0,97
2024-10-14,Hyderabad,Technician,Rain,Normal day,0,10,0,0,107
2025-02-24,Bengaluru,Caregiver,Clear,Normal day,0,2,0,0,72
2024-03-03,Mumbai,Painter,Clear,Normal day,6,3,1,0,99
2024-06-02,Hyderabad,Carpenter,Clear,Normal day,6,6,1,0,78
2023-07-10,Hyderabad,Caregiver,Clear,Normal day,0,7,0,0,90
2025-06-13,Hyderabad,Caregiver,Clear,Normal day,4,6,0,0,91
2023-11-17,Delhi,Caregiver,Clear,Normal day,4,11,0,0,113
2024-12-01,Bengaluru,Painter,Clear,Normal day,6,12,1,0,73
2025-01-10,Hyderabad,Painter,Clear,Normal day,4,1,0,0,73
2023-05-20,Delhi,Technician,Extreme heat,Major event,5,5,1,0,155
2025-10-05,Delhi,Technician,Clear,Normal day,6,10,1,0,123
2023-02-22,Bengaluru,Electrician,Clear,Normal day,2,2,0,0,101
2024-11-01,Hyderabad,Caregiver,Clear,Normal day,4,11,0,0,72
2024-11-06,Hyderabad,Technician,Clear,Normal day,2,11,0,0,86
2025-08-28,Hyderabad,Painter,Clear,Normal day,3,8,0,1,83
2023-10-02,Mumbai,Carpenter,Rain,Normal day,0,10,0,0,103
2023-09-06,Delhi,Carpenter,Clear,Normal day,2,9,0,0,98
2024-07-12,Bengaluru,Technician,Clear,Normal day,4,7,0,0,105
2023-12-01,Hyderabad,Technician,Clear,Normal day,4,12,0,0,86
2025-06-02,Delhi,Plumber,Rain,Normal day,0,6,0,0,129
2025-02-09,Hyderabad,Carpenter,Clear,Normal day,6,2,1,0,95
2024-05-30,Delhi,Caregiver,Extreme heat,Major event,3,5,0,1,148
2024-09-16,Mumbai,Domestic Helper,Clear,Normal day,0,9,0,0,97
2024-11-05,Mumbai,Painter,Clear,Normal day,1,11,0,0,68
2023-12-14,Mumbai,Caregiver,Clear,Normal day,3,12,0,0,86
2025-06-16,Bengaluru,Carpenter,Clear,Normal day,0,6,0,0,75
2025-03-25,Delhi,Domestic Helper,Rain,Normal day,1,3,0,0,131
2023-01-23,Bengaluru,Domestic Helper,Clear,Normal day,0,1,0,0,97
2023-12-03,Hyderabad,Electrician,Clear,Normal day,6,12,1,0,87
2024-11-09,Mumbai,Technician,Rain,Normal day,5,11,1,0,149
2024-12-24,Mumbai,Carpenter,Clear,Normal day,1,12,0,0,93
2024-06-29,Mumbai,Electrician,Clear,Normal day,5,6,1,1,134
2025-08-12,Mumbai,Domestic Helper,Clear,Normal day,1,8,0,0,119
2023-12-28,Delhi,Electrician,Clear,Normal day,3,12,0,1,99
2024-06-15,Bengaluru,Carpenter,Rain,Normal day,5,6,1,0,137
2025-02-27,Bengaluru,Domestic Helper,Clear,Normal day,3,2,0,1,104
2024-06-06,Mumbai,Painter,Clear,Normal day,3,6,0,0,97
2025-08-11,Bengaluru,Electrician,Clear,Normal day,0,8,0,0,90
2024-02-01,Hyderabad,Technician,Rain,Holiday,3,2,0,0,130
2025-04-12,Bengaluru,Technician,Extreme heat,Normal day,5,4,1,0,117
2025-09-28,Mumbai,Painter,Rain,Normal day,6,9,1,1,100
2024-04-25,Hyderabad,Plumber,Clear,Major event,3,4,0,0,108
2024-03-17,Bengaluru,Domestic Helper,Clear,Normal day,6,3,1,0,105
2025-05-20,Hyderabad,Technician,Extreme heat,Normal day,1,5,0,0,105
2023-12-14,Delhi,Caregiver,Clear,Normal day,3,12,0,0,80
2025-12-06,Hyderabad,Painter,Rain,Normal day,5,12,1,0,106
2023-06-05,Mumbai,Plumber,Clear,Normal day,0,6,0,0,102
2024-01-07,Mumbai,Carpenter,Clear,Normal day,6,1,1,0,97
2025-05-17,Hyderabad,Electrician,Extreme heat,Normal day,5,5,1,0,121
2025-03-14,Hyderabad,Electrician,Clear,Normal day,4,3,0,0,109
2025-01-05,Hyderabad,Domestic Helper,Clear,Normal day,6,1,1,0,79
2025-01-28,Mumbai,Plumber,Extreme heat,Normal day,1,1,0,1,134
2025-10-26,Bengaluru,Electrician,Clear,Holiday,6,10,1,1,135
2023-05-24,Mumbai,Technician,Clear,Normal day,2,5,0,0,119
2024-07-05,Mumbai,Carpenter,Rain,Normal day,4,7,0,0,134
2023-07-16,Bengaluru,Carpenter,Rain,Normal day,6,7,1,0,112
2024-01-16,Mumbai,Electrician,Clear,Normal day,1,1,0,0,97
2024-11-13,Bengaluru,Painter,Clear,Normal day,2,11,0,0,79
2023-01-04,Hyderabad,Technician,Clear,Normal day,2,1,0,0,87
2025-05-25,Mumbai,Technician,Extreme heat,Normal day,6,5,1,0,143
2025-03-12,Delhi,Carpenter,Clear,Normal day,2,3,0,0,81
2025-03-30,Delhi,Plumber,Clear,Normal day,6,3,1,1,108
2024-04-01,Delhi,Plumber,Clear,Normal day,0,4,0,0,97
2023-12-25,Bengaluru,Electrician,Clear,Normal day,0,12,0,0,87
2024-09-06,Hyderabad,Painter,Clear,Normal day,4,9,0,0,80
2023-05-22,Delhi,Domestic Helper,Rain,Normal day,0,5,0,0,109
2025-07-08,Hyderabad,Electrician,Clear,Normal day,1,7,0,0,99
2025-09-10,Bengaluru,Carpenter,Clear,Normal day,2,9,0,0,92
2023-09-15,Delhi,Domestic Helper,Clear,Holiday,4,9,0,0,117
2024-06-28,Mumbai,Carpenter,Clear,Normal day,4,6,0,1,94
2024-01-31,Hyderabad,Technician,Clear,Normal day,2,1,0,1,82
2024-04-16,Hyderabad,Domestic Helper,Clear,Normal day,1,4,0,0,88
2024-09-07,Delhi,Caregiver,Clear,Normal day,5,9,1,0,86
2023-08-28,Bengaluru,Caregiver,Clear,Normal day,0,8,0,1,88
2023-09-28,Hyderabad,Technician,Clear,Normal day,3,9,0,1,78
2023-10-13,Bengaluru,Painter,Clear,Normal day,4,10,0,0,70
2024-07-16,Mumbai,Technician,Extreme heat,Normal day,1,7,0,0,120
2023-10-15,Bengaluru,Electrician,Clear,Holiday,6,10,1,0,126
2025-07-04,Delhi,Plumber,Rain,Normal day,4,7,0,0,150
2024-11-29,Bengaluru,Painter,Clear,Normal day,4,11,0,1,99
2023-12-14,Bengaluru,Domestic Helper,Clear,Normal day,3,12,0,0,104
2025-09-10,Mumbai,Technician,Clear,Normal day,2,9,0,0,86
2023-02-07,Mumbai,Domestic Helper,Clear,Normal day,1,2,0,0,89
2025-10-31,Mumbai,Domestic Helper,Clear,Normal day,4,10,0,1,130
2023-03-25,Bengaluru,Carpenter,Rain,Normal day,5,3,1,0,116
2025-01-22,Delhi,Carpenter,Clear,Normal day,2,1,0,0,75
2025-06-09,Bengaluru,Caregiver,Rain,Normal day,0,6,0,0,98
2023-03-12,Mumbai,Electrician,Clear,Normal day,6,3,1,0,121
2023-03-05,Bengaluru,Technician,Extreme heat,Normal day,6,3,1,0,87
2024-07-07,Hyderabad,Domestic Helper,Clear,Normal day,6,7,1,0,112
2024-02-15,Bengaluru,Technician,Rain,Normal day,3,2,0,0,106
2024-05-07,Hyderabad,Electrician,Extreme heat,Normal day,1,5,0,0,102
2024-02-06,Mumbai,Electrician,Clear,Holiday,1,2,0,0,116
2024-12-05,Delhi,Domestic Helper,Clear,Normal day,3,12,0,0,108
2023-09-24,Bengaluru,Technician,Rain,Normal day,6,9,1,0,107
2023-08-09,Hyderabad,Technician,Extreme heat,Normal day,2,8,0,0,92
2023-04-07,Bengaluru,Plumber,Clear,Holiday,4,4,0,0,130
2025-05-02,Delhi,Caregiver,Rain,Major event,4,5,0,0,144
2025-01-24,Delhi,Domestic Helper,Clear,Normal day,4,1,0,0,87
2023-02-21,Bengaluru,Electrician,Clear,Normal day,1,2,0,0,91
2023-08-08,Bengaluru,Carpenter,Rain,Normal day,1,8,0,0,94
2024-03-19,Hyderabad,Electrician,Clear,Normal day,1,3,0,0,83
2024-09-05,Delhi,Caregiver,Rain,Normal day,3,9,0,0,127
2024-06-30,Hyderabad,Plumber,Clear,Major event,6,6,1,1,158
2025-04-27,Bengaluru,Electrician,Clear,Normal day,6,4,1,1,102
2023-03-01,Delhi,Plumber,Clear,Normal day,2,3,0,0,91
2025-06-03,Mumbai,Carpenter,Rain,Normal day,1,6,0,0,103
2023-02-05,Delhi,Domestic Helper,Clear,Normal day,6,2,1,0,85
2024-07-19,Delhi,Carpenter,Clear,Normal day,4,7,0,0,89
2025-04-08,Mumbai,Plumber,Extreme heat,Major event,1,4,0,0,171
2024-11-12,Hyderabad,Technician,Clear,Normal day,1,11,0,0,82
2024-08-15,Bengaluru,Electrician,Rain,Normal day,3,8,0,0,118
2025-01-26,Mumbai,Domestic Helper,Clear,Major event,6,1,1,1,138
2025-11-16,Bengaluru,Caregiver,Clear,Normal day,6,11,1,0,71
2025-10-16,Hyderabad,Caregiver,Clear,Normal day,3,10,0,0,81
2025-01-07,Mumbai,Electrician,Extreme heat,Normal day,1,1,0,0,106
2024-11-11,Hyderabad,Domestic Helper,Rain,Holiday,0,11,0,0,147
2024-01-23,Delhi,Plumber,Clear,Major event,1,1,0,0,139
2025-11-20,Mumbai,Carpenter,Clear,Normal day,3,11,0,0,113
2024-10-26,Hyderabad,Domestic Helper,Clear,Normal day,5,10,1,1,111
2023-04-03,Mumbai,Painter,Clear,Normal day,0,4,0,0,71
2024-02-27,Bengaluru,Plumber,Clear,Normal day,1,2,0,1,79
2025-04-18,Delhi,Domestic Helper,Clear,Normal day,4,4,0,0,101
2025-07-24,Delhi,Domestic Helper,Rain,Normal day,3,7,0,0,133
2024-01-22,Delhi,Electrician,Clear,Normal day,0,1,0,0,107
2023-08-29,Delhi,Electrician,Clear,Normal day,1,8,0,1,98
2023-07-26,Mumbai,Caregiver,Rain,Normal day,2,7,0,1,126
2025-10-09,Bengaluru,Electrician,Clear,Normal day,3,10,0,0,101
2025-01-02,Delhi,Caregiver,Clear,Normal day,3,1,0,0,67
2023-10-04,Mumbai,Caregiver,Clear,Normal day,2,10,0,0,101
2023-01-18,Delhi,Caregiver,Clear,Normal day,2,1,0,0,60
2024-05-24,Hyderabad,Plumber,Clear,Normal day,4,5,0,0,84
2023-06-10,Delhi,Carpenter,Clear,Normal day,5,6,1,0,106
2025-07-01,Bengaluru,Electrician,Rain,Holiday,1,7,0,0,139
2024-01-26,Mumbai,Electrician,Clear,Normal day,4,1,0,1,119
2023-08-09,Hyderabad,Technician,Clear,Holiday,2,8,0,0,110
2024-09-22,Mumbai,Plumber,Clear,Normal day,6,9,1,0,121
2025-04-11,Delhi,Technician,Clear,Normal day,4,4,0,0,109
2023-06-06,Mumbai,Electrician,Clear,Normal day,1,6,0,0,115
2024-09-03,Bengaluru,Caregiver,Rain,Holiday,1,9,0,0,108
2023-06-07,Bengaluru,Plumber,Rain,Normal day,2,6,0,0,117
2023-02-16,Bengaluru,Painter,Clear,Normal day,3,2,0,0,77
2024-11-21,Delhi,Caregiver,Extreme heat,Normal day,3,11,0,0,98
2024-05-18,Mumbai,Plumber,Clear,Normal day,5,5,1,0,138
2024-01-29,Hyderabad,Domestic Helper,Clear,Normal day,0,1,0,1,97
2024-09-21,Delhi,Painter,Rain,Normal day,5,9,1,0,135
2025-10-31,Bengaluru,Caregiver,Clear,Normal day,4,10,0,1,105
2023-04-25,Delhi,Plumber,Clear,Normal day,1,4,0,0,117
2023-01-28,Delhi,Caregiver,Clear,Major event,5,1,1,1,130
2024-07-07,Mumbai,Domestic Helper,Rain,Normal day,6,7,1,0,165
2024-04-18,Hyderabad,Plumber,Clear,Normal day,3,4,0,0,100
2024-01-02,Bengaluru,Electrician,Clear,Normal day,1,1,0,0,100
2025-08-14,Delhi,Electrician,Extreme heat,Normal day,3,8,0,0,139
2025-02-02,Bengaluru,Carpenter,Clear,Normal day,6,2,1,0,97
2025-11-08,Bengaluru,Carpenter,Clear,Holiday,5,11,1,0,113
2024-09-30,Delhi,Caregiver,Extreme heat,Normal day,0,9,0,1,104
2025-05-18,Delhi,Plumber,Extreme heat,Normal day,6,5,1,0,116
2023-07-16,Hyderabad,Plumber,Clear,Normal day,6,7,1,0,96
2024-06-25,Hyderabad,Caregiver,Rain,Normal day,1,6,0,0,113
2023-05-03,Mumbai,Electrician,Extreme heat,Normal day,2,5,0,0,115
2025-07-28,Mumbai,Painter,Clear,Holiday,0,7,0,1,80
2024-05-14,Delhi,Plumber,Clear,Normal day,1,5,0,0,110
2025-10-01,Bengaluru,Plumber,Clear,Normal day,2,10,0,0,77
2025-02-16,Mumbai,Caregiver,Clear,Holiday,6,2,1,0,125
2023-05-04,Mumbai,Carpenter,Extreme heat,Normal day,3,5,0,0,114
2023-02-01,Bengaluru,Electrician,Clear,Normal day,2,2,0,0,82
2024-09-11,Delhi,Plumber,Clear,Normal day,2,9,0,0,112
2025-09-06,Bengaluru,Technician,Clear,Normal day,5,9,1,0,103
2023-10-10,Mumbai,Painter,Extreme heat,Major event,1,10,0,0,143
2023-09-17,Hyderabad,Electrician,Rain,Normal day,6,9,1,0,126
2025-03-29,Hyderabad,Domestic Helper,Clear,Normal day,5,3,1,1,99
2025-07-10,Mumbai,Carpenter,Clear,Normal day,3,7,0,0,92
2024-09-18,Bengaluru,Electrician,Clear,Major event,2,9,0,0,129
2025-07-06,Hyderabad,Technician,Clear,Normal day,6,7,1,0,112
2025-07-14,Mumbai,Caregiver,Clear,Normal day,0,7,0,0,108
2024-03-21,Hyderabad,Domestic Helper,Clear,Holiday,3,3,0,0,103
2023-08-20,Bengaluru,Domestic Helper,Rain,Normal day,6,8,1,0,142
2023-04-08,Delhi,Caregiver,Clear,Holiday,5,4,1,0,105
2023-05-16,Mumbai,Technician,Extreme heat,Normal day,1,5,0,0,104
2023-01-17,Delhi,Plumber,Clear,Normal day,1,1,0,0,93
2024-04-02,Mumbai,Caregiver,Extreme heat,Normal day,1,4,0,0,111
2023-06-25,Delhi,Plumber,Clear,Normal day,6,6,1,0,107
2023-06-02,Hyderabad,Painter,Rain,Normal day,4,6,0,0,94
2025-08-23,Delhi,Caregiver,Clear,Normal day,5,8,1,0,126
2025-09-23,Bengaluru,Painter,Clear,Normal day,1,9,0,0,86
2025-12-15,Delhi,Electrician,Clear,Holiday,0,12,0,0,115
2025-10-08,Hyderabad,Plumber,Clear,Holiday,2,10,0,0,102
2024-02-08,Hyderabad,Electrician,Clear,Normal day,3,2,0,0,75
2025-11-22,Hyderabad,Electrician,Clear,Normal day,5,11,1,0,84
2024-03-06,Hyderabad,Technician,Clear,Normal day,2,3,0,0,69
2024-11-25,Delhi,Caregiver,Clear,Normal day,0,11,0,0,82
2024-02-27,Hyderabad,Electrician,Clear,Normal day,1,2,0,1,100
2025-10-14,Delhi,Technician,Clear,Normal day,1,10,0,0,87
2025-01-01,Hyderabad,Caregiver,Clear,Normal day,2,1,0,0,77
2025-10-16,Delhi,Caregiver,Clear,Holiday,3,10,0,0,119
2023-11-16,Hyderabad,Technician,Clear,Normal day,3,11,0,0,87
2024-06-07,Mumbai,Carpenter,Clear,Normal day,4,6,0,0,99
2024-02-24,Hyderabad,Painter,Clear,Holiday,5,2,1,0,86
2024-09-25,Hyderabad,Technician,Extreme heat,Normal day,2,9,0,0,114
2023-09-02,Bengaluru,Painter,Clear,Normal day,5,9,1,0,79
2025-09-30,Hyderabad,Caregiver,Clear,Normal day,1,9,0,1,86
2025-08-07,Delhi,Domestic Helper,Clear,Normal day,3,8,0,0,101
2024-08-20,Delhi,Caregiver,Clear,Normal day,1,8,0,0,74
2024-05-11,Bengaluru,Caregiver,Clear,Normal day,5,5,1,0,98
2025-11-30,Bengaluru,Carpenter,Clear,Normal day,6,11,1,1,100
2024-08-06,Bengaluru,Technician,Clear,Normal day,1,8,0,0,101
2024-12-21,Delhi,Caregiver,Clear,Normal day,5,12,1,0,92
2023-03-03,Hyderabad,Domestic Helper,Clear,Holiday,4,3,0,0,107
2025-06-24,Bengaluru,Technician,Clear,Normal day,1,6,0,0,81
2024-11-21,Mumbai,Electrician,Extreme heat,Holiday,3,11,0,0,159
2024-02-06,Bengaluru,Technician,Rain,Holiday,1,2,0,0,124
2025-08-22,Mumbai,Carpenter,Rain,Holiday,4,8,0,0,151
2024-01-11,Delhi,Painter,Clear,Holiday,3,1,0,0,79
2023-04-18,Delhi,Carpenter,Clear,Normal day,1,4,0,0,109
2023-11-29,Delhi,Technician,Clear,Normal day,2,11,0,1,107
2024-08-14,Delhi,Painter,Clear,Normal day,2,8,0,0,87
2025-04-06,Delhi,Plumber,Extreme heat,Normal day,6,4,1,0,134
2024-03-18,Hyderabad,Carpenter,Clear,Normal day,0,3,0,0,93
2023-11-12,Bengaluru,Plumber,Clear,Normal day,6,11,1,0,125
2023-01-08,Hyderabad,Carpenter,Rain,Normal day,6,1,1,0,94
2025-07-26,Mumbai,Painter,Clear,Normal day,5,7,1,1,129
2023-08-07,Delhi,Domestic Helper,Rain,Holiday,0,8,0,0,150
2025-04-22,Hyderabad,Plumber,Clear,Normal day,1,4,0,0,98
2023-04-23,Mumbai,Plumber,Extreme heat,Normal day,6,4,1,0,133
2024-12-02,Hyderabad,Caregiver,Clear,Normal day,0,12,0,0,74
2024-01-03,Bengaluru,Carpenter,Clear,Normal day,2,1,0,0,68
2024-12-12,Bengaluru,Painter,Rain,Normal day,3,12,0,0,102
2023-08-21,Delhi,Domestic Helper,Rain,Normal day,0,8,0,0,137
2024-12-20,Mumbai,Plumber,Clear,Normal day,4,12,0,0,155
2024-06-25,Bengaluru,Electrician,Rain,Major event,1,6,0,0,169
2023-03-10,Mumbai,Electrician,Clear,Normal day,4,3,0,0,105
2025-04-07,Bengaluru,Carpenter,Clear,Normal day,0,4,0,0,77
2023-10-22,Mumbai,Plumber,Clear,Normal day,6,10,1,0,126
2025-08-12,Delhi,Electrician,Rain,Normal day,1,8,0,0,104
2024-01-02,Hyderabad,Electrician,Clear,Normal day,1,1,0,0,80
2024-04-24,Bengaluru,Carpenter,Extreme heat,Normal day,2,4,0,0,97
2023-12-31,Mumbai,Electrician,Clear,Holiday,6,12,1,1,148
2024-08-10,Mumbai,Electrician,Rain,Holiday,5,8,1,0,220
2025-07-21,Hyderabad,Plumber,Clear,Normal day,0,7,0,0,100
2024-06-03,Delhi,Domestic Helper,Rain,Normal day,0,6,0,0,127
2025-09-23,Delhi,Plumber,Rain,Normal day,1,9,0,0,116
2023-06-18,Hyderabad,Technician,Clear,Normal day,6,6,1,0,81
2025-08-22,Hyderabad,Plumber,Rain,Normal day,4,8,0,0,114
2025-11-22,Bengaluru,Electrician,Clear,Normal day,5,11,1,0,117
2023-03-09,Delhi,Plumber,Clear,Normal day,3,3,0,0,87
2024-03-01,Mumbai,Carpenter,Rain,Normal day,4,3,0,0,135
2024-03-06,Hyderabad,Painter,Clear,Normal day,2,3,0,0,64
2025-12-09,Bengaluru,Painter,Clear,Normal day,1,12,0,0,69
2024-06-24,Delhi,Domestic Helper,Rain,Normal day,0,6,0,0,98
2024-05-27,Hyderabad,Electrician,Clear,Holiday,0,5,0,1,105
2023-12-13,Hyderabad,Electrician,Clear,Normal day,2,12,0,0,89
2024-10-27,Delhi,Plumber,Clear,Normal day,6,10,1,1,108
2025-08-18,Bengaluru,Plumber,Clear,Normal day,0,8,0,0,94
2025-02-19,Bengaluru,Caregiver,Clear,Normal day,2,2,0,0,83
2023-03-13,Delhi,Painter,Clear,Holiday,0,3,0,0,83
2023-11-01,Hyderabad,Caregiver,Clear,Normal day,2,11,0,0,68
2025-01-21,Delhi,Carpenter,Clear,Normal day,1,1,0,0,88
2024-06-27,Mumbai,Painter,Rain,Major event,3,6,0,1,140
2025-04-28,Hyderabad,Electrician,Clear,Normal day,0,4,0,1,93
2025-04-26,Mumbai,Plumber,Extreme heat,Normal day,5,4,1,1,178
2024-07-15,Hyderabad,Caregiver,Clear,Normal day,0,7,0,0,57
2025-03-24,Bengaluru,Carpenter,Clear,Normal day,0,3,0,0,90
2025-01-01,Bengaluru,Electrician,Clear,Major event,2,1,0,0,119
2025-04-08,Delhi,Technician,Clear,Normal day,1,4,0,0,104
2024-01-17,Hyderabad,Painter,Clear,Normal day,2,1,0,0,64
2023-06-07,Hyderabad,Domestic Helper,Clear,Normal day,2,6,0,0,78
2023-12-17,Hyderabad,Plumber,Clear,Normal day,6,12,1,0,118
2025-04-10,Delhi,Plumber,Extreme heat,Normal day,3,4,0,0,114
2023-10-18,Delhi,Plumber,Clear,Holiday,2,10,0,0,125
2025-06-26,Delhi,Technician,Rain,Normal day,3,6,0,1,117
2025-03-10,Bengaluru,Painter,Clear,Normal day,0,3,0,0,85
2023-11-28,Mumbai,Caregiver,Clear,Normal day,1,11,0,1,96
2025-01-15,Mumbai,Painter,Clear,Normal day,2,1,0,0,68
2024-03-18,Mumbai,Caregiver,Clear,Normal day,0,3,0,0,98
2024-02-03,Hyderabad,Domestic Helper,Clear,Normal day,5,2,1,0,113
2023-08-19,Delhi,Technician,Rain,Holiday,5,8,1,0,157
2025-03-07,Hyderabad,Domestic Helper,Clear,Normal day,4,3,0,0,100
2023-02-18,Bengaluru,Painter,Clear,Normal day,5,2,1,0,89
2024-05-03,Bengaluru,Electrician,Clear,Normal day,4,5,0,0,80
2025-09-19,Delhi,Electrician,Rain,Normal day,4,9,0,0,134
2023-02-02,Delhi,Painter,Rain,Normal day,3,2,0,0,80
2023-03-15,Mumbai,Plumber,Clear,Holiday,2,3,0,0,128
2023-10-18,Bengaluru,Plumber,Clear,Normal day,2,10,0,0,122
2023-12-28,Hyderabad,Technician,Clear,Normal day,3,12,0,1,106
2023-10-22,Hyderabad,Caregiver,Clear,Normal day,6,10,1,0,111
2024-11-02,Delhi,Plumber,Clear,Normal day,5,11,1,0,122
2023-09-15,Mumbai,Caregiver,Rain,Normal day,4,9,0,0,114
2025-03-20,Mumbai,Plumber,Clear,Major event,3,3,0,0,130
2025-08-23,Mumbai,Technician,Rain,Holiday,5,8,1,0,182
2024-12-08,Bengaluru,Caregiver,Rain,Normal day,6,12,1,0,119
2023-06-04,Bengaluru,Domestic Helper,Rain,Normal day,6,6,1,0,114
2023-03-05,Bengaluru,Carpenter,Clear,Normal day,6,3,1,0,93
2025-03-17,Mumbai,Painter,Clear,Normal day,0,3,0,0,77
2024-09-10,Delhi,Technician,Clear,Normal day,1,9,0,0,97
2024-06-14,Mumbai,Painter,Rain,Normal day,4,6,0,0,103
2025-09-18,Mumbai,Plumber,Rain,Holiday,3,9,0,0,209
2024-10-07,Delhi,Plumber,Clear,Holiday,0,10,0,0,127
2023-07-17,Hyderabad,Domestic Helper,Rain,Normal day,0,7,0,0,116
2024-01-16,Hyderabad,Carpenter,Clear,Holiday,1,1,0,0,74
2025-03-19,Delhi,Technician,Clear,Normal day,2,3,0,0,78
2023-05-21,Hyderabad,Electrician,Clear,Normal day,6,5,1,0,148
2024-08-29,Delhi,Electrician,Clear,Normal day,3,8,0,1,123
2025-05-22,Bengaluru,Caregiver,Extreme heat,Normal day,3,5,0,0,94
2024-10-24,Mumbai,Caregiver,Clear,Normal day,3,10,0,0,108
2024-09-16,Hyderabad,Electrician,Extreme heat,Holiday,0,9,0,0,114
2023-06-25,Mumbai,Plumber,Rain,Normal day,6,6,1,0,169
2024-01-31,Bengaluru,Domestic Helper,Clear,Normal day,2,1,0,1,125
2025-03-29,Delhi,Carpenter,Rain,Normal day,5,3,1,1,116
2024-03-21,Hyderabad,Domestic Helper,Clear,Normal day,3,3,0,0,63
2024-11-27,Bengaluru,Painter,Clear,Normal day,2,11,0,1,80
2025-05-11,Delhi,Carpenter,Extreme heat,Normal day,6,5,1,0,124
2023-06-04,Hyderabad,Technician,Clear,Normal day,6,6,1,0,104
2023-05-06,Mumbai,Plumber,Clear,Normal day,5,5,1,0,112
2024-09-19,Delhi,Caregiver,Clear,Normal day,3,9,0,0,77
2025-07-11,Bengaluru,Caregiver,Clear,Normal day,4,7,0,0,79
2024-05-30,Mumbai,Carpenter,Extreme heat,Normal day,3,5,0,1,113
2023-11-15,Hyderabad,Plumber,Clear,Normal day,2,11,0,0,105
2024-07-10,Delhi,Plumber,Clear,Holiday,2,7,0,0,148
2024-01-16,Delhi,Plumber,Extreme heat,Holiday,1,1,0,0,116
2025-09-09,Mumbai,Domestic Helper,Clear,Normal day,1,9,0,0,86
2023-02-27,Mumbai,Carpenter,Clear,Holiday,0,2,0,1,104
2024-10-31,Bengaluru,Electrician,Clear,Normal day,3,10,0,1,110
2025-01-18,Mumbai,Caregiver,Clear,Major event,5,1,1,0,119
2024-02-26,Mumbai,Plumber,Clear,Major event,0,2,0,1,137
2024-10-05,Mumbai,Caregiver,Extreme heat,Holiday,5,10,1,0,143
2024-03-21,Delhi,Caregiver,Clear,Normal day,3,3,0,0,97
2024-08-26,Mumbai,Electrician,Rain,Normal day,0,8,0,1,126
2023-05-13,Hyderabad,Plumber,Extreme heat,Normal day,5,5,1,0,109
2024-12-14,Delhi,Painter,Clear,Normal day,5,12,1,0,102
2024-06-17,Mumbai,Plumber,Rain,Normal day,0,6,0,0,142
2023-12-07,Delhi,Carpenter,Clear,Normal day,3,12,0,0,91
2023-10-16,Mumbai,Electrician,Clear,Normal day,0,10,0,0,120
2024-06-05,Delhi,Technician,Rain,Holiday,2,6,0,0,141
2025-11-15,Delhi,Carpenter,Clear,Normal day,5,11,1,0,129
2025-05-05,Bengaluru,Technician,Rain,Normal day,0,5,0,0,97
2023-06-24,Hyderabad,Caregiver,Clear,Normal day,5,6,1,0,90
2024-02-05,Bengaluru,Carpenter,Clear,Normal day,0,2,0,0,80
2024-11-24,Bengaluru,Plumber,Clear,Normal day,6,11,1,0,88
2025-06-07,Bengaluru,Technician,Clear,Normal day,5,6,1,0,109
2024-08-18,Hyderabad,Electrician,Clear,Normal day,6,8,1,0,107
2023-01-23,Delhi,Carpenter,Clear,Normal day,0,1,0,0,91
2023-02-10,Hyderabad,Technician,Clear,Normal day,4,2,0,0,95
2024-04-30,Hyderabad,Painter,Clear,Normal day,1,4,0,1,81
2024-06-15,Hyderabad,Electrician,Clear,Normal day,5,6,1,0,116
2025-02-06,Mumbai,Technician,Clear,Holiday,3,2,0,0,110
2025-12-18,Delhi,Technician,Clear,Normal day,3,12,0,0,92
2025-07-12,Mumbai,Domestic Helper,Clear,Normal day,5,7,1,0,128
2023-04-18,Delhi,Electrician,Rain,Normal day,1,4,0,0,118
2024-02-05,Bengaluru,Domestic Helper,Clear,Holiday,0,2,0,0,98
2025-02-11,Hyderabad,Domestic Helper,Rain,Normal day,1,2,0,0,103
2024-10-04,Hyderabad,Caregiver,Clear,Normal day,4,10,0,0,89
2023-01-30,Bengaluru,Domestic Helper,Clear,Normal day,0,1,0,1,104
2024-12-06,Mumbai,Electrician,Clear,Normal day,4,12,0,0,121
2023-01-03,Delhi,Painter,Clear,Normal day,1,1,0,0,66
2024-08-27,Mumbai,Domestic Helper,Rain,Normal day,1,8,0,1,133
2024-07-10,Bengaluru,Plumber,Rain,Normal day,2,7,0,0,123
2025-02-14,Hyderabad,Carpenter,Clear,Normal day,4,2,0,0,68
2023-04-28,Delhi,Electrician,Clear,Normal day,4,4,0,1,100
2023-05-07,Delhi,Painter,Clear,Normal day,6,5,1,0,80
2023-04-26,Mumbai,Domestic Helper,Clear,Normal day,2,4,0,1,117
2025-11-04,Mumbai,Plumber,Clear,Normal day,1,11,0,0,115
2025-05-25,Hyderabad,Domestic Helper,Clear,Normal day,6,5,1,0,97
2024-09-24,Mumbai,Carpenter,Rain,Normal day,1,9,0,0,100
2025-01-17,Bengaluru,Technician,Clear,Normal day,4,1,0,0,74
2025-08-12,Hyderabad,Plumber,Rain,Normal day,1,8,0,0,117
2025-03-13,Mumbai,Plumber,Clear,Normal day,3,3,0,0,115
2024-07-06,Mumbai,Painter,Rain,Normal day,5,7,1,0,127
2025-04-09,Mumbai,Domestic Helper,Clear,Holiday,2,4,0,0,110
2023-08-26,Hyderabad,Carpenter,Rain,Normal day,5,8,1,1,115
2024-12-02,Delhi,Carpenter,Extreme heat,Normal day,0,12,0,0,93
2025-01-26,Bengaluru,Painter,Clear,Normal day,6,1,1,1,82
2024-11-20,Mumbai,Domestic Helper,Clear,Normal day,2,11,0,0,99
2023-05-06,Hyderabad,Caregiver,Clear,Normal day,5,5,1,0,75
2024-07-20,Bengaluru,Painter,Rain,Normal day,5,7,1,0,125
2024-09-04,Mumbai,Electrician,Clear,Normal day,2,9,0,0,84
2023-09-01,Delhi,Plumber,Rain,Normal day,4,9,0,0,147
2024-09-26,Bengaluru,Domestic Helper,Clear,Normal day,3,9,0,1,120
2023-10-29,Delhi,Plumber,Clear,Normal day,6,10,1,1,115
2025-10-09,Delhi,Electrician,Clear,Normal day,3,10,0,0,108
2025-01-27,Mumbai,Caregiver,Clear,Normal day,0,1,0,1,97
2025-08-10,Bengaluru,Plumber,Clear,Normal day,6,8,1,0,116
2025-06-01,Hyderabad,Technician,Rain,Normal day,6,6,1,0,118
2025-07-16,Hyderabad,Domestic Helper,Rain,Normal day,2,7,0,0,101
2023-06-07,Bengaluru,Domestic Helper,Clear,Normal day,2,6,0,0,105
2024-12-25,Bengaluru,Domestic Helper,Rain,Major event,2,12,0,0,130
2023-12-14,Mumbai,Carpenter,Extreme heat,Normal day,3,12,0,0,131
2025-01-12,Bengaluru,Carpenter,Clear,Normal day,6,1,1,0,92
2025-10-19,Bengaluru,Domestic Helper,Clear,Holiday,6,10,1,0,127
2023-04-18,Mumbai,Technician,Clear,Normal day,1,4,0,0,90
2024-03-07,Bengaluru,Electrician,Clear,Normal day,3,3,0,0,89
2023-04-02,Bengaluru,Technician,Extreme heat,Normal day,6,4,1,0,116
2024-06-09,Hyderabad,Plumber,Rain,Holiday,6,6,1,0,159
2024-12-12,Delhi,Carpenter,Clear,Normal day,3,12,0,0,87
2024-01-20,Bengaluru,Carpenter,Clear,Normal day,5,1,1,0,93
2024-12-07,Hyderabad,Caregiver,Clear,Normal day,5,12,1,0,106
2024-08-02,Delhi,Plumber,Rain,Normal day,4,8,0,0,152
2024-03-07,Mumbai,Technician,Rain,Normal day,3,3,0,0,114
2024-09-21,Hyderabad,Carpenter,Clear,Normal day,5,9,1,0,86
2024-02-29,Delhi,Domestic Helper,Clear,Holiday,3,2,0,1,110
2023-10-10,Delhi,Electrician,Clear,Holiday,1,10,0,0,128
2023-04-11,Hyderabad,Caregiver,Extreme heat,Normal day,1,4,0,0,87
2024-06-22,Bengaluru,Plumber,Clear,Normal day,5,6,1,0,99
2024-05-12,Delhi,Electrician,Extreme heat,Normal day,6,5,1,0,119
2024-02-03,Mumbai,Carpenter,Clear,Normal day,5,2,1,0,103
2023-03-28,Hyderabad,Electrician,Clear,Normal day,1,3,0,1,88
2023-07-24,Mumbai,Electrician,Rain,Normal day,0,7,0,0,137
2025-06-07,Mumbai,Domestic Helper,Clear,Normal day,5,6,1,0,134
2025-12-17,Hyderabad,Painter,Extreme heat,Normal day,2,12,0,0,82
2023-08-21,Bengaluru,Caregiver,Rain,Major event,0,8,0,0,127
2023-05-05,Mumbai,Technician,Clear,Normal day,4,5,0,0,100
2024-05-08,Hyderabad,Domestic Helper,Extreme heat,Normal day,2,5,0,0,100
2023-10-15,Delhi,Painter,Clear,Normal day,6,10,1,0,81
2025-01-02,Hyderabad,Carpenter,Clear,Holiday,3,1,0,0,84
2023-05-23,Mumbai,Carpenter,Clear,Normal day,1,5,0,0,106
2024-01-14,Hyderabad,Plumber,Clear,Normal day,6,1,1,0,98
2025-03-14,Mumbai,Carpenter,Clear,Normal day,4,3,0,0,86
2024-04-19,Delhi,Domestic Helper,Clear,Normal day,4,4,0,0,104
2025-08-30,Delhi,Domestic Helper,Clear,Normal day,5,8,1,1,137
2023-04-01,Bengaluru,Caregiver,Clear,Normal day,5,4,1,0,84
2025-09-08,Mumbai,Domestic Helper,Rain,Normal day,0,9,0,0,112
2024-11-27,Mumbai,Domestic Helper,Extreme heat,Normal day,2,11,0,1,124
2023-07-03,Bengaluru,Painter,Rain,Normal day,0,7,0,0,97
2024-03-26,Mumbai,Domestic Helper,Clear,Normal day,1,3,0,1,106
2024-10-17,Mumbai,Technician,Clear,Normal day,3,10,0,0,101
2023-12-31,Delhi,Domestic Helper,Clear,Normal day,6,12,1,1,129
2023-12-17,Mumbai,Domestic Helper,Clear,Normal day,6,12,1,0,109
2024-11-09,Mumbai,Electrician,Clear,Normal day,5,11,1,0,148
2023-08-18,Delhi,Caregiver,Clear,Normal day,4,8,0,0,103
2024-09-26,Hyderabad,Domestic Helper,Clear,Normal day,3,9,0,1,114
2023-04-27,Delhi,Electrician,Extreme heat,Normal day,3,4,0,1,123
2025-08-12,Bengaluru,Plumber,Rain,Holiday,1,8,0,0,147
2025-07-14,Hyderabad,Carpenter,Rain,Holiday,0,7,0,0,121
2024-12-06,Delhi,Caregiver,Rain,Normal day,4,12,0,0,115
2025-12-20,Mumbai,Domestic Helper,Clear,Normal day,5,12,1,0,119
2024-03-03,Mumbai,Electrician,Clear,Holiday,6,3,1,0,138
2023-04-17,Mumbai,Caregiver,Clear,Normal day,0,4,0,0,79
2023-05-19,Bengaluru,Plumber,Extreme heat,Normal day,4,5,0,0,118
2025-07-18,Mumbai,Domestic Helper,Clear,Normal day,4,7,0,0,119
2024-10-31,Delhi,Electrician,Clear,Normal day,3,10,0,1,123
2023-04-25,Bengaluru,Painter,Extreme heat,Normal day,1,4,0,0,91
2024-03-09,Mumbai,Caregiver,Clear,Normal day,5,3,1,0,93
2024-12-15,Bengaluru,Painter,Clear,Normal day,6,12,1,0,91
2025-12-26,Mumbai,Electrician,Rain,Normal day,4,12,0,1,155
2025-05-05,Mumbai,Electrician,Extreme heat,Normal day,0,5,0,0,124
2025-01-16,Delhi,Domestic Helper,Clear,Normal day,3,1,0,0,88
2025-01-22,Hyderabad,Carpenter,Clear,Holiday,2,1,0,0,100
2023-12-17,Delhi,Technician,Clear,Normal day,6,12,1,0,100
2024-09-14,Delhi,Electrician,Rain,Normal day,5,9,1,0,130
2024-03-02,Hyderabad,Painter,Clear,Normal day,5,3,1,0,62
2023-12-26,Delhi,Painter,Rain,Normal day,1,12,0,1,90
2024-12-25,Hyderabad,Carpenter,Extreme heat,Normal day,2,12,0,0,74
2025-01-03,Delhi,Caregiver,Clear,Normal day,4,1,0,0,69
2024-10-20,Bengaluru,Domestic Helper,Clear,Normal day,6,10,1,0,118
2023-04-18,Hyderabad,Painter,Rain,Normal day,1,4,0,0,75
2025-04-26,Delhi,Technician,Clear,Holiday,5,4,1,1,120
2023-01-11,Delhi,Domestic Helper,Clear,Normal day,2,1,0,0,106
2024-11-09,Hyderabad,Domestic Helper,Clear,Normal day,5,11,1,0,115
2023-12-06,Hyderabad,Carpenter,Clear,Normal day,2,12,0,0,73
2025-01-01,Bengaluru,Technician,Clear,Holiday,2,1,0,0,112
2024-09-05,Hyderabad,Painter,Rain,Normal day,3,9,0,0,76
2025-03-09,Mumbai,Domestic Helper,Clear,Normal day,6,3,1,0,107
2024-01-11,Delhi,Electrician,Clear,Holiday,3,1,0,0,119
2023-10-19,Hyderabad,Carpenter,Clear,Normal day,3,10,0,0,71
2023-11-30,Bengaluru,Caregiver,Clear,Holiday,3,11,0,1,113
2023-12-24,Bengaluru,Plumber,Clear,Normal day,6,12,1,0,141
2023-01-26,Mumbai,Domestic Helper,Clear,Normal day,3,1,0,1,97
2024-06-27,Hyderabad,Technician,Clear,Normal day,3,6,0,1,109
2024-05-13,Delhi,Caregiver,Clear,Normal day,0,5,0,0,101
2025-11-13,Hyderabad,Carpenter,Clear,Normal day,3,11,0,0,87
2023-07-07,Delhi,Caregiver,Clear,Normal day,4,7,0,0,86
2024-11-04,Delhi,Carpenter,Clear,Normal day,0,11,0,0,85
2024-05-07,Delhi,Plumber,Extreme heat,Normal day,1,5,0,0,111
2024-04-09,Delhi,Domestic Helper,Extreme heat,Normal day,1,4,0,0,92
2023-05-17,Hyderabad,Domestic Helper,Clear,Normal day,2,5,0,0,81
2024-11-26,Mumbai,Plumber,Clear,Normal day,1,11,0,1,102
2024-10-20,Bengaluru,Plumber,Extreme heat,Normal day,6,10,1,0,135
2023-04-01,Bengaluru,Domestic Helper,Clear,Normal day,5,4,1,0,125
2025-07-25,Mumbai,Technician,Clear,Holiday,4,7,0,0,129
2025-05-16,Mumbai,Plumber,Clear,Major event,4,5,0,0,141
2023-07-17,Bengaluru,Carpenter,Rain,Normal day,0,7,0,0,117
2024-10-21,Hyderabad,Caregiver,Clear,Normal day,0,10,0,0,88
2025-07-15,Delhi,Electrician,Clear,Normal day,1,7,0,0,122
2025-10-02,Delhi,Technician,Clear,Normal day,3,10,0,0,97
2024-08-18,Delhi,Domestic Helper,Rain,Holiday,6,8,1,0,165
2023-02-03,Delhi,Plumber,Clear,Normal day,4,2,0,0,104
2024-08-25,Bengaluru,Domestic Helper,Clear,Normal day,6,8,1,0,118
2025-04-13,Delhi,Carpenter,Rain,Normal day,6,4,1,0,125
2025-06-26,Mumbai,Carpenter,Clear,Normal day,3,6,0,1,112
2024-09-28,Bengaluru,Carpenter,Extreme heat,Normal day,5,9,1,1,121
2023-04-09,Mumbai,Painter,Clear,Normal day,6,4,1,0,92
2025-08-12,Bengaluru,Technician,Rain,Normal day,1,8,0,0,118
2025-02-15,Bengaluru,Technician,Clear,Holiday,5,2,1,0,114
2025-05-17,Delhi,Electrician,Clear,Normal day,5,5,1,0,128
2023-07-25,Mumbai,Technician,Rain,Normal day,1,7,0,0,119
2024-02-24,Hyderabad,Technician,Clear,Normal day,5,2,1,0,79
2025-01-07,Delhi,Domestic Helper,Extreme heat,Normal day,1,1,0,0,88
2023-05-07,Hyderabad,Domestic Helper,Extreme heat,Normal day,6,5,1,0,127
2023-10-07,Hyderabad,Domestic Helper,Clear,Holiday,5,10,1,0,111
2025-02-06,Hyderabad,Domestic Helper,Clear,Normal day,3,2,0,0,103
2023-02-28,Hyderabad,Electrician,Rain,Normal day,1,2,0,1,106
2025-10-15,Hyderabad,Electrician,Clear,Holiday,2,10,0,0,125
2024-04-06,Delhi,Technician,Clear,Normal day,5,4,1,0,100
2024-06-14,Delhi,Domestic Helper,Rain,Normal day,4,6,0,0,127
2023-08-13,Delhi,Technician,Rain,Normal day,6,8,1,0,129
2024-06-19,Mumbai,Domestic Helper,Clear,Normal day,2,6,0,0,96
2025-05-16,Mumbai,Plumber,Clear,Normal day,4,5,0,0,109
2025-11-14,Delhi,Domestic Helper,Clear,Normal day,4,11,0,0,90
2025-08-27,Hyderabad,Technician,Clear,Normal day,2,8,0,1,81
2023-07-01,Bengaluru,Electrician,Rain,Normal day,5,7,1,0,122
2025-08-27,Delhi,Caregiver,Rain,Normal day,2,8,0,1,114
2023-07-12,Delhi,Plumber,Clear,Holiday,2,7,0,0,108
2025-06-24,Bengaluru,Caregiver,Rain,Normal day,1,6,0,0,101
2023-07-21,Mumbai,Painter,Rain,Normal day,4,7,0,0,110
2025-05-02,Mumbai,Plumber,Extreme heat,Normal day,4,5,0,0,146
2023-03-25,Bengaluru,Plumber,Clear,Normal day,5,3,1,0,107
2023-04-14,Mumbai,Plumber,Extreme heat,Normal day,4,4,0,0,151
2025-11-29,Delhi,Caregiver,Clear,Normal day,5,11,1,1,123
2024-10-13,Bengaluru,Domestic Helper,Clear,Normal day,6,10,1,0,101
2023-07-20,Hyderabad,Carpenter,Rain,Normal day,3,7,0,0,110
2023-03-12,Delhi,Plumber,Clear,Normal day,6,3,1,0,116
2023-02-04,Bengaluru,Caregiver,Clear,Normal day,5,2,1,0,79
2025-11-12,Delhi,Plumber,Clear,Normal day,2,11,0,0,138
2025-10-18,Bengaluru,Caregiver,Clear,Normal day,5,10,1,0,124
2024-04-02,Bengaluru,Plumber,Clear,Normal day,1,4,0,0,108
2024-03-05,Delhi,Electrician,Clear,Normal day,1,3,0,0,93
2023-05-02,Delhi,Caregiver,Extreme heat,Normal day,1,5,0,0,89
2024-11-11,Bengaluru,Painter,Clear,Normal day,0,11,0,0,76
2024-12-12,Bengaluru,Plumber,Clear,Holiday,3,12,0,0,112
2023-11-29,Bengaluru,Electrician,Clear,Normal day,2,11,0,1,99
2023-11-16,Hyderabad,Domestic Helper,Clear,Normal day,3,11,0,0,96
2024-08-12,Hyderabad,Plumber,Clear,Normal day,0,8,0,0,90
2025-07-14,Bengaluru,Caregiver,Clear,Normal day,0,7,0,0,91
2025-11-18,Mumbai,Electrician,Clear,Normal day,1,11,0,0,105
2025-07-25,Hyderabad,Painter,Clear,Normal day,4,7,0,0,92
2024-11-22,Mumbai,Painter,Clear,Normal day,4,11,0,0,90
2023-08-27,Mumbai,Caregiver,Clear,Normal day,6,8,1,1,92
2023-07-25,Bengaluru,Plumber,Clear,Normal day,1,7,0,0,94
2025-02-11,Delhi,Electrician,Clear,Normal day,1,2,0,0,85
2023-06-19,Delhi,Domestic Helper,Rain,Normal day,0,6,0,0,107
2024-06-09,Delhi,Carpenter,Rain,Normal day,6,6,1,0,130
2024-07-23,Hyderabad,Plumber,Clear,Normal day,1,7,0,0,87
2023-10-28,Bengaluru,Carpenter,Clear,Normal day,5,10,1,1,112
2024-09-19,Mumbai,Caregiver,Clear,Normal day,3,9,0,0,81
2025-04-23,Mumbai,Domestic Helper,Clear,Major event,2,4,0,0,146
2024-06-22,Hyderabad,Carpenter,Clear,Normal day,5,6,1,0,100
2024-06-13,Delhi,Painter,Rain,Normal day,3,6,0,0,119
2024-09-25,Bengaluru,Technician,Clear,Normal day,2,9,0,0,77
2024-10-11,Mumbai,Caregiver,Rain,Normal day,4,10,0,0,142
2025-12-29,Hyderabad,Carpenter,Clear,Normal day,0,12,0,1,66
2024-04-14,Bengaluru,Carpenter,Clear,Holiday,6,4,1,0,123
2024-08-24,Mumbai,Electrician,Clear,Normal day,5,8,1,0,153
2024-04-03,Hyderabad,Caregiver,Extreme heat,Normal day,2,4,0,0,73
2024-11-27,Delhi,Domestic Helper,Clear,Normal day,2,11,0,1,109
2025-09-20,Hyderabad,Plumber,Rain,Normal day,5,9,1,0,139
2023-09-07,Delhi,Carpenter,Rain,Normal day,3,9,0,0,118
2023-08-25,Mumbai,Carpenter,Extreme heat,Normal day,4,8,0,0,136
2023-01-04,Mumbai,Technician,Clear,Normal day,2,1,0,0,76
2023-07-20,Mumbai,Carpenter,Rain,Normal day,3,7,0,0,129
2025-07-21,Mumbai,Electrician,Clear,Normal day,0,7,0,0,115
2025-09-16,Delhi,Plumber,Rain,Holiday,1,9,0,0,151
2023-04-17,Hyderabad,Plumber,Clear,Normal day,0,4,0,0,83
2025-09-29,Hyderabad,Plumber,Clear,Normal day,0,9,0,1,97
2023-07-18,Bengaluru,Domestic Helper,Clear,Normal day,1,7,0,0,97
2025-07-31,Delhi,Carpenter,Rain,Normal day,3,7,0,1,127
2024-01-03,Hyderabad,Plumber,Clear,Holiday,2,1,0,0,93
2024-07-29,Delhi,Electrician,Rain,Normal day,0,7,0,1,145
2024-12-10,Bengaluru,Domestic Helper,Clear,Holiday,1,12,0,0,105
2024-07-07,Mumbai,Domestic Helper,Clear,Normal day,6,7,1,0,148
2024-04-26,Delhi,Plumber,Extreme heat,Major event,4,4,0,1,190
2024-06-06,Mumbai,Plumber,Rain,Normal day,3,6,0,0,141
2024-10-15,Delhi,Plumber,Clear,Holiday,1,10,0,0,121
2024-08-04,Hyderabad,Caregiver,Clear,Normal day,6,8,1,0,92
2023-09-19,Bengaluru,Carpenter,Clear,Normal day,1,9,0,0,85
2024-03-17,Mumbai,Carpenter,Clear,Normal day,6,3,1,0,102
2023-03-07,Bengaluru,Domestic Helper,Clear,Normal day,1,3,0,0,101
2025-07-30,Mumbai,Electrician,Clear,Normal day,2,7,0,1,107
2024-08-23,Mumbai,Electrician,Rain,Normal day,4,8,0,0,132
2025-10-16,Mumbai,Carpenter,Clear,Normal day,3,10,0,0,94
2023-02-28,Hyderabad,Electrician,Rain,Holiday,1,2,0,1,128
2023-12-09,Delhi,Painter,Clear,Normal day,5,12,1,0,84
2025-06-03,Bengaluru,Electrician,Clear,Normal day,1,6,0,0,108
2025-10-27,Mumbai,Painter,Clear,Normal day,0,10,0,1,95
2024-08-18,Delhi,Plumber,Extreme heat,Normal day,6,8,1,0,160
2023-06-07,Delhi,Plumber,Rain,Normal day,2,6,0,0,158
2023-06-24,Bengaluru,Technician,Rain,Normal day,5,6,1,0,151
2024-12-31,Bengaluru,Painter,Clear,Normal day,1,12,0,1,60
2023-04-26,Bengaluru,Domestic Helper,Clear,Normal day,2,4,0,1,102
2024-08-30,Bengaluru,Technician,Clear,Normal day,4,8,0,1,107
2023-05-02,Bengaluru,Caregiver,Extreme heat,Normal day,1,5,0,0,92
2025-03-07,Mumbai,Carpenter,Clear,Normal day,4,3,0,0,111
2023-02-20,Bengaluru,Electrician,Clear,Normal day,0,2,0,0,87
2024-12-15,Hyderabad,Technician,Clear,Normal day,6,12,1,0,98
2025-08-30,Mumbai,Domestic Helper,Clear,Normal day,5,8,1,1,129
2023-07-06,Delhi,Technician,Rain,Normal day,3,7,0,0,144
2025-03-06,Mumbai,Technician,Clear,Normal day,3,3,0,0,99
2023-12-23,Bengaluru,Domestic Helper,Clear,Normal day,5,12,1,0,111
2025-08-29,Mumbai,Carpenter,Rain,Holiday,4,8,0,1,181
2025-12-03,Bengaluru,Caregiver,Rain,Normal day,2,12,0,0,96
2023-06-27,Bengaluru,Plumber,Clear,Normal day,1,6,0,1,93
2023-02-20,Delhi,Electrician,Clear,Normal day,0,2,0,0,113
2024-08-26,Mumbai,Caregiver,Clear,Normal day,0,8,0,1,107
2023-11-09,Mumbai,Carpenter,Clear,Normal day,3,11,0,0,92
2025-03-16,Delhi,Technician,Clear,Normal day,6,3,1,0,87
2025-10-09,Hyderabad,Plumber,Clear,Normal day,3,10,0,0,86
2023-07-08,Delhi,Carpenter,Clear,Normal day,5,7,1,0,125
2023-04-20,Mumbai,Painter,Clear,Normal day,3,4,0,0,84
2024-07-31,Mumbai,Technician,Rain,Normal day,2,7,0,1,125
2024-06-07,Hyderabad,Painter,Rain,Normal day,4,6,0,0,83
2023-09-15,Mumbai,Painter,Rain,Normal day,4,9,0,0,109
2023-06-01,Hyderabad,Carpenter,Rain,Normal day,3,6,0,0,98
2024-07-22,Delhi,Technician,Clear,Normal day,0,7,0,0,104
2023-10-20,Delhi,Caregiver,Clear,Normal day,4,10,0,0,85
2025-01-07,Hyderabad,Carpenter,Extreme heat,Holiday,1,1,0,0,91
2024-08-14,Hyderabad,Domestic Helper,Clear,Normal day,2,8,0,0,78
2025-09-14,Bengaluru,Domestic Helper,Rain,Normal day,6,9,1,0,97
2025-03-26,Bengaluru,Caregiver,Clear,Normal day,2,3,0,1,58
2025-11-13,Hyderabad,Plumber,Clear,Normal day,3,11,0,0,108
2023-09-09,Delhi,Painter,Rain,Normal day,5,9,1,0,128
2025-01-28,Mumbai,Electrician,Clear,Normal day,1,1,0,1,95
2024-10-13,Delhi,Technician,Clear,Major event,6,10,1,0,147
2024-12-12,Bengaluru,Caregiver,Clear,Normal day,3,12,0,0,83
2025-08-10,Bengaluru,Caregiver,Rain,Normal day,6,8,1,0,99
2023-02-24,Mumbai,Carpenter,Clear,Normal day,4,2,0,0,82
2024-12-22,Mumbai,Painter,Clear,Normal day,6,12,1,0,95
2025-07-07,Delhi,Technician,Rain,Normal day,0,7,0,0,115
2025-09-16,Delhi,Plumber,Clear,Normal day,1,9,0,0,121
2023-11-28,Bengaluru,Caregiver,Clear,Normal day,1,11,0,1,77
2025-02-26,Mumbai,Technician,Clear,Normal day,2,2,0,1,96
2024-06-07,Hyderabad,Caregiver,Rain,Holiday,4,6,0,0,94
2025-07-16,Hyderabad,Technician,Rain,Normal day,2,7,0,0,117
2024-10-12,Mumbai,Electrician,Clear,Holiday,5,10,1,0,151
2025-12-21,Bengaluru,Domestic Helper,Rain,Normal day,6,12,1,0,135
2025-12-05,Delhi,Carpenter,Clear,Normal day,4,12,0,0,78
2024-03-31,Mumbai,Technician,Clear,Normal day,6,3,1,1,96
2023-11-13,Hyderabad,Carpenter,Clear,Normal day,0,11,0,0,74
2023-08-05,Bengaluru,Electrician,Rain,Normal day,5,8,1,0,124
2025-01-23,Hyderabad,Plumber,Clear,Normal day,3,1,0,0,90
2025-09-22,Delhi,Painter,Clear,Normal day,0,9,0,0,86
2024-01-06,Bengaluru,Domestic Helper,Clear,Normal day,5,1,1,0,93
2024-03-29,Bengaluru,Electrician,Clear,Normal day,4,3,0,1,96
2024-07-14,Bengaluru,Domestic Helper,Extreme heat,Normal day,6,7,1,0,137
2024-08-14,Bengaluru,Caregiver,Clear,Normal day,2,8,0,0,93
2024-11-02,Bengaluru,Painter,Clear,Normal day,5,11,1,0,75
2023-11-11,Delhi,Electrician,Clear,Holiday,5,11,1,0,151
2023-06-08,Mumbai,Electrician,Rain,Normal day,3,6,0,0,138
2025-09-19,Bengaluru,Domestic Helper,Rain,Normal day,4,9,0,0,105
2025-04-23,Hyderabad,Domestic Helper,Clear,Normal day,2,4,0,0,78
2024-04-24,Hyderabad,Plumber,Extreme heat,Holiday,2,4,0,0,115
2025-05-02,Mumbai,Painter,Clear,Normal day,4,5,0,0,104
2024-09-25,Hyderabad,Electrician,Clear,Major event,2,9,0,0,140
2025-03-29,Hyderabad,Painter,Clear,Major event,5,3,1,1,105
2025-08-04,Bengaluru,Electrician,Rain,Holiday,0,8,0,0,131
2025-03-26,Hyderabad,Caregiver,Rain,Normal day,2,3,0,1,84
2025-02-12,Bengaluru,Electrician,Clear,Normal day,2,2,0,0,77
2024-05-14,Hyderabad,Electrician,Clear,Holiday,1,5,0,0,109
2023-02-12,Bengaluru,Electrician,Rain,Normal day,6,2,1,0,132
2023-09-29,Bengaluru,Plumber,Rain,Normal day,4,9,0,1,148
2024-03-22,Bengaluru,Carpenter,Clear,Normal day,4,3,0,0,87
2023-09-07,Bengaluru,Technician,Rain,Normal day,3,9,0,0,93
2023-05-20,Hyderabad,Domestic Helper,Clear,Normal day,5,5,1,0,105
2023-08-18,Bengaluru,Technician,Clear,Normal day,4,8,0,0,114
2025-11-27,Hyderabad,Technician,Clear,Normal day,3,11,0,1,76
2023-08-14,Delhi,Domestic Helper,Clear,Holiday,0,8,0,0,107
2025-05-21,Mumbai,Technician,Clear,Normal day,2,5,0,0,99
2023-11-07,Delhi,Electrician,Clear,Normal day,1,11,0,0,113
2023-10-04,Delhi,Domestic Helper,Clear,Holiday,2,10,0,0,122
2025-07-02,Mumbai,Electrician,Clear,Normal day,2,7,0,0,110
2023-02-10,Mumbai,Technician,Clear,Normal day,4,2,0,0,107
2025-03-10,Delhi,Carpenter,Clear,Normal day,0,3,0,0,106
2024-07-18,Mumbai,Caregiver,Clear,Normal day,3,7,0,0,106
2023-10-18,Delhi,Technician,Clear,Normal day,2,10,0,0,102
2023-04-14,Delhi,Caregiver,Clear,Normal day,4,4,0,0,80
2024-11-04,Bengaluru,Plumber,Clear,Normal day,0,11,0,0,99
2023-10-11,Hyderabad,Plumber,Clear,Normal day,2,10,0,0,94
2024-04-10,Bengaluru,Caregiver,Clear,Normal day,2,4,0,0,62
2025-10-27,Hyderabad,Painter,Rain,Normal day,0,10,0,1,89
2024-02-02,Mumbai,Electrician,Clear,Normal day,4,2,0,0,104
2024-02-27,Mumbai,Electrician,Clear,Normal day,1,2,0,1,93
2025-04-30,Hyderabad,Painter,Extreme heat,Normal day,2,4,0,1,98
2025-08-04,Delhi,Carpenter,Rain,Holiday,0,8,0,0,134
2025-11-11,Hyderabad,Domestic Helper,Clear,Normal day,1,11,0,0,95
2023-05-07,Bengaluru,Technician,Extreme heat,Normal day,6,5,1,0,125
2024-04-16,Bengaluru,Caregiver,Rain,Normal day,1,4,0,0,83
2025-03-12,Hyderabad,Technician,Clear,Normal day,2,3,0,0,80
2025-02-13,Bengaluru,Caregiver,Clear,Normal day,3,2,0,0,62
2025-06-08,Delhi,Technician,Rain,Holiday,6,6,1,0,172
2023-03-27,Delhi,Technician,Clear,Normal day,0,3,0,1,86
2025-04-29,Delhi,Technician,Extreme heat,Normal day,1,4,0,1,125
2024-06-10,Delhi,Caregiver,Rain,Normal day,0,6,0,0,106
2024-09-15,Hyderabad,Carpenter,Rain,Normal day,6,9,1,0,117
2023-08-30,Mumbai,Caregiver,Rain,Normal day,2,8,0,1,123
2023-08-16,Delhi,Plumber,Clear,Normal day,2,8,0,0,102
2024-03-09,Mumbai,Domestic Helper,Rain,Normal day,5,3,1,0,161
2024-03-16,Mumbai,Technician,Clear,Normal day,5,3,1,0,102
2025-02-12,Hyderabad,Carpenter,Clear,Normal day,2,2,0,0,58
2024-08-15,Mumbai,Painter,Rain,Normal day,3,8,0,0,96
2024-08-16,Hyderabad,Caregiver,Clear,Normal day,4,8,0,0,93
2023-05-01,Mumbai,Caregiver,Clear,Major event,0,5,0,0,123
2023-07-25,Delhi,Plumber,Clear,Normal day,1,7,0,0,114
2024-08-24,Delhi,Plumber,Rain,Normal day,5,8,1,0,186
2024-03-16,Mumbai,Plumber,Clear,Normal day,5,3,1,0,137
2024-05-16,Mumbai,Carpenter,Clear,Normal day,3,5,0,0,78
2023-11-28,Mumbai,Technician,Clear,Normal day,1,11,0,1,100
2025-04-30,Delhi,Technician,Clear,Normal day,2,4,0,1,100
2023-11-01,Bengaluru,Technician,Extreme heat,Normal day,2,11,0,0,88
2023-01-02,Bengaluru,Plumber,Clear,Normal day,0,1,0,0,95
2025-03-23,Bengaluru,Technician,Clear,Normal day,6,3,1,0,93
2025-07-24,Hyderabad,Electrician,Clear,Normal day,3,7,0,0,121
2023-07-02,Bengaluru,Electrician,Clear,Normal day,6,7,1,0,118
2023-08-10,Hyderabad,Technician,Clear,Holiday,3,8,0,0,101
2024-05-13,Delhi,Plumber,Clear,Normal day,0,5,0,0,106
2025-08-05,Hyderabad,Carpenter,Clear,Normal day,1,8,0,0,94
2025-02-09,Mumbai,Domestic Helper,Clear,Normal day,6,2,1,0,86
2023-02-16,Delhi,Painter,Clear,Normal day,3,2,0,0,61
2023-10-08,Bengaluru,Technician,Clear,Holiday,6,10,1,0,130
2023-07-09,Bengaluru,Electrician,Rain,Normal day,6,7,1,0,153
2024-08-26,Mumbai,Electrician,Clear,Normal day,0,8,0,1,114
2024-04-06,Mumbai,Technician,Clear,Normal day,5,4,1,0,120
2025-03-24,Delhi,Plumber,Clear,Normal day,0,3,0,0,103
2024-01-22,Bengaluru,Technician,Clear,Holiday,0,1,0,0,108
2024-02-09,Mumbai,Technician,Clear,Normal day,4,2,0,0,110
2024-04-08,Bengaluru,Electrician,Clear,Holiday,0,4,0,0,91
2023-05-06,Hyderabad,Carpenter,Clear,Normal day,5,5,1,0,103
2025-09-01,Bengaluru,Carpenter,Clear,Normal day,0,9,0,0,84
2024-01-16,Hyderabad,Caregiver,Rain,Holiday,1,1,0,0,92
2024-03-28,Bengaluru,Technician,Clear,Normal day,3,3,0,1,86
2024-06-10,Hyderabad,Electrician,Clear,Normal day,0,6,0,0,101
2024-02-18,Bengaluru,Painter,Clear,Normal day,6,2,1,0,71
2023-10-03,Delhi,Carpenter,Rain,Normal day,1,10,0,0,106
2024-08-05,Hyderabad,Carpenter,Clear,Normal day,0,8,0,0,81
2024-08-22,Hyderabad,Carpenter,Clear,Normal day,3,8,0,0,75
2025-09-18,Mumbai,Caregiver,Clear,Normal day,3,9,0,0,69
2025-07-27,Mumbai,Plumber,Rain,Normal day,6,7,1,1,207
2024-12-07,Delhi,Electrician,Clear,Normal day,5,12,1,0,102
2023-11-07,Bengaluru,Electrician,Clear,Normal day,1,11,0,0,77
2025-03-29,Bengaluru,Electrician,Clear,Normal day,5,3,1,1,119
2025-07-01,Delhi,Technician,Clear,Normal day,1,7,0,0,102
2023-03-06,Delhi,Painter,Clear,Normal day,0,3,0,0,76
2025-02-26,Mumbai,Caregiver,Clear,Normal day,2,2,0,1,85
2024-03-16,Mumbai,Domestic Helper,Clear,Normal day,5,3,1,0,133
2023-01-18,Bengaluru,Caregiver,Clear,Normal day,2,1,0,0,74
2024-12-10,Delhi,Plumber,Clear,Normal day,1,12,0,0,103
2024-01-11,Delhi,Painter,Clear,Normal day,3,1,0,0,79
2025-09-25,Mumbai,Electrician,Clear,Normal day,3,9,0,0,106
2024-09-29,Delhi,Domestic Helper,Rain,Normal day,6,9,1,1,140
2023-03-07,Bengaluru,Plumber,Extreme heat,Normal day,1,3,0,0,113
2023-08-28,Bengaluru,Painter,Clear,Normal day,0,8,0,1,61
2024-02-27,Delhi,Domestic Helper,Clear,Normal day,1,2,0,1,89
2024-08-25,Mumbai,Electrician,Clear,Normal day,6,8,1,0,128
2024-09-24,Delhi,Plumber,Rain,Normal day,1,9,0,0,136
2025-09-01,Bengaluru,Painter,Rain,Normal day,0,9,0,0,104
2024-03-17,Delhi,Caregiver,Clear,Normal day,6,3,1,0,84
2023-06-21,Bengaluru,Carpenter,Rain,Normal day,2,6,0,0,112
2023-12-23,Delhi,Painter,Clear,Normal day,5,12,1,0,83
2024-03-12,Hyderabad,Technician,Clear,Normal day,1,3,0,0,84
2024-02-18,Bengaluru,Painter,Clear,Normal day,6,2,1,0,80
2023-10-17,Hyderabad,Caregiver,Clear,Normal day,1,10,0,0,68
2025-09-01,Delhi,Plumber,Rain,Normal day,0,9,0,0,153
2024-11-07,Bengaluru,Carpenter,Clear,Normal day,3,11,0,0,85
2023-10-08,Bengaluru,Caregiver,Clear,Normal day,6,10,1,0,85
2024-12-25,Bengaluru,Technician,Clear,Normal day,2,12,0,0,101
2023-08-01,Mumbai,Caregiver,Rain,Normal day,1,8,0,0,116
2025-03-21,Delhi,Domestic Helper,Rain,Normal day,4,3,0,0,109
2025-05-10,Delhi,Technician,Rain,Normal day,5,5,1,0,141
2023-06-21,Bengaluru,Carpenter,Clear,Normal day,2,6,0,0,91
2024-10-12,Delhi,Electrician,Clear,Normal day,5,10,1,0,115
2023-09-14,Bengaluru,Domestic Helper,Clear,Normal day,3,9,0,0,91
2023-01-21,Mumbai,Technician,Extreme heat,Normal day,5,1,1,0,119
2024-04-17,Delhi,Caregiver,Clear,Normal day,2,4,0,0,102
2023-12-18,Mumbai,Domestic Helper,Clear,Normal day,0,12,0,0,100
2024-12-26,Hyderabad,Electrician,Clear,Normal day,3,12,0,1,103
2025-06-20,Mumbai,Technician,Rain,Normal day,4,6,0,0,131
2023-06-10,Delhi,Domestic Helper,Clear,Normal day,5,6,1,0,123
2024-07-08,Delhi,Technician,Clear,Major event,0,7,0,0,109
2024-08-21,Delhi,Technician,Rain,Normal day,2,8,0,0,108
2025-07-12,Hyderabad,Painter,Rain,Normal day,5,7,1,0,135
2024-08-24,Hyderabad,Technician,Rain,Normal day,5,8,1,0,111
2024-12-10,Bengaluru,Domestic Helper,Clear,Normal day,1,12,0,0,81
2024-02-15,Mumbai,Carpenter,Clear,Normal day,3,2,0,0,85
2024-05-11,Hyderabad,Plumber,Clear,Normal day,5,5,1,0,88
2024-12-24,Hyderabad,Caregiver,Clear,Normal day,1,12,0,0,74
2023-04-25,Hyderabad,Electrician,Clear,Normal day,1,4,0,0,111
2024-11-20,Bengaluru,Painter,Clear,Normal day,2,11,0,0,93
2025-05-23,Bengaluru,Painter,Rain,Normal day,4,5,0,0,105
2023-02-09,Delhi,Caregiver,Clear,Holiday,3,2,0,0,93
2023-04-07,Hyderabad,Domestic Helper,Extreme heat,Normal day,4,4,0,0,77
2024-03-04,Mumbai,Painter,Clear,Normal day,0,3,0,0,103
2024-07-09,Bengaluru,Caregiver,Rain,Holiday,1,7,0,0,119
2024-07-11,Bengaluru,Caregiver,Rain,Normal day,3,7,0,0,119
2025-06-11,Delhi,Domestic Helper,Rain,Normal day,2,6,0,0,110
2025-03-05,Bengaluru,Electrician,Clear,Holiday,2,3,0,0,107
2023-11-15,Bengaluru,Domestic Helper,Clear,Normal day,2,11,0,0,104
2024-03-19,Bengaluru,Domestic Helper,Clear,Normal day,1,3,0,0,95
2023-10-25,Hyderabad,Electrician,Clear,Normal day,2,10,0,0,88
2024-03-27,Bengaluru,Domestic Helper,Clear,Normal day,2,3,0,1,102
2023-09-21,Bengaluru,Painter,Clear,Holiday,3,9,0,0,81
2025-12-10,Bengaluru,Painter,Clear,Normal day,2,12,0,0,89
2023-01-17,Bengaluru,Domestic Helper,Clear,Normal day,1,1,0,0,77
2025-06-19,Delhi,Caregiver,Clear,Normal day,3,6,0,0,75
2024-09-19,Bengaluru,Carpenter,Clear,Normal day,3,9,0,0,70
2024-04-05,Mumbai,Domestic Helper,Clear,Normal day,4,4,0,0,93
2025-04-06,Hyderabad,Carpenter,Extreme heat,Holiday,6,4,1,0,123
2025-09-28,Mumbai,Electrician,Clear,Normal day,6,9,1,1,125
2025-08-01,Delhi,Domestic Helper,Clear,Normal day,4,8,0,0,106
2023-10-09,Hyderabad,Caregiver,Extreme heat,Normal day,0,10,0,0,84
2024-12-06,Delhi,Domestic Helper,Clear,Normal day,4,12,0,0,87
2025-01-27,Bengaluru,Electrician,Rain,Normal day,0,1,0,1,95
2024-10-18,Hyderabad,Technician,Rain,Normal day,4,10,0,0,104
2024-11-22,Bengaluru,Painter,Clear,Holiday,4,11,0,0,80
2023-12-14,Hyderabad,Electrician,Clear,Normal day,3,12,0,0,99
2024-02-02,Hyderabad,Plumber,Clear,Normal day,4,2,0,0,90
2024-02-04,Delhi,Electrician,Clear,Normal day,6,2,1,0,95
2024-01-20,Mumbai,Carpenter,Clear,Normal day,5,1,1,0,109
2024-09-29,Hyderabad,Technician,Rain,Normal day,6,9,1,1,92
2024-10-29,Hyderabad,Carpenter,Clear,Normal day,1,10,0,1,101
2024-10-07,Delhi,Caregiver,Clear,Holiday,0,10,0,0,80
2025-11-21,Hyderabad,Plumber,Clear,Normal day,4,11,0,0,101
2023-12-29,Bengaluru,Technician,Clear,Normal day,4,12,0,1,101
2024-10-29,Hyderabad,Painter,Clear,Major event,1,10,0,1,105
2024-12-20,Bengaluru,Plumber,Clear,Normal day,4,12,0,0,102
2024-03-01,Delhi,Technician,Clear,Normal day,4,3,0,0,112
2025-05-01,Delhi,Caregiver,Clear,Normal day,3,5,0,0,90
2025-05-28,Mumbai,Domestic Helper,Clear,Normal day,2,5,0,1,118
2025-09-08,Hyderabad,Electrician,Clear,Holiday,0,9,0,0,96
2024-11-26,Mumbai,Caregiver,Clear,Normal day,1,11,0,1,117
2024-05-24,Delhi,Technician,Extreme heat,Major event,4,5,0,0,144
2025-01-24,Hyderabad,Technician,Rain,Normal day,4,1,0,0,101
2025-07-01,Hyderabad,Technician,Clear,Normal day,1,7,0,0,82
2023-11-18,Bengaluru,Painter,Clear,Normal day,5,11,1,0,83
2024-04-28,Mumbai,Plumber,Extreme heat,Normal day,6,4,1,1,162
2025-09-24,Hyderabad,Carpenter,Clear,Holiday,2,9,0,0,100
2024-05-30,Mumbai,Domestic Helper,Clear,Normal day,3,5,0,1,102
2023-08-18,Mumbai,Caregiver,Clear,Major event,4,8,0,0,115
2024-07-17,Bengaluru,Domestic Helper,Rain,Normal day,2,7,0,0,133
2025-11-12,Mumbai,Painter,Clear,Holiday,2,11,0,0,91
2025-09-21,Mumbai,Caregiver,Rain,Normal day,6,9,1,0,127
2023-04-19,Mumbai,Electrician,Extreme heat,Normal day,2,4,0,0,120
2025-03-19,Delhi,Painter,Clear,Holiday,2,3,0,0,114
2025-10-24,Delhi,Painter,Clear,Normal day,4,10,0,0,95
2025-08-14,Delhi,Carpenter,Rain,Normal day,3,8,0,0,111
2025-10-03,Delhi,Painter,Clear,Normal day,4,10,0,0,88
2023-07-22,Delhi,Technician,Rain,Normal day,5,7,1,0,152
2024-08-24,Hyderabad,Electrician,Rain,Normal day,5,8,1,0,132
2025-02-08,Mumbai,Technician,Clear,Normal day,5,2,1,0,97
2024-12-26,Bengaluru,Electrician,Clear,Normal day,3,12,0,1,92
2024-02-23,Mumbai,Technician,Clear,Normal day,4,2,0,0,116
2025-03-25,Hyderabad,Domestic Helper,Rain,Normal day,1,3,0,0,103
2025-12-11,Delhi,Plumber,Clear,Normal day,3,12,0,0,131
2025-02-28,Delhi,Electrician,Clear,Normal day,4,2,0,1,129
2024-10-10,Mumbai,Carpenter,Clear,Normal day,3,10,0,0,97
2023-12-11,Bengaluru,Caregiver,Clear,Normal day,0,12,0,0,89
2023-07-14,Mumbai,Plumber,Clear,Normal day,4,7,0,0,126
2024-08-01,Delhi,Painter,Clear,Normal day,3,8,0,0,97
2025-05-05,Bengaluru,Electrician,Clear,Normal day,0,5,0,0,95
2023-12-04,Hyderabad,Electrician,Clear,Normal day,0,12,0,0,104
2025-12-04,Hyderabad,Domestic Helper,Clear,Holiday,3,12,0,0,116
2025-07-07,Hyderabad,Painter,Clear,Normal day,0,7,0,0,84
2024-02-06,Delhi,Carpenter,Clear,Normal day,1,2,0,0,78
2023-05-20,Delhi,Caregiver,Clear,Normal day,5,5,1,0,101
2024-12-06,Mumbai,Caregiver,Rain,Normal day,4,12,0,0,108
2024-09-14,Delhi,Plumber,Extreme heat,Holiday,5,9,1,0,150
2023-04-14,Bengaluru,Domestic Helper,Extreme heat,Normal day,4,4,0,0,107
2023-03-29,Delhi,Electrician,Extreme heat,Major event,2,3,0,1,155
2023-12-26,Delhi,Electrician,Extreme heat,Normal day,1,12,0,1,104
2024-03-16,Hyderabad,Caregiver,Clear,Normal day,5,3,1,0,87
2025-10-02,Mumbai,Plumber,Clear,Normal day,3,10,0,0,120
2023-11-02,Delhi,Electrician,Clear,Normal day,3,11,0,0,106
2023-09-11,Hyderabad,Technician,Rain,Normal day,0,9,0,0,80
2023-06-03,Hyderabad,Technician,Rain,Normal day,5,6,1,0,126
2024-08-25,Mumbai,Caregiver,Rain,Holiday,6,8,1,0,137
2023-08-01,Hyderabad,Plumber,Rain,Normal day,1,8,0,0,101
2023-10-01,Bengaluru,Caregiver,Clear,Holiday,6,10,1,0,120
2025-09-10,Delhi,Electrician,Rain,Normal day,2,9,0,0,124
2025-05-13,Mumbai,Electrician,Clear,Normal day,1,5,0,0,121
2023-05-04,Delhi,Domestic Helper,Clear,Holiday,3,5,0,0,111
2025-05-09,Delhi,Electrician,Extreme heat,Normal day,4,5,0,0,119
2025-09-12,Bengaluru,Carpenter,Clear,Holiday,4,9,0,0,90
2025-05-18,Delhi,Caregiver,Clear,Normal day,6,5,1,0,104
2025-11-05,Hyderabad,Plumber,Clear,Normal day,2,11,0,0,103
2024-03-14,Hyderabad,Domestic Helper,Clear,Normal day,3,3,0,0,94
2025-08-05,Bengaluru,Caregiver,Rain,Normal day,1,8,0,0,101
2023-12-31,Bengaluru,Domestic Helper,Clear,Normal day,6,12,1,1,117
2023-06-26,Hyderabad,Painter,Rain,Normal day,0,6,0,1,94
2025-09-29,Bengaluru,Electrician,Clear,Normal day,0,9,0,1,108
2025-05-18,Mumbai,Caregiver,Clear,Normal day,6,5,1,0,105
2025-06-25,Delhi,Plumber,Clear,Normal day,2,6,0,0,127
2024-03-25,Hyderabad,Domestic Helper,Clear,Major event,0,3,0,0,94
2024-08-10,Hyderabad,Carpenter,Rain,Normal day,5,8,1,0,122
2023-06-29,Hyderabad,Domestic Helper,Rain,Normal day,3,6,0,1,105
2024-09-14,Hyderabad,Caregiver,Clear,Normal day,5,9,1,0,82
2024-01-01,Bengaluru,Plumber,Clear,Holiday,0,1,0,0,109
2025-02-13,Hyderabad,Domestic Helper,Clear,Normal day,3,2,0,0,64
2024-02-28,Hyderabad,Carpenter,Clear,Normal day,2,2,0,1,82
2025-10-02,Delhi,Technician,Rain,Normal day,3,10,0,0,119
2025-03-02,Delhi,Plumber,Clear,Normal day,6,3,1,0,122
2025-05-07,Delhi,Plumber,Clear,Normal day,2,5,0,0,138
2024-03-31,Mumbai,Plumber,Clear,Normal day,6,3,1,1,148
2025-01-29,Bengaluru,Carpenter,Clear,Holiday,2,1,0,1,95
2025-03-16,Delhi,Technician,Clear,Normal day,6,3,1,0,94
2023-01-07,Delhi,Technician,Rain,Normal day,5,1,1,0,115
2025-06-27,Mumbai,Electrician,Clear,Normal day,4,6,0,1,131
2025-05-18,Hyderabad,Plumber,Clear,Normal day,6,5,1,0,93
2025-10-03,Hyderabad,Painter,Clear,Normal day,4,10,0,0,75
2023-11-08,Bengaluru,Painter,Extreme heat,Holiday,2,11,0,0,89
2023-10-23,Delhi,Carpenter,Clear,Normal day,0,10,0,0,87
2025-12-17,Hyderabad,Carpenter,Clear,Normal day,2,12,0,0,83
2024-05-05,Hyderabad,Domestic Helper,Clear,Normal day,6,5,1,0,115
2024-04-03,Mumbai,Plumber,Clear,Normal day,2,4,0,0,113
2025-12-15,Hyderabad,Technician,Clear,Normal day,0,12,0,0,80
2025-03-27,Mumbai,Carpenter,Clear,Normal day,3,3,0,1,113
2024-03-06,Hyderabad,Domestic Helper,Clear,Normal day,2,3,0,0,73
2024-12-14,Mumbai,Caregiver,Clear,Normal day,5,12,1,0,127
2025-10-02,Mumbai,Painter,Clear,Normal day,3,10,0,0,87
2025-01-07,Mumbai,Electrician,Clear,Normal day,1,1,0,0,82
2025-02-10,Delhi,Domestic Helper,Clear,Normal day,0,2,0,0,88
2024-03-03,Delhi,Plumber,Clear,Normal day,6,3,1,0,123
2024-12-19,Bengaluru,Domestic Helper,Clear,Holiday,3,12,0,0,115
2023-11-12,Hyderabad,Caregiver,Clear,Holiday,6,11,1,0,102
2023-06-30,Bengaluru,Painter,Clear,Normal day,4,6,0,1,107
2025-06-28,Hyderabad,Painter,Rain,Normal day,5,6,1,1,108
2025-09-14,Bengaluru,Domestic Helper,Extreme heat,Normal day,6,9,1,0,110
2023-04-03,Delhi,Caregiver,Rain,Normal day,0,4,0,0,102
2025-05-31,Mumbai,Plumber,Clear,Normal day,5,5,1,1,150
2025-09-22,Delhi,Electrician,Rain,Normal day,0,9,0,0,129
2024-06-08,Mumbai,Painter,Clear,Normal day,5,6,1,0,90
2024-05-09,Mumbai,Carpenter,Extreme heat,Normal day,3,5,0,0,106
2025-10-17,Mumbai,Painter,Clear,Normal day,4,10,0,0,91
2024-07-14,Bengaluru,Domestic Helper,Rain,Normal day,6,7,1,0,129
2025-03-16,Bengaluru,Plumber,Clear,Normal day,6,3,1,0,115
2025-03-30,Mumbai,Carpenter,Extreme heat,Normal day,6,3,1,1,141
2025-08-14,Hyderabad,Technician,Clear,Normal day,3,8,0,0,92
2025-09-01,Mumbai,Technician,Clear,Normal day,0,9,0,0,85
2024-10-23,Bengaluru,Electrician,Clear,Normal day,2,10,0,0,117
2024-09-04,Mumbai,Domestic Helper,Rain,Normal day,2,9,0,0,129
2025-12-10,Bengaluru,Electrician,Clear,Normal day,2,12,0,0,90
2025-11-12,Hyderabad,Painter,Rain,Normal day,2,11,0,0,91
2023-11-26,Delhi,Caregiver,Clear,Normal day,6,11,1,1,100
2023-02-03,Delhi,Electrician,Rain,Normal day,4,2,0,0,137
2024-09-27,Hyderabad,Caregiver,Clear,Normal day,4,9,0,1,110
2025-09-25,Delhi,Carpenter,Clear,Normal day,3,9,0,0,88
2024-10-20,Mumbai,Painter,Clear,Normal day,6,10,1,0,101
2025-03-13,Bengaluru,Caregiver,Clear,Normal day,3,3,0,0,82
2025-06-29,Hyderabad,Plumber,Clear,Normal day,6,6,1,1,126
2025-05-29,Delhi,Technician,Extreme heat,Normal day,3,5,0,1,122
2023-06-23,Delhi,Plumber,Clear,Major event,4,6,0,0,172
2023-10-30,Hyderabad,Electrician,Clear,Normal day,0,10,0,1,91
2023-05-03,Hyderabad,Technician,Clear,Normal day,2,5,0,0,83
2025-08-21,Hyderabad,Caregiver,Rain,Normal day,3,8,0,0,102
2023-03-21,Delhi,Electrician,Clear,Normal day,1,3,0,0,97
2025-02-11,Bengaluru,Electrician,Rain,Normal day,1,2,0,0,117
2023-05-25,Mumbai,Technician,Extreme heat,Major event,3,5,0,0,154
2024-12-01,Bengaluru,Electrician,Clear,Normal day,6,12,1,0,118
2023-06-15,Delhi,Carpenter,Rain,Normal day,3,6,0,0,113
2024-03-24,Mumbai,Technician,Clear,Normal day,6,3,1,0,93
2024-10-14,Delhi,Painter,Clear,Normal day,0,10,0,0,87
2023-09-18,Bengaluru,Carpenter,Rain,Normal day,0,9,0,0,114
2024-09-25,Delhi,Technician,Clear,Normal day,2,9,0,0,75
2025-02-04,Bengaluru,Painter,Clear,Normal day,1,2,0,0,65
2024-03-03,Bengaluru,Plumber,Clear,Normal day,6,3,1,0,112
2024-10-31,Bengaluru,Painter,Clear,Normal day,3,10,0,1,110
2025-06-10,Delhi,Caregiver,Clear,Normal day,1,6,0,0,80
2024-03-03,Hyderabad,Electrician,Clear,Holiday,6,3,1,0,109
2023-10-15,Hyderabad,Carpenter,Clear,Normal day,6,10,1,0,89
2023-08-20,Bengaluru,Painter,Rain,Normal day,6,8,1,0,122
2025-02-08,Mumbai,Technician,Clear,Holiday,5,2,1,0,120
2024-10-05,Mumbai,Domestic Helper,Clear,Normal day,5,10,1,0,99
2025-11-29,Hyderabad,Plumber,Clear,Normal day,5,11,1,1,131
2024-04-25,Bengaluru,Technician,Extreme heat,Normal day,3,4,0,0,108
2023-04-26,Delhi,Plumber,Clear,Normal day,2,4,0,1,111
2024-10-18,Hyderabad,Technician,Clear,Normal day,4,10,0,0,89
2023-08-07,Bengaluru,Plumber,Rain,Holiday,0,8,0,0,156
2024-12-25,Hyderabad,Carpenter,Clear,Normal day,2,12,0,0,90
2023-05-20,Delhi,Carpenter,Extreme heat,Normal day,5,5,1,0,120
2024-05-10,Hyderabad,Carpenter,Extreme heat,Normal day,4,5,0,0,83
2024-01-18,Hyderabad,Caregiver,Clear,Holiday,3,1,0,0,85
2025-02-02,Delhi,Domestic Helper,Clear,Normal day,6,2,1,0,122
2023-03-17,Delhi,Painter,Clear,Normal day,4,3,0,0,87
2023-04-07,Delhi,Painter,Extreme heat,Normal day,4,4,0,0,96
2024-09-24,Delhi,Caregiver,Clear,Holiday,1,9,0,0,84
2023-01-22,Bengaluru,Plumber,Clear,Normal day,6,1,1,0,92
2024-03-28,Delhi,Electrician,Clear,Normal day,3,3,0,1,104
2025-02-09,Hyderabad,Technician,Clear,Normal day,6,2,1,0,97
2025-01-07,Bengaluru,Carpenter,Clear,Normal day,1,1,0,0,85
2025-01-08,Delhi,Caregiver,Clear,Normal day,2,1,0,0,71
2024-03-11,Hyderabad,Domestic Helper,Clear,Normal day,0,3,0,0,75
2023-07-17,Delhi,Painter,Clear,Normal day,0,7,0,0,87
2023-03-27,Mumbai,Carpenter,Rain,Holiday,0,3,0,1,139
2025-03-04,Bengaluru,Domestic Helper,Clear,Normal day,1,3,0,0,85
2025-05-15,Delhi,Painter,Clear,Normal day,3,5,0,0,76
2024-09-23,Mumbai,Carpenter,Rain,Normal day,0,9,0,0,111
2023-06-15,Bengaluru,Electrician,Rain,Normal day,3,6,0,0,126
2023-09-25,Hyderabad,Caregiver,Clear,Normal day,0,9,0,0,66
2024-04-25,Hyderabad,Painter,Clear,Normal day,3,4,0,0,75
2023-08-12,Mumbai,Technician,Rain,Major event,5,8,1,0,187
2024-05-13,Bengaluru,Carpenter,Clear,Normal day,0,5,0,0,84
2025-10-02,Bengaluru,Plumber,Clear,Normal day,3,10,0,0,114
2024-02-06,Mumbai,Domestic Helper,Clear,Normal day,1,2,0,0,118
2025-01-16,Hyderabad,Carpenter,Clear,Normal day,3,1,0,0,84
2025-03-15,Hyderabad,Technician,Clear,Normal day,5,3,1,0,83
2024-11-14,Bengaluru,Electrician,Clear,Normal day,3,11,0,0,113
2024-12-17,Mumbai,Domestic Helper,Clear,Normal day,1,12,0,0,101
2025-02-01,Bengaluru,Electrician,Rain,Normal day,5,2,1,0,124
2024-11-13,Hyderabad,Domestic Helper,Clear,Normal day,2,11,0,0,82
2025-09-11,Hyderabad,Domestic Helper,Extreme heat,Normal day,3,9,0,0,102
2024-07-14,Bengaluru,Technician,Clear,Normal day,6,7,1,0,118
2025-11-30,Bengaluru,Carpenter,Clear,Normal day,6,11,1,1,107
2023-08-22,Delhi,Carpenter,Clear,Holiday,1,8,0,0,94
2024-11-29,Delhi,Electrician,Clear,Major event,4,11,0,1,162
2025-04-12,Delhi,Painter,Extreme heat,Normal day,5,4,1,0,90
2025-03-11,Hyderabad,Domestic Helper,Clear,Normal day,1,3,0,0,84
2024-10-04,Delhi,Plumber,Clear,Normal day,4,10,0,0,119
2025-03-28,Mumbai,Painter,Rain,Normal day,4,3,0,1,101
2025-06-06,Delhi,Domestic Helper,Rain,Normal day,4,6,0,0,120
2023-04-04,Mumbai,Caregiver,Clear,Normal day,1,4,0,0,63
2023-09-29,Mumbai,Technician,Rain,Normal day,4,9,0,1,158
2024-01-06,Mumbai,Painter,Clear,Normal day,5,1,1,0,97
2024-09-26,Bengaluru,Domestic Helper,Rain,Holiday,3,9,0,1,133
2025-02-27,Mumbai,Domestic Helper,Clear,Normal day,3,2,0,1,97
2024-11-17,Bengaluru,Caregiver,Clear,Normal day,6,11,1,0,96
2023-06-27,Delhi,Electrician,Rain,Holiday,1,6,0,1,164
2024-02-08,Delhi,Painter,Clear,Holiday,3,2,0,0,72
2025-06-28,Bengaluru,Plumber,Rain,Normal day,5,6,1,1,176
2024-01-20,Delhi,Carpenter,Clear,Normal day,5,1,1,0,82
2024-01-28,Hyderabad,Plumber,Clear,Normal day,6,1,1,1,107
2023-08-14,Hyderabad,Technician,Clear,Normal day,0,8,0,0,73
2025-04-14,Mumbai,Plumber,Clear,Normal day,0,4,0,0,109
2025-12-06,Delhi,Caregiver,Clear,Normal day,5,12,1,0,97
2024-10-05,Hyderabad,Carpenter,Clear,Normal day,5,10,1,0,96
2025-07-04,Delhi,Electrician,Rain,Normal day,4,7,0,0,143
2025-09-03,Mumbai,Domestic Helper,Rain,Holiday,2,9,0,0,149
2025-09-24,Delhi,Painter,Clear,Normal day,2,9,0,0,74
2023-04-24,Hyderabad,Electrician,Clear,Normal day,0,4,0,0,77
2024-08-15,Delhi,Plumber,Clear,Holiday,3,8,0,0,153
2023-03-18,Delhi,Carpenter,Clear,Holiday,5,3,1,0,115
2023-09-16,Delhi,Electrician,Clear,Normal day,5,9,1,0,112
2025-06-03,Mumbai,Carpenter,Rain,Major event,1,6,0,0,144
2025-05-22,Bengaluru,Caregiver,Clear,Normal day,3,5,0,0,73
2025-02-18,Delhi,Domestic Helper,Rain,Normal day,1,2,0,0,110
2024-10-28,Mumbai,Plumber,Clear,Normal day,0,10,0,1,116
2024-01-03,Bengaluru,Electrician,Clear,Normal day,2,1,0,0,92
2023-07-15,Delhi,Painter,Rain,Holiday,5,7,1,0,142
2024-09-03,Bengaluru,Carpenter,Rain,Normal day,1,9,0,0,108
2025-08-31,Hyderabad,Domestic Helper,Clear,Normal day,6,8,1,1,104
2023-07-01,Mumbai,Carpenter,Clear,Normal day,5,7,1,0,123
2023-05-21,Bengaluru,Domestic Helper,Clear,Normal day,6,5,1,0,83
2025-02-05,Hyderabad,Caregiver,Clear,Normal day,2,2,0,0,54
2024-12-07,Bengaluru,Carpenter,Clear,Holiday,5,12,1,0,100
2025-01-05,Delhi,Domestic Helper,Clear,Normal day,6,1,1,0,102
2024-03-11,Hyderabad,Domestic Helper,Clear,Normal day,0,3,0,0,74
2023-12-25,Hyderabad,Painter,Clear,Normal day,0,12,0,0,70
2025-11-25,Bengaluru,Domestic Helper,Clear,Normal day,1,11,0,0,100
2025-11-28,Bengaluru,Painter,Clear,Normal day,4,11,0,1,100
2023-10-14,Hyderabad,Caregiver,Clear,Holiday,5,10,1,0,120
2023-02-17,Bengaluru,Painter,Rain,Normal day,4,2,0,0,93
2025-02-27,Delhi,Carpenter,Clear,Normal day,3,2,0,1,96
2023-01-15,Hyderabad,Caregiver,Clear,Normal day,6,1,1,0,95
2023-09-12,Bengaluru,Domestic Helper,Clear,Normal day,1,9,0,0,84
2024-04-17,Mumbai,Electrician,Clear,Normal day,2,4,0,0,93
2025-02-12,Mumbai,Caregiver,Extreme heat,Normal day,2,2,0,0,88
2025-07-24,Mumbai,Plumber,Clear,Normal day,3,7,0,0,117
2025-05-23,Delhi,Electrician,Clear,Normal day,4,5,0,0,105
2025-03-01,Bengaluru,Carpenter,Clear,Normal day,5,3,1,0,85
2024-04-23,Delhi,Plumber,Clear,Normal day,1,4,0,0,113
2025-05-06,Delhi,Carpenter,Rain,Holiday,1,5,0,0,126
2024-12-05,Mumbai,Domestic Helper,Clear,Holiday,3,12,0,0,134
2024-09-17,Delhi,Electrician,Clear,Normal day,1,9,0,0,103
2025-06-08,Delhi,Plumber,Clear,Normal day,6,6,1,0,118
2023-05-07,Bengaluru,Domestic Helper,Rain,Normal day,6,5,1,0,132
2023-11-17,Hyderabad,Carpenter,Rain,Normal day,4,11,0,0,101
2023-07-03,Delhi,Caregiver,Rain,Normal day,0,7,0,0,102
2025-03-03,Delhi,Electrician,Clear,Normal day,0,3,0,0,101
2023-07-02,Mumbai,Painter,Clear,Normal day,6,7,1,0,113
2023-04-12,Mumbai,Caregiver,Clear,Normal day,2,4,0,0,84
2023-12-21,Hyderabad,Electrician,Clear,Holiday,3,12,0,0,104
2024-01-11,Mumbai,Plumber,Clear,Normal day,3,1,0,0,103
2025-08-05,Mumbai,Domestic Helper,Rain,Normal day,1,8,0,0,117
2024-09-07,Delhi,Domestic Helper,Rain,Normal day,5,9,1,0,149
2023-05-11,Hyderabad,Carpenter,Extreme heat,Normal day,3,5,0,0,96
2024-07-08,Hyderabad,Painter,Clear,Normal day,0,7,0,0,67
2023-07-29,Mumbai,Domestic Helper,Rain,Normal day,5,7,1,1,177
2024-11-13,Hyderabad,Plumber,Clear,Normal day,2,11,0,0,111
2025-04-15,Hyderabad,Carpenter,Extreme heat,Holiday,1,4,0,0,107
2023-06-14,Bengaluru,Electrician,Clear,Normal day,2,6,0,0,96
2024-05-17,Mumbai,Caregiver,Extreme heat,Normal day,4,5,0,0,110
2025-11-22,Hyderabad,Carpenter,Clear,Normal day,5,11,1,0,89
2024-06-20,Mumbai,Electrician,Clear,Normal day,3,6,0,0,101
2024-03-15,Delhi,Carpenter,Clear,Normal day,4,3,0,0,89
2025-07-18,Delhi,Domestic Helper,Rain,Normal day,4,7,0,0,122
2024-04-18,Hyderabad,Domestic Helper,Extreme heat,Normal day,3,4,0,0,108
2023-09-18,Delhi,Plumber,Clear,Normal day,0,9,0,0,113
2023-03-15,Mumbai,Carpenter,Clear,Normal day,2,3,0,0,74
2024-11-26,Mumbai,Electrician,Clear,Normal day,1,11,0,1,124
2024-08-09,Hyderabad,Painter,Rain,Major event,4,8,0,0,134
2025-06-04,Mumbai,Caregiver,Clear,Holiday,2,6,0,0,108
2025-01-03,Hyderabad,Technician,Clear,Normal day,4,1,0,0,98
2023-02-05,Bengaluru,Caregiver,Rain,Major event,6,2,1,0,150
2024-03-12,Bengaluru,Plumber,Clear,Holiday,1,3,0,0,105
2023-10-14,Mumbai,Domestic Helper,Clear,Normal day,5,10,1,0,146
2024-01-02,Bengaluru,Technician,Clear,Normal day,1,1,0,0,90
2024-04-04,Mumbai,Plumber,Clear,Normal day,3,4,0,0,91
2024-06-15,Bengaluru,Carpenter,Extreme heat,Normal day,5,6,1,0,120
2025-04-18,Mumbai,Caregiver,Clear,Normal day,4,4,0,0,94
2023-09-19,Bengaluru,Carpenter,Clear,Normal day,1,9,0,0,77
2025-08-30,Bengaluru,Carpenter,Rain,Normal day,5,8,1,1,134
2023-09-13,Hyderabad,Painter,Rain,Normal day,2,9,0,0,84
2025-10-21,Bengaluru,Technician,Clear,Holiday,1,10,0,0,107
2023-09-13,Delhi,Technician,Rain,Normal day,2,9,0,0,94
2025-05-15,Delhi,Plumber,Clear,Normal day,3,5,0,0,123
2025-03-16,Mumbai,Carpenter,Clear,Normal day,6,3,1,0,104
2023-03-25,Mumbai,Plumber,Clear,Normal day,5,3,1,0,138
2024-01-21,Bengaluru,Electrician,Rain,Normal day,6,1,1,0,140
2025-06-29,Bengaluru,Domestic Helper,Rain,Normal day,6,6,1,1,122
2023-07-25,Delhi,Carpenter,Clear,Normal day,1,7,0,0,98
2025-08-19,Hyderabad,Caregiver,Rain,Normal day,1,8,0,0,89
2023-01-14,Mumbai,Plumber,Clear,Normal day,5,1,1,0,128
2024-04-21,Bengaluru,Domestic Helper,Extreme heat,Normal day,6,4,1,0,109
2025-06-06,Bengaluru,Domestic Helper,Rain,Major event,4,6,0,0,180
2025-06-13,Hyderabad,Domestic Helper,Extreme heat,Normal day,4,6,0,0,121
2024-03-21,Bengaluru,Domestic Helper,Extreme heat,Normal day,3,3,0,0,129
2024-08-17,Hyderabad,Carpenter,Clear,Holiday,5,8,1,0,98
2023-06-20,Bengaluru,Electrician,Clear,Holiday,1,6,0,0,120
2024-11-20,Bengaluru,Painter,Clear,Normal day,2,11,0,0,74
2025-03-22,Mumbai,Painter,Clear,Normal day,5,3,1,0,88
2023-12-06,Hyderabad,Electrician,Clear,Normal day,2,12,0,0,95
2025-04-02,Hyderabad,Painter,Clear,Normal day,2,4,0,0,69
2025-12-27,Delhi,Technician,Clear,Normal day,5,12,1,1,133
2024-03-11,Bengaluru,Electrician,Clear,Normal day,0,3,0,0,94
2023-05-02,Hyderabad,Carpenter,Extreme heat,Normal day,1,5,0,0,77
2024-09-16,Delhi,Technician,Rain,Normal day,0,9,0,0,119
2025-04-04,Delhi,Caregiver,Extreme heat,Normal day,4,4,0,0,112
2023-06-10,Bengaluru,Carpenter,Clear,Normal day,5,6,1,0,86
2023-04-03,Mumbai,Caregiver,Clear,Normal day,0,4,0,0,94
2023-10-22,Hyderabad,Carpenter,Clear,Holiday,6,10,1,0,102
2024-11-08,Hyderabad,Domestic Helper,Clear,Holiday,4,11,0,0,108
2024-11-10,Delhi,Plumber,Clear,Holiday,6,11,1,0,145
2023-07-24,Delhi,Domestic Helper,Clear,Normal day,0,7,0,0,112
2023-07-27,Mumbai,Carpenter,Rain,Normal day,3,7,0,1,131
2025-06-06,Bengaluru,Painter,Clear,Normal day,4,6,0,0,87
2023-01-11,Bengaluru,Domestic Helper,Clear,Normal day,2,1,0,0,83
2023-08-25,Delhi,Electrician,Rain,Normal day,4,8,0,0,149
2023-08-01,Delhi,Electrician,Clear,Holiday,1,8,0,0,135
2024-12-15,Bengaluru,Caregiver,Clear,Normal day,6,12,1,0,103
2024-06-29,Hyderabad,Caregiver,Clear,Normal day,5,6,1,1,83
2025-04-02,Mumbai,Technician,Clear,Holiday,2,4,0,0,107
2024-01-10,Mumbai,Technician,Clear,Normal day,2,1,0,0,96
2024-10-17,Delhi,Caregiver,Clear,Normal day,3,10,0,0,68
2024-01-01,Delhi,Carpenter,Clear,Normal day,0,1,0,0,88
2025-03-25,Bengaluru,Technician,Clear,Normal day,1,3,0,0,79
2023-06-21,Hyderabad,Carpenter,Rain,Normal day,2,6,0,0,90
2025-01-22,Mumbai,Domestic Helper,Clear,Normal day,2,1,0,0,95
2025-03-30,Delhi,Technician,Clear,Normal day,6,3,1,1,128
2025-06-04,Mumbai,Electrician,Rain,Normal day,2,6,0,0,160
2023-07-29,Mumbai,Plumber,Clear,Normal day,5,7,1,1,141
2025-02-25,Hyderabad,Electrician,Rain,Normal day,1,2,0,0,106
2023-03-22,Hyderabad,Electrician,Clear,Normal day,2,3,0,0,103
2025-08-16,Bengaluru,Domestic Helper,Clear,Normal day,5,8,1,0,111
2023-07-27,Delhi,Domestic Helper,Clear,Normal day,3,7,0,1,110
2024-03-12,Mumbai,Electrician,Clear,Normal day,1,3,0,0,107
2024-12-18,Mumbai,Plumber,Clear,Normal day,2,12,0,0,134
2025-12-24,Hyderabad,Electrician,Clear,Normal day,2,12,0,0,108
2025-08-15,Hyderabad,Carpenter,Rain,Holiday,4,8,0,0,153
2025-01-23,Mumbai,Painter,Clear,Holiday,3,1,0,0,91
2023-08-24,Delhi,Plumber,Clear,Major event,3,8,0,0,159
2024-02-13,Mumbai,Carpenter,Extreme heat,Normal day,1,2,0,0,115
2025-05-01,Delhi,Painter,Extreme heat,Normal day,3,5,0,0,99
2023-05-18,Mumbai,Plumber,Clear,Holiday,3,5,0,0,127
2023-07-07,Hyderabad,Domestic Helper,Clear,Normal day,4,7,0,0,126
2024-09-08,Mumbai,Plumber,Clear,Normal day,6,9,1,0,110
2023-06-27,Delhi,Carpenter,Rain,Major event,1,6,0,1,172
2023-03-02,Mumbai,Caregiver,Extreme heat,Normal day,3,3,0,0,87
2023-08-29,Mumbai,Electrician,Clear,Normal day,1,8,0,1,117
2024-12-02,Mumbai,Technician,Clear,Normal day,0,12,0,0,79
2025-10-13,Bengaluru,Plumber,Clear,Normal day,0,10,0,0,100
2024-02-05,Delhi,Electrician,Clear,Normal day,0,2,0,0,90
2023-12-12,Mumbai,Domestic Helper,Clear,Holiday,1,12,0,0,122
2023-10-13,Delhi,Caregiver,Clear,Normal day,4,10,0,0,81
2024-10-19,Mumbai,Technician,Clear,Normal day,5,10,1,0,125
2024-03-09,Delhi,Domestic Helper,Clear,Normal day,5,3,1,0,122
2025-06-16,Hyderabad,Carpenter,Rain,Normal day,0,6,0,0,98
2024-03-29,Delhi,Plumber,Clear,Normal day,4,3,0,1,119
2023-01-01,Hyderabad,Carpenter,Clear,Normal day,6,1,1,0,80
2023-06-30,Mumbai,Plumber,Rain,Normal day,4,6,0,1,155
2023-06-06,Delhi,Carpenter,Clear,Normal day,1,6,0,0,84
2025-07-31,Mumbai,Electrician,Rain,Normal day,3,7,0,1,162
2024-11-15,Bengaluru,Electrician,Clear,Holiday,4,11,0,0,136
2023-02-12,Mumbai,Caregiver,Clear,Normal day,6,2,1,0,119
2023-07-29,Bengaluru,Caregiver,Clear,Normal day,5,7,1,1,86
2025-03-23,Mumbai,Technician,Rain,Normal day,6,3,1,0,121
2023-12-09,Hyderabad,Plumber,Clear,Holiday,5,12,1,0,128
2025-04-11,Delhi,Caregiver,Clear,Normal day,4,4,0,0,96
2025-03-04,Hyderabad,Painter,Clear,Normal day,1,3,0,0,81
2025-09-12,Hyderabad,Painter,Rain,Normal day,4,9,0,0,113
2024-01-16,Hyderabad,Domestic Helper,Clear,Normal day,1,1,0,0,91
2023-01-10,Bengaluru,Caregiver,Clear,Normal day,1,1,0,0,74
2025-09-26,Mumbai,Technician,Clear,Normal day,4,9,0,1,111
2023-12-17,Hyderabad,Caregiver,Rain,Holiday,6,12,1,0,111
2025-02-27,Bengaluru,Carpenter,Rain,Normal day,3,2,0,1,100
2023-07-12,Delhi,Electrician,Clear,Normal day,2,7,0,0,130
2025-05-15,Bengaluru,Painter,Extreme heat,Normal day,3,5,0,0,85
2024-08-02,Delhi,Caregiver,Clear,Major event,4,8,0,0,114
2025-05-07,Mumbai,Technician,Clear,Normal day,2,5,0,0,111
2024-10-03,Hyderabad,Electrician,Clear,Holiday,3,10,0,0,105
2023-01-23,Hyderabad,Painter,Clear,Normal day,0,1,0,0,78
2023-12-14,Mumbai,Plumber,Clear,Normal day,3,12,0,0,116
2025-07-14,Bengaluru,Domestic Helper,Rain,Normal day,0,7,0,0,129
2023-03-30,Hyderabad,Domestic Helper,Clear,Holiday,3,3,0,1,111
2024-03-31,Delhi,Caregiver,Clear,Normal day,6,3,1,1,100
2023-05-26,Bengaluru,Plumber,Clear,Normal day,4,5,0,1,104
2023-02-20,Mumbai,Plumber,Rain,Normal day,0,2,0,0,133
2025-01-12,Delhi,Caregiver,Rain,Holiday,6,1,1,0,126
2023-10-13,Mumbai,Electrician,Clear,Holiday,4,10,0,0,125
2023-04-04,Mumbai,Plumber,Clear,Normal day,1,4,0,0,119
2024-03-31,Mumbai,Domestic Helper,Clear,Normal day,6,3,1,1,132
2023-05-19,Bengaluru,Caregiver,Clear,Normal day,4,5,0,0,76
2025-10-15,Hyderabad,Technician,Clear,Normal day,2,10,0,0,83
2025-07-26,Mumbai,Painter,Rain,Normal day,5,7,1,1,128
2025-06-15,Mumbai,Plumber,Clear,Normal day,6,6,1,0,106
2024-08-23,Mumbai,Plumber,Rain,Normal day,4,8,0,0,139
2025-04-15,Delhi,Electrician,Clear,Normal day,1,4,0,0,112
2025-11-08,Hyderabad,Carpenter,Clear,Holiday,5,11,1,0,99
2025-04-05,Mumbai,Technician,Clear,Normal day,5,4,1,0,118
2024-09-25,Delhi,Technician,Rain,Normal day,2,9,0,0,133
2025-11-01,Hyderabad,Plumber,Clear,Normal day,5,11,1,0,133
2025-11-18,Bengaluru,Electrician,Clear,Normal day,1,11,0,0,97
2025-11-26,Delhi,Plumber,Rain,Normal day,2,11,0,1,150
2023-09-03,Delhi,Electrician,Rain,Normal day,6,9,1,0,146
2023-06-04,Hyderabad,Domestic Helper,Clear,Normal day,6,6,1,0,111
2023-02-13,Delhi,Electrician,Extreme heat,Normal day,0,2,0,0,109
2024-07-26,Delhi,Electrician,Rain,Normal day,4,7,0,1,156
2023-12-16,Hyderabad,Electrician,Clear,Normal day,5,12,1,0,100
2023-01-13,Mumbai,Caregiver,Clear,Normal day,4,1,0,0,89
2024-06-24,Bengaluru,Technician,Rain,Holiday,0,6,0,0,111
2025-02-12,Mumbai,Caregiver,Extreme heat,Normal day,2,2,0,0,111
2024-07-13,Bengaluru,Domestic Helper,Rain,Normal day,5,7,1,0,176
2023-08-23,Hyderabad,Plumber,Clear,Normal day,2,8,0,0,91
2024-02-06,Hyderabad,Electrician,Extreme heat,Normal day,1,2,0,0,91
2025-09-15,Delhi,Electrician,Clear,Normal day,0,9,0,0,102
2023-11-22,Mumbai,Painter,Rain,Normal day,2,11,0,0,105
2024-07-02,Bengaluru,Caregiver,Clear,Normal day,1,7,0,0,81
2025-12-29,Mumbai,Domestic Helper,Clear,Normal day,0,12,0,1,98
2024-04-24,Delhi,Painter,Clear,Normal day,2,4,0,0,69
2023-08-31,Hyderabad,Carpenter,Rain,Normal day,3,8,0,1,109
2025-06-07,Hyderabad,Technician,Rain,Normal day,5,6,1,0,130
2023-08-06,Mumbai,Plumber,Rain,Normal day,6,8,1,0,173
2023-07-25,Bengaluru,Plumber,Rain,Normal day,1,7,0,0,129
2024-11-24,Delhi,Caregiver,Clear,Holiday,6,11,1,0,137
2025-01-22,Bengaluru,Electrician,Clear,Holiday,2,1,0,0,88
2024-08-07,Hyderabad,Electrician,Clear,Normal day,2,8,0,0,92
2025-01-29,Mumbai,Carpenter,Clear,Normal day,2,1,0,1,90
2025-03-24,Mumbai,Domestic Helper,Clear,Holiday,0,3,0,0,117
2024-07-08,Bengaluru,Domestic Helper,Clear,Normal day,0,7,0,0,101
2024-05-11,Delhi,Painter,Clear,Holiday,5,5,1,0,109
2025-10-11,Hyderabad,Painter,Clear,Normal day,5,10,1,0,108
2025-03-24,Mumbai,Painter,Clear,Normal day,0,3,0,0,77
2024-07-16,Hyderabad,Domestic Helper,Rain,Normal day,1,7,0,0,125
2023-07-03,Bengaluru,Technician,Rain,Normal day,0,7,0,0,100
2025-12-25,Mumbai,Carpenter,Clear,Normal day,3,12,0,0,96
2023-04-04,Delhi,Electrician,Clear,Normal day,1,4,0,0,102
2024-06-07,Hyderabad,Plumber,Extreme heat,Normal day,4,6,0,0,123
2023-03-04,Mumbai,Domestic Helper,Clear,Holiday,5,3,1,0,142
2023-08-21,Bengaluru,Caregiver,Clear,Normal day,0,8,0,0,72
2024-09-29,Bengaluru,Technician,Rain,Normal day,6,9,1,1,140
2023-02-12,Delhi,Technician,Clear,Normal day,6,2,1,0,93
2025-08-09,Delhi,Plumber,Rain,Normal day,5,8,1,0,167
2024-03-28,Delhi,Domestic Helper,Rain,Normal day,3,3,0,1,119
2023-02-13,Bengaluru,Domestic Helper,Clear,Normal day,0,2,0,0,80
2024-04-08,Mumbai,Carpenter,Clear,Holiday,0,4,0,0,113
2023-08-01,Delhi,Electrician,Rain,Holiday,1,8,0,0,142
2023-03-31,Mumbai,Electrician,Clear,Normal day,4,3,0,1,111
2025-03-10,Bengaluru,Painter,Clear,Normal day,0,3,0,0,88
2023-08-06,Hyderabad,Caregiver,Rain,Normal day,6,8,1,0,125
2024-07-02,Hyderabad,Carpenter,Rain,Normal day,1,7,0,0,113
2023-10-05,Bengaluru,Domestic Helper,Clear,Holiday,3,10,0,0,107
2024-09-25,Bengaluru,Domestic Helper,Clear,Normal day,2,9,0,0,85
2025-03-16,Mumbai,Plumber,Clear,Normal day,6,3,1,0,121
2024-06-08,Bengaluru,Carpenter,Clear,Normal day,5,6,1,0,103
2024-09-25,Hyderabad,Technician,Rain,Holiday,2,9,0,0,121
2024-03-31,Hyderabad,Technician,Clear,Normal day,6,3,1,1,107
2023-11-09,Bengaluru,Caregiver,Extreme heat,Holiday,3,11,0,0,105
2023-01-16,Delhi,Domestic Helper,Clear,Normal day,0,1,0,0,77
2023-08-13,Hyderabad,Caregiver,Rain,Normal day,6,8,1,0,109
2023-05-20,Bengaluru,Electrician,Clear,Normal day,5,5,1,0,126
2025-03-10,Hyderabad,Technician,Clear,Normal day,0,3,0,0,84
2025-06-15,Mumbai,Electrician,Rain,Normal day,6,6,1,0,143
2024-03-17,Delhi,Domestic Helper,Rain,Normal day,6,3,1,0,160
2023-04-15,Delhi,Painter,Clear,Normal day,5,4,1,0,75
2025-01-19,Hyderabad,Electrician,Clear,Normal day,6,1,1,0,102
2025-05-03,Delhi,Painter,Extreme heat,Normal day,5,5,1,0,124
2024-07-23,Bengaluru,Caregiver,Clear,Normal day,1,7,0,0,80
2025-05-09,Hyderabad,Electrician,Clear,Normal day,4,5,0,0,118
2023-08-18,Bengaluru,Technician,Clear,Major event,4,8,0,0,139
2025-10-09,Bengaluru,Electrician,Clear,Normal day,3,10,0,0,97
2024-11-22,Mumbai,Technician,Clear,Normal day,4,11,0,0,88
2024-01-16,Hyderabad,Plumber,Clear,Normal day,1,1,0,0,112
2023-10-09,Delhi,Painter,Clear,Normal day,0,10,0,0,67
2024-05-01,Mumbai,Carpenter,Extreme heat,Normal day,2,5,0,0,109
2025-11-17,Delhi,Domestic Helper,Clear,Normal day,0,11,0,0,116
2023-05-15,Hyderabad,Caregiver,Extreme heat,Normal day,0,5,0,0,88
2025-11-23,Mumbai,Technician,Clear,Normal day,6,11,1,0,110
2024-07-27,Mumbai,Plumber,Rain,Normal day,5,7,1,1,181
2025-10-12,Delhi,Plumber,Clear,Normal day,6,10,1,0,132
2023-01-07,Bengaluru,Caregiver,Clear,Normal day,5,1,1,0,96
2024-03-20,Bengaluru,Domestic Helper,Clear,Major event,2,3,0,0,110
2024-05-21,Hyderabad,Technician,Extreme heat,Normal day,1,5,0,0,94
2024-09-25,Bengaluru,Electrician,Rain,Holiday,2,9,0,0,152
2024-11-25,Hyderabad,Carpenter,Clear,Holiday,0,11,0,0,79
2024-12-21,Hyderabad,Domestic Helper,Clear,Normal day,5,12,1,0,90
2023-04-06,Delhi,Domestic Helper,Clear,Normal day,3,4,0,0,102
2025-08-02,Bengaluru,Carpenter,Clear,Normal day,5,8,1,0,91
2023-05-20,Bengaluru,Domestic Helper,Extreme heat,Normal day,5,5,1,0,137
2025-05-10,Delhi,Domestic Helper,Extreme heat,Normal day,5,5,1,0,116
2023-09-30,Hyderabad,Domestic Helper,Rain,Normal day,5,9,1,1,140
2025-04-25,Mumbai,Painter,Extreme heat,Normal day,4,4,0,0,90
2025-08-30,Bengaluru,Painter,Rain,Normal day,5,8,1,1,116
2024-01-15,Hyderabad,Caregiver,Rain,Normal day,0,1,0,0,100
2024-09-04,Mumbai,Caregiver,Clear,Holiday,2,9,0,0,116
2024-07-11,Hyderabad,Domestic Helper,Rain,Holiday,3,7,0,0,128
2024-06-26,Bengaluru,Caregiver,Clear,Normal day,2,6,0,1,113
2023-12-02,Hyderabad,Technician,Clear,Major event,5,12,1,0,114
2023-03-20,Hyderabad,Carpenter,Rain,Holiday,0,3,0,0,113
2025-05-30,Mumbai,Carpenter,Clear,Normal day,4,5,0,1,105
2023-06-14,Hyderabad,Painter,Rain,Normal day,2,6,0,0,97
2025-01-23,Bengaluru,Electrician,Clear,Normal day,3,1,0,0,122
2024-02-16,Hyderabad,Electrician,Clear,Normal day,4,2,0,0,97
2023-06-15,Delhi,Plumber,Clear,Normal day,3,6,0,0,108
2024-09-26,Mumbai,Domestic Helper,Extreme heat,Normal day,3,9,0,1,131
2023-06-03,Delhi,Electrician,Clear,Normal day,5,6,1,0,112
2025-08-30,Hyderabad,Caregiver,Rain,Normal day,5,8,1,1,100
2025-06-20,Mumbai,Plumber,Clear,Normal day,4,6,0,0,135
2024-04-10,Mumbai,Electrician,Clear,Normal day,2,4,0,0,99
2024-05-10,Delhi,Carpenter,Extreme heat,Normal day,4,5,0,0,99
2025-10-21,Delhi,Technician,Rain,Normal day,1,10,0,0,108
2024-01-01,Bengaluru,Caregiver,Rain,Holiday,0,1,0,0,83
2024-10-21,Delhi,Domestic Helper,Clear,Normal day,0,10,0,0,96
2025-09-24,Hyderabad,Technician,Rain,Normal day,2,9,0,0,91
2025-08-25,Bengaluru,Domestic Helper,Rain,Normal day,0,8,0,0,123
2025-10-22,Delhi,Painter,Clear,Holiday,2,10,0,0,100
2023-02-09,Delhi,Electrician,Clear,Major event,3,2,0,0,155
2024-12-20,Hyderabad,Caregiver,Extreme heat,Normal day,4,12,0,0,104
2025-03-25,Mumbai,Electrician,Clear,Normal day,1,3,0,0,112
2023-03-10,Mumbai,Domestic Helper,Clear,Normal day,4,3,0,0,112
2024-12-04,Delhi,Electrician,Clear,Holiday,2,12,0,0,119
2024-06-09,Delhi,Carpenter,Clear,Normal day,6,6,1,0,109
2025-02-21,Mumbai,Electrician,Rain,Normal day,4,2,0,0,121
2025-07-08,Mumbai,Painter,Clear,Normal day,1,7,0,0,100
2024-01-19,Bengaluru,Plumber,Clear,Normal day,4,1,0,0,105
2024-01-02,Mumbai,Domestic Helper,Clear,Normal day,1,1,0,0,110
2025-07-30,Bengaluru,Electrician,Rain,Normal day,2,7,0,1,134
2025-03-14,Bengaluru,Caregiver,Clear,Major event,4,3,0,0,111
2024-03-19,Mumbai,Caregiver,Clear,Normal day,1,3,0,0,88
2024-01-31,Mumbai,Plumber,Clear,Normal day,2,1,0,1,110
2025-09-13,Delhi,Painter,Rain,Normal day,5,9,1,0,111
2024-07-08,Hyderabad,Painter,Rain,Normal day,0,7,0,0,83
2024-01-17,Delhi,Electrician,Extreme heat,Normal day,2,1,0,0,104
2024-08-02,Mumbai,Painter,Rain,Normal day,4,8,0,0,96
2025-11-06,Bengaluru,Painter,Clear,Normal day,3,11,0,0,73
2024-08-08,Hyderabad,Technician,Clear,Normal day,3,8,0,0,101
2025-06-18,Delhi,Painter,Rain,Normal day,2,6,0,0,104
2024-01-03,Delhi,Plumber,Clear,Normal day,2,1,0,0,103
2025-03-01,Mumbai,Technician,Clear,Normal day,5,3,1,0,98
2025-01-13,Bengaluru,Painter,Clear,Holiday,0,1,0,0,82
2025-12-03,Hyderabad,Plumber,Clear,Holiday,2,12,0,0,112
2025-08-14,Hyderabad,Domestic Helper,Clear,Normal day,3,8,0,0,98
2023-05-20,Delhi,Carpenter,Rain,Normal day,5,5,1,0,130
2025-09-20,Hyderabad,Carpenter,Clear,Normal day,5,9,1,0,91
2024-02-08,Hyderabad,Caregiver,Clear,Normal day,3,2,0,0,68
2023-02-07,Mumbai,Electrician,Clear,Normal day,1,2,0,0,112
2024-01-02,Hyderabad,Painter,Rain,Normal day,1,1,0,0,89
2023-04-23,Hyderabad,Caregiver,Clear,Normal day,6,4,1,0,96
2025-02-21,Hyderabad,Caregiver,Clear,Normal day,4,2,0,0,78
2023-12-24,Bengaluru,Carpenter,Clear,Major event,6,12,1,0,117
2024-10-26,Hyderabad,Domestic Helper,Extreme heat,Normal day,5,10,1,1,125
2023-10-23,Bengaluru,Painter,Clear,Normal day,0,10,0,0,84
2024-11-07,Bengaluru,Domestic Helper,Clear,Normal day,3,11,0,0,110
2023-08-21,Delhi,Plumber,Clear,Holiday,0,8,0,0,125
2023-05-27,Mumbai,Caregiver,Clear,Normal day,5,5,1,1,113
2025-10-24,Hyderabad,Domestic Helper,Clear,Normal day,4,10,0,0,105
2025-05-30,Hyderabad,Carpenter,Extreme heat,Normal day,4,5,0,1,104
2024-06-03,Hyderabad,Technician,Clear,Holiday,0,6,0,0,105
2023-07-29,Hyderabad,Electrician,Rain,Normal day,5,7,1,1,155
2024-04-30,Hyderabad,Painter,Clear,Normal day,1,4,0,1,65
2024-11-16,Delhi,Caregiver,Rain,Holiday,5,11,1,0,160
2024-09-23,Bengaluru,Caregiver,Clear,Normal day,0,9,0,0,98
2025-02-05,Delhi,Plumber,Clear,Normal day,2,2,0,0,87
2025-01-09,Hyderabad,Domestic Helper,Clear,Normal day,3,1,0,0,73
2024-02-05,Delhi,Electrician,Clear,Normal day,0,2,0,0,86
2023-01-12,Mumbai,Plumber,Clear,Normal day,3,1,0,0,98
2023-09-12,Bengaluru,Plumber,Rain,Normal day,1,9,0,0,126
2023-05-03,Mumbai,Electrician,Extreme heat,Normal day,2,5,0,0,121
2023-04-16,Bengaluru,Caregiver,Extreme heat,Normal day,6,4,1,0,104
2025-06-25,Delhi,Technician,Rain,Normal day,2,6,0,0,131
2025-09-22,Mumbai,Carpenter,Rain,Normal day,0,9,0,0,91
2024-01-05,Mumbai,Domestic Helper,Clear,Holiday,4,1,0,0,120
2023-05-16,Mumbai,Painter,Clear,Normal day,1,5,0,0,83
2024-06-21,Mumbai,Carpenter,Rain,Normal day,4,6,0,0,117
2025-12-09,Delhi,Painter,Clear,Normal day,1,12,0,0,75
2025-10-15,Mumbai,Plumber,Clear,Normal day,2,10,0,0,120
2024-10-08,Delhi,Technician,Clear,Holiday,1,10,0,0,110
2023-08-08,Mumbai,Painter,Clear,Holiday,1,8,0,0,99
2024-09-04,Hyderabad,Technician,Rain,Normal day,2,9,0,0,106
2023-03-01,Bengaluru,Painter,Clear,Normal day,2,3,0,0,75
2024-08-31,Hyderabad,Domestic Helper,Clear,Holiday,5,8,1,1,119
2025-05-03,Mumbai,Technician,Clear,Normal day,5,5,1,0,137
2024-11-10,Hyderabad,Plumber,Extreme heat,Normal day,6,11,1,0,119
2024-09-07,Hyderabad,Plumber,Clear,Normal day,5,9,1,0,116
2024-07-27,Mumbai,Caregiver,Rain,Normal day,5,7,1,1,128
2023-12-20,Hyderabad,Carpenter,Clear,Normal day,2,12,0,0,73
2023-04-01,Bengaluru,Caregiver,Clear,Normal day,5,4,1,0,119
2024-01-08,Bengaluru,Carpenter,Clear,Normal day,0,1,0,0,75
2025-11-05,Delhi,Electrician,Clear,Normal day,2,11,0,0,110
2023-03-07,Delhi,Carpenter,Clear,Normal day,1,3,0,0,88
2024-11-10,Mumbai,Plumber,Clear,Major event,6,11,1,0,166
2025-07-14,Hyderabad,Painter,Clear,Normal day,0,7,0,0,69
2023-04-05,Mumbai,Plumber,Clear,Normal day,2,4,0,0,111
2023-02-24,Hyderabad,Plumber,Clear,Normal day,4,2,0,0,90
2025-11-09,Delhi,Plumber,Clear,Normal day,6,11,1,0,109
2024-06-09,Delhi,Painter,Clear,Normal day,6,6,1,0,99
2023-06-08,Bengaluru,Technician,Rain,Normal day,3,6,0,0,102
2024-03-23,Mumbai,Domestic Helper,Rain,Normal day,5,3,1,0,140
2024-06-11,Mumbai,Painter,Rain,Normal day,1,6,0,0,111
2025-09-12,Mumbai,Electrician,Rain,Normal day,4,9,0,0,136
2023-12-23,Bengaluru,Domestic Helper,Clear,Normal day,5,12,1,0,90
2024-11-29,Hyderabad,Domestic Helper,Clear,Normal day,4,11,0,1,127
2023-07-10,Mumbai,Caregiver,Rain,Holiday,0,7,0,0,118
2024-12-29,Delhi,Domestic Helper,Clear,Normal day,6,12,1,1,113
2023-12-11,Mumbai,Electrician,Clear,Holiday,0,12,0,0,120
2023-08-16,Mumbai,Technician,Rain,Normal day,2,8,0,0,135
2025-04-24,Hyderabad,Electrician,Clear,Normal day,3,4,0,0,75
2024-01-17,Delhi,Carpenter,Rain,Normal day,2,1,0,0,85
2024-09-07,Hyderabad,Carpenter,Rain,Normal day,5,9,1,0,104
2023-05-23,Bengaluru,Plumber,Extreme heat,Normal day,1,5,0,0,93
2025-04-30,Hyderabad,Plumber,Clear,Holiday,2,4,0,1,111
2024-09-03,Mumbai,Painter,Rain,Normal day,1,9,0,0,106
2025-05-29,Mumbai,Domestic Helper,Extreme heat,Normal day,3,5,0,1,125
2025-12-18,Delhi,Carpenter,Clear,Normal day,3,12,0,0,70
2023-01-26,Bengaluru,Plumber,Rain,Normal day,3,1,0,1,117
2024-12-07,Hyderabad,Plumber,Clear,Normal day,5,12,1,0,101
2025-08-27,Delhi,Electrician,Rain,Normal day,2,8,0,1,128
2023-05-26,Mumbai,Painter,Clear,Normal day,4,5,0,1,81
2023-01-14,Mumbai,Plumber,Clear,Normal day,5,1,1,0,133
2023-11-29,Bengaluru,Painter,Clear,Normal day,2,11,0,1,90
2024-09-21,Hyderabad,Electrician,Clear,Normal day,5,9,1,0,88
2024-10-02,Bengaluru,Caregiver,Clear,Normal day,2,10,0,0,89
2025-04-08,Delhi,Plumber,Extreme heat,Normal day,1,4,0,0,110
2024-05-05,Delhi,Painter,Clear,Normal day,6,5,1,0,75
2023-02-24,Mumbai,Electrician,Rain,Normal day,4,2,0,0,145
2025-11-07,Hyderabad,Electrician,Clear,Normal day,4,11,0,0,89
2023-03-24,Mumbai,Plumber,Clear,Holiday,4,3,0,0,138
2024-04-27,Mumbai,Caregiver,Clear,Normal day,5,4,1,1,111
2024-04-26,Delhi,Painter,Extreme heat,Holiday,4,4,0,1,123
2025-12-18,Bengaluru,Carpenter,Clear,Holiday,3,12,0,0,96
2025-07-04,Bengaluru,Technician,Rain,Normal day,4,7,0,0,132
2024-08-08,Hyderabad,Technician,Rain,Normal day,3,8,0,0,106
2025-08-11,Delhi,Domestic Helper,Rain,Holiday,0,8,0,0,127
2023-09-07,Hyderabad,Plumber,Rain,Normal day,3,9,0,0,111
2025-05-07,Delhi,Electrician,Extreme heat,Normal day,2,5,0,0,119
2025-10-26,Delhi,Painter,Clear,Normal day,6,10,1,1,103
2024-01-10,Hyderabad,Plumber,Clear,Major event,2,1,0,0,115
2024-12-14,Bengaluru,Plumber,Clear,Normal day,5,12,1,0,132
2024-11-27,Bengaluru,Painter,Clear,Normal day,2,11,0,1,84
2023-09-17,Hyderabad,Technician,Rain,Holiday,6,9,1,0,132
2024-12-16,Mumbai,Technician,Rain,Normal day,0,12,0,0,98
2025-05-25,Delhi,Technician,Extreme heat,Normal day,6,5,1,0,135
2025-06-02,Delhi,Painter,Rain,Normal day,0,6,0,0,86
2025-03-23,Delhi,Painter,Clear,Normal day,6,3,1,0,81
2024-07-23,Mumbai,Caregiver,Rain,Major event,1,7,0,0,197
2023-01-11,Bengaluru,Technician,Clear,Normal day,2,1,0,0,81
2025-06-27,Delhi,Plumber,Clear,Normal day,4,6,0,1,143
2023-07-19,Bengaluru,Technician,Rain,Normal day,2,7,0,0,125
2024-01-01,Mumbai,Plumber,Clear,Normal day,0,1,0,0,99
2024-04-01,Mumbai,Painter,Clear,Normal day,0,4,0,0,88
2023-12-03,Mumbai,Technician,Extreme heat,Normal day,6,12,1,0,117
2024-07-04,Delhi,Electrician,Clear,Normal day,3,7,0,0,124
2025-08-22,Hyderabad,Painter,Clear,Normal day,4,8,0,0,82
2025-05-13,Hyderabad,Electrician,Clear,Normal day,1,5,0,0,94
2023-03-15,Bengaluru,Carpenter,Clear,Normal day,2,3,0,0,84
2023-09-09,Hyderabad,Plumber,Rain,Normal day,5,9,1,0,137
2024-05-03,Mumbai,Caregiver,Extreme heat,Normal day,4,5,0,0,115
2025-11-06,Bengaluru,Carpenter,Clear,Normal day,3,11,0,0,93
2025-03-07,Mumbai,Electrician,Extreme heat,Normal day,4,3,0,0,137
2024-12-12,Delhi,Caregiver,Clear,Normal day,3,12,0,0,95
2025-10-27,Hyderabad,Carpenter,Clear,Normal day,0,10,0,1,88
2024-11-03,Bengaluru,Caregiver,Clear,Normal day,6,11,1,0,89
2024-04-02,Mumbai,Plumber,Clear,Normal day,1,4,0,0,113
2024-07-29,Delhi,Carpenter,Clear,Normal day,0,7,0,1,120
2024-10-16,Bengaluru,Electrician,Clear,Normal day,2,10,0,0,113
2023-06-29,Mumbai,Domestic Helper,Clear,Normal day,3,6,0,1,111
2024-09-02,Bengaluru,Domestic Helper,Rain,Normal day,0,9,0,0,105
2024-04-07,Mumbai,Painter,Extreme heat,Normal day,6,4,1,0,109
2025-07-17,Bengaluru,Electrician,Rain,Normal day,3,7,0,0,142
2025-07-08,Mumbai,Plumber,Rain,Normal day,1,7,0,0,147
2023-03-19,Bengaluru,Electrician,Clear,Normal day,6,3,1,0,112
2023-04-01,Delhi,Carpenter,Extreme heat,Normal day,5,4,1,0,101
2025-09-23,Bengaluru,Plumber,Rain,Normal day,1,9,0,0,127
2023-03-19,Mumbai,Painter,Clear,Normal day,6,3,1,0,88
2025-08-16,Delhi,Painter,Rain,Normal day,5,8,1,0,138
2023-01-01,Hyderabad,Caregiver,Clear,Holiday,6,1,1,0,91
2025-06-07,Hyderabad,Electrician,Rain,Normal day,5,6,1,0,129
2025-04-05,Bengaluru,Electrician,Extreme heat,Normal day,5,4,1,0,114
2024-01-18,Mumbai,Technician,Clear,Major event,3,1,0,0,130
2025-09-11,Delhi,Domestic Helper,Clear,Normal day,3,9,0,0,98
2024-05-01,Bengaluru,Domestic Helper,Clear,Normal day,2,5,0,0,94
2024-02-10,Hyderabad,Plumber,Clear,Normal day,5,2,1,0,98
2023-10-03,Hyderabad,Domestic Helper,Clear,Normal day,1,10,0,0,101
2023-09-03,Hyderabad,Carpenter,Rain,Normal day,6,9,1,0,90
2024-03-22,Delhi,Carpenter,Clear,Normal day,4,3,0,0,95
2025-02-21,Delhi,Caregiver,Clear,Normal day,4,2,0,0,66
2025-05-02,Mumbai,Carpenter,Extreme heat,Normal day,4,5,0,0,107
2024-05-07,Bengaluru,Electrician,Clear,Normal day,1,5,0,0,92
2023-05-01,Hyderabad,Carpenter,Clear,Normal day,0,5,0,0,85
2024-05-18,Delhi,Caregiver,Clear,Holiday,5,5,1,0,104
2023-03-22,Delhi,Technician,Clear,Normal day,2,3,0,0,97
2024-05-06,Bengaluru,Domestic Helper,Extreme heat,Normal day,0,5,0,0,104
2025-06-21,Mumbai,Painter,Rain,Normal day,5,6,1,0,119
2025-06-25,Mumbai,Carpenter,Clear,Normal day,2,6,0,0,83
2024-01-20,Mumbai,Domestic Helper,Clear,Normal day,5,1,1,0,104
2025-03-01,Hyderabad,Electrician,Rain,Normal day,5,3,1,0,124
2023-07-12,Bengaluru,Electrician,Clear,Holiday,2,7,0,0,114
2023-04-20,Hyderabad,Technician,Clear,Holiday,3,4,0,0,99
2024-09-28,Delhi,Painter,Rain,Normal day,5,9,1,1,106
2025-08-28,Bengaluru,Domestic Helper,Clear,Normal day,3,8,0,1,98
2023-02-06,Bengaluru,Electrician,Clear,Normal day,0,2,0,0,90
2023-07-04,Mumbai,Plumber,Clear,Normal day,1,7,0,0,123
2023-12-12,Bengaluru,Carpenter,Clear,Normal day,1,12,0,0,69
2024-06-06,Bengaluru,Electrician,Clear,Normal day,3,6,0,0,105
2024-05-21,Mumbai,Electrician,Clear,Normal day,1,5,0,0,116
2023-06-09,Mumbai,Painter,Rain,Normal day,4,6,0,0,93
2024-06-29,Delhi,Plumber,Rain,Normal day,5,6,1,1,161
2024-08-14,Delhi,Painter,Clear,Normal day,2,8,0,0,77
2024-09-27,Hyderabad,Domestic Helper,Rain,Holiday,4,9,0,1,111
2024-02-06,Mumbai,Painter,Rain,Normal day,1,2,0,0,98
2025-06-26,Delhi,Painter,Rain,Normal day,3,6,0,1,113
2023-08-02,Delhi,Domestic Helper,Rain,Normal day,2,8,0,0,116
2023-09-01,Mumbai,Caregiver,Rain,Normal day,4,9,0,0,123
2025-11-12,Mumbai,Plumber,Rain,Normal day,2,11,0,0,136
2025-02-08,Delhi,Painter,Clear,Normal day,5,2,1,0,72
2025-02-14,Bengaluru,Plumber,Clear,Normal day,4,2,0,0,98
2023-08-31,Hyderabad,Caregiver,Rain,Normal day,3,8,0,1,108
2023-11-20,Hyderabad,Technician,Clear,Major event,0,11,0,0,98
2025-10-25,Hyderabad,Caregiver,Clear,Normal day,5,10,1,0,72
2024-08-30,Hyderabad,Carpenter,Rain,Normal day,4,8,0,1,132
2024-10-16,Hyderabad,Painter,Clear,Normal day,2,10,0,0,100
2025-11-04,Bengaluru,Electrician,Rain,Normal day,1,11,0,0,121
2025-04-22,Mumbai,Plumber,Extreme heat,Normal day,1,4,0,0,128
2025-08-30,Mumbai,Technician,Rain,Normal day,5,8,1,1,148
2024-07-25,Hyderabad,Technician,Clear,Holiday,3,7,0,0,103
2023-12-26,Hyderabad,Painter,Clear,Normal day,1,12,0,1,68
2024-11-22,Hyderabad,Electrician,Clear,Normal day,4,11,0,0,94
2025-01-23,Delhi,Technician,Clear,Normal day,3,1,0,0,92
2025-01-06,Mumbai,Electrician,Extreme heat,Normal day,0,1,0,0,108
2024-03-06,Mumbai,Electrician,Clear,Major event,2,3,0,0,116
2024-11-11,Hyderabad,Caregiver,Clear,Holiday,0,11,0,0,91
2025-11-06,Bengaluru,Plumber,Extreme heat,Normal day,3,11,0,0,119
2023-11-17,Delhi,Carpenter,Clear,Normal day,4,11,0,0,104
2025-10-20,Hyderabad,Domestic Helper,Clear,Holiday,0,10,0,0,113
2025-12-06,Mumbai,Painter,Clear,Major event,5,12,1,0,117
2023-05-21,Bengaluru,Painter,Clear,Normal day,6,5,1,0,108
2023-06-20,Delhi,Caregiver,Clear,Normal day,1,6,0,0,65
2024-08-24,Bengaluru,Domestic Helper,Rain,Normal day,5,8,1,0,127
2025-07-19,Bengaluru,Caregiver,Rain,Normal day,5,7,1,0,113
2025-03-24,Hyderabad,Electrician,Clear,Normal day,0,3,0,0,90
2023-11-21,Delhi,Domestic Helper,Clear,Normal day,1,11,0,0,95
2025-02-11,Mumbai,Carpenter,Clear,Normal day,1,2,0,0,99
2023-04-07,Delhi,Electrician,Clear,Normal day,4,4,0,0,120
2025-03-13,Hyderabad,Plumber,Clear,Normal day,3,3,0,0,100
2025-02-16,Mumbai,Domestic Helper,Clear,Holiday,6,2,1,0,114
2024-05-20,Mumbai,Technician,Clear,Normal day,0,5,0,0,103
2025-03-26,Hyderabad,Painter,Clear,Normal day,2,3,0,1,57
2023-06-06,Hyderabad,Electrician,Rain,Major event,1,6,0,0,146
2024-11-14,Mumbai,Caregiver,Rain,Normal day,3,11,0,0,131
2023-06-10,Bengaluru,Plumber,Clear,Normal day,5,6,1,0,112
2025-03-25,Bengaluru,Carpenter,Clear,Normal day,1,3,0,0,92
2025-02-27,Bengaluru,Technician,Rain,Holiday,3,2,0,1,113
2024-05-02,Delhi,Electrician,Extreme heat,Normal day,3,5,0,0,120
2024-06-09,Bengaluru,Carpenter,Clear,Normal day,6,6,1,0,111
2025-01-15,Delhi,Carpenter,Clear,Normal day,2,1,0,0,80
2024-05-21,Mumbai,Carpenter,Clear,Holiday,1,5,0,0,95
2024-09-09,Bengaluru,Carpenter,Rain,Normal day,0,9,0,0,105
2023-02-18,Mumbai,Painter,Clear,Normal day,5,2,1,0,90
2024-09-22,Hyderabad,Carpenter,Clear,Normal day,6,9,1,0,87
2024-08-26,Delhi,Plumber,Clear,Normal day,0,8,0,1,123
2024-10-11,Bengaluru,Electrician,Extreme heat,Holiday,4,10,0,0,118
2025-01-19,Mumbai,Painter,Clear,Major event,6,1,1,0,102
2025-03-15,Hyderabad,Domestic Helper,Clear,Normal day,5,3,1,0,85
2025-09-09,Hyderabad,Domestic Helper,Rain,Normal day,1,9,0,0,104
2024-03-01,Delhi,Electrician,Clear,Normal day,4,3,0,0,93
2024-07-15,Delhi,Domestic Helper,Rain,Normal day,0,7,0,0,133
2023-05-13,Delhi,Plumber,Clear,Major event,5,5,1,0,163
2023-02-05,Delhi,Plumber,Extreme heat,Normal day,6,2,1,0,147
2023-06-05,Delhi,Electrician,Rain,Normal day,0,6,0,0,141
2024-03-03,Mumbai,Domestic Helper,Clear,Normal day,6,3,1,0,127
2025-04-07,Delhi,Electrician,Extreme heat,Normal day,0,4,0,0,119
2025-07-22,Bengaluru,Electrician,Clear,Normal day,1,7,0,0,107
2023-08-01,Mumbai,Painter,Rain,Normal day,1,8,0,0,101
2024-07-27,Mumbai,Domestic Helper,Clear,Normal day,5,7,1,1,144
2023-02-22,Bengaluru,Domestic Helper,Clear,Normal day,2,2,0,0,99
2025-01-12,Bengaluru,Domestic Helper,Clear,Normal day,6,1,1,0,100
2024-03-08,Mumbai,Domestic Helper,Clear,Normal day,4,3,0,0,116
2024-05-14,Hyderabad,Plumber,Clear,Normal day,1,5,0,0,86
2023-10-02,Hyderabad,Carpenter,Clear,Normal day,0,10,0,0,86
2023-08-16,Mumbai,Caregiver,Clear,Normal day,2,8,0,0,107
2023-08-10,Mumbai,Domestic Helper,Rain,Normal day,3,8,0,0,145
2024-03-09,Bengaluru,Electrician,Clear,Normal day,5,3,1,0,97
2025-12-25,Bengaluru,Domestic Helper,Clear,Normal day,3,12,0,0,88
2023-12-15,Delhi,Carpenter,Clear,Normal day,4,12,0,0,107
2023-07-02,Hyderabad,Painter,Clear,Normal day,6,7,1,0,91
2025-06-13,Bengaluru,Painter,Rain,Holiday,4,6,0,0,98
2025-08-25,Mumbai,Domestic Helper,Rain,Normal day,0,8,0,0,118
2024-04-30,Mumbai,Caregiver,Clear,Normal day,1,4,0,1,90
2024-03-05,Delhi,Plumber,Clear,Normal day,1,3,0,0,94
2024-12-22,Hyderabad,Plumber,Clear,Normal day,6,12,1,0,111
2025-07-31,Mumbai,Caregiver,Clear,Normal day,3,7,0,1,107
2023-02-15,Delhi,Caregiver,Rain,Normal day,2,2,0,0,113
2023-02-27,Delhi,Electrician,Clear,Normal day,0,2,0,1,103
2025-10-13,Bengaluru,Technician,Clear,Normal day,0,10,0,0,77
2025-12-25,Mumbai,Electrician,Clear,Holiday,3,12,0,0,133
2024-08-07,Hyderabad,Domestic Helper,Clear,Normal day,2,8,0,0,74
2025-03-30,Mumbai,Painter,Clear,Normal day,6,3,1,1,87
2024-03-10,Hyderabad,Technician,Clear,Normal day,6,3,1,0,82
2025-06-18,Mumbai,Plumber,Extreme heat,Normal day,2,6,0,0,141
2023-10-12,Mumbai,Carpenter,Clear,Normal day,3,10,0,0,96
2025-07-16,Mumbai,Painter,Rain,Holiday,2,7,0,0,124
2024-11-28,Delhi,Electrician,Clear,Normal day,3,11,0,1,101
2025-12-03,Hyderabad,Technician,Clear,Normal day,2,12,0,0,89
2023-01-16,Delhi,Carpenter,Clear,Normal day,0,1,0,0,86
2025-06-25,Hyderabad,Carpenter,Clear,Normal day,2,6,0,0,79
2023-01-08,Delhi,Painter,Clear,Normal day,6,1,1,0,67
2023-03-10,Hyderabad,Caregiver,Clear,Normal day,4,3,0,0,70
2024-03-20,Mumbai,Domestic Helper,Clear,Normal day,2,3,0,0,99
2024-09-04,Delhi,Caregiver,Rain,Normal day,2,9,0,0,124
2025-02-05,Bengaluru,Domestic Helper,Extreme heat,Normal day,2,2,0,0,96
2023-01-11,Hyderabad,Painter,Clear,Normal day,2,1,0,0,70
2025-10-08,Mumbai,Caregiver,Clear,Holiday,2,10,0,0,91
2024-10-21,Hyderabad,Electrician,Rain,Normal day,0,10,0,0,118
2024-12-10,Bengaluru,Electrician,Clear,Normal day,1,12,0,0,92
2024-01-19,Bengaluru,Carpenter,Clear,Normal day,4,1,0,0,82
2025-06-27,Bengaluru,Carpenter,Rain,Normal day,4,6,0,1,111
2025-09-01,Mumbai,Carpenter,Rain,Normal day,0,9,0,0,121
2023-09-22,Hyderabad,Electrician,Clear,Normal day,4,9,0,0,103
2024-05-01,Bengaluru,Carpenter,Extreme heat,Normal day,2,5,0,0,94
2023-04-16,Bengaluru,Domestic Helper,Clear,Normal day,6,4,1,0,99
2025-10-25,Bengaluru,Domestic Helper,Clear,Normal day,5,10,1,0,117
2023-12-17,Bengaluru,Domestic Helper,Clear,Normal day,6,12,1,0,90
2023-08-24,Bengaluru,Caregiver,Rain,Normal day,3,8,0,0,89
2023-10-23,Mumbai,Caregiver,Clear,Normal day,0,10,0,0,84
2023-06-17,Mumbai,Electrician,Rain,Normal day,5,6,1,0,140
2023-09-25,Bengaluru,Plumber,Clear,Major event,0,9,0,0,146
2023-12-10,Mumbai,Painter,Clear,Normal day,6,12,1,0,99
2023-10-06,Delhi,Technician,Clear,Normal day,4,10,0,0,83
2025-11-15,Mumbai,Carpenter,Clear,Normal day,5,11,1,0,122
2024-05-28,Mumbai,Plumber,Clear,Major event,1,5,0,1,148
2023-12-31,Mumbai,Carpenter,Clear,Major event,6,12,1,1,144
2025-08-16,Hyderabad,Caregiver,Clear,Normal day,5,8,1,0,98
2025-12-29,Bengaluru,Painter,Clear,Normal day,0,12,0,1,88
2025-02-16,Delhi,Plumber,Clear,Major event,6,2,1,0,150
2025-11-10,Delhi,Technician,Clear,Normal day,0,11,0,0,108
2023-04-13,Delhi,Electrician,Extreme heat,Holiday,3,4,0,0,136
2024-01-18,Mumbai,Caregiver,Rain,Normal day,3,1,0,0,101
2025-02-23,Bengaluru,Electrician,Extreme heat,Normal day,6,2,1,0,126
2025-07-24,Delhi,Domestic Helper,Clear,Holiday,3,7,0,0,141
2025-06-24,Bengaluru,Carpenter,Extreme heat,Normal day,1,6,0,0,121
2024-04-25,Hyderabad,Carpenter,Extreme heat,Normal day,3,4,0,0,95
2025-09-27,Mumbai,Painter,Clear,Normal day,5,9,1,1,109
2023-02-13,Bengaluru,Plumber,Clear,Normal day,0,2,0,0,89
2025-11-02,Delhi,Domestic Helper,Clear,Normal day,6,11,1,0,111
2024-04-14,Mumbai,Domestic Helper,Extreme heat,Normal day,6,4,1,0,125
2025-05-23,Hyderabad,Electrician,Clear,Normal day,4,5,0,0,105
2024-01-13,Delhi,Caregiver,Clear,Normal day,5,1,1,0,108
2024-10-25,Hyderabad,Electrician,Clear,Normal day,4,10,0,0,87
2025-10-14,Bengaluru,Electrician,Clear,Holiday,1,10,0,0,106
2023-06-20,Bengaluru,Plumber,Clear,Normal day,1,6,0,0,100
2024-04-01,Delhi,Domestic Helper,Clear,Normal day,0,4,0,0,87
2025-08-20,Mumbai,Plumber,Clear,Normal day,2,8,0,0,129
2023-06-27,Delhi,Carpenter,Rain,Normal day,1,6,0,1,143
2025-06-07,Hyderabad,Plumber,Rain,Normal day,5,6,1,0,133
2024-07-11,Mumbai,Domestic Helper,Rain,Normal day,3,7,0,0,151
2023-05-12,Delhi,Carpenter,Clear,Normal day,4,5,0,0,94
2023-08-26,Bengaluru,Technician,Rain,Normal day,5,8,1,1,138
2025-10-21,Delhi,Domestic Helper,Clear,Normal day,1,10,0,0,108
2023-08-23,Mumbai,Caregiver,Rain,Normal day,2,8,0,0,88
2024-11-18,Bengaluru,Painter,Clear,Normal day,0,11,0,0,56
2025-03-09,Hyderabad,Carpenter,Clear,Normal day,6,3,1,0,81
2023-06-30,Mumbai,Technician,Rain,Normal day,4,6,0,1,160
2023-01-02,Bengaluru,Domestic Helper,Clear,Normal day,0,1,0,0,83
2023-08-09,Bengaluru,Painter,Clear,Holiday,2,8,0,0,90
2024-07-14,Delhi,Plumber,Clear,Normal day,6,7,1,0,131
2024-06-27,Delhi,Electrician,Rain,Normal day,3,6,0,1,137
2025-10-23,Bengaluru,Caregiver,Clear,Normal day,3,10,0,0,89
2024-11-07,Delhi,Electrician,Extreme heat,Normal day,3,11,0,0,146
2024-12-10,Delhi,Technician,Clear,Normal day,1,12,0,0,87
2023-03-25,Mumbai,Carpenter,Clear,Normal day,5,3,1,0,99
2025-12-29,Mumbai,Electrician,Extreme heat,Normal day,0,12,0,1,141
2024-07-12,Bengaluru,Domestic Helper,Clear,Normal day,4,7,0,0,107
2023-03-10,Bengaluru,Painter,Clear,Normal day,4,3,0,0,78
2023-07-11,Mumbai,Plumber,Rain,Normal day,1,7,0,0,155
2024-01-26,Bengaluru,Painter,Clear,Normal day,4,1,0,1,61
2023-12-11,Hyderabad,Technician,Clear,Major event,0,12,0,0,127
2024-05-01,Bengaluru,Painter,Clear,Normal day,2,5,0,0,83
2023-02-25,Hyderabad,Carpenter,Clear,Normal day,5,2,1,0,72
2025-02-08,Hyderabad,Electrician,Clear,Holiday,5,2,1,0,116
2025-02-08,Delhi,Electrician,Clear,Normal day,5,2,1,0,98
2024-10-29,Mumbai,Technician,Clear,Normal day,1,10,0,1,113
2024-11-03,Mumbai,Caregiver,Clear,Normal day,6,11,1,0,96
2024-12-25,Delhi,Caregiver,Clear,Normal day,2,12,0,0,91
2023-06-24,Delhi,Technician,Rain,Normal day,5,6,1,0,152
2024-11-11,Delhi,Domestic Helper,Extreme heat,Normal day,0,11,0,0,131
2025-08-04,Bengaluru,Technician,Clear,Normal day,0,8,0,0,91
2025-11-25,Bengaluru,Electrician,Clear,Normal day,1,11,0,0,80
2025-02-08,Mumbai,Plumber,Clear,Normal day,5,2,1,0,116
2023-03-23,Mumbai,Electrician,Clear,Normal day,3,3,0,0,113
2023-09-05,Hyderabad,Caregiver,Clear,Normal day,1,9,0,0,69
2023-12-20,Delhi,Carpenter,Rain,Normal day,2,12,0,0,101
2023-06-23,Bengaluru,Plumber,Rain,Normal day,4,6,0,0,141
2023-07-21,Delhi,Technician,Clear,Major event,4,7,0,0,153
2025-10-26,Delhi,Carpenter,Clear,Normal day,6,10,1,1,127
2025-06-09,Bengaluru,Electrician,Clear,Normal day,0,6,0,0,100
2023-10-12,Delhi,Domestic Helper,Clear,Normal day,3,10,0,0,95
2025-10-14,Bengaluru,Plumber,Clear,Normal day,1,10,0,0,102
2024-12-17,Delhi,Technician,Extreme heat,Normal day,1,12,0,0,117
2024-12-23,Bengaluru,Domestic Helper,Clear,Normal day,0,12,0,0,103
2023-02-06,Bengaluru,Technician,Clear,Normal day,0,2,0,0,83
2023-02-13,Delhi,Carpenter,Rain,Normal day,0,2,0,0,102
2025-05-15,Mumbai,Caregiver,Extreme heat,Normal day,3,5,0,0,97
2023-08-13,Hyderabad,Carpenter,Clear,Normal day,6,8,1,0,89
2025-07-24,Mumbai,Technician,Rain,Normal day,3,7,0,0,129
2023-04-09,Hyderabad,Painter,Clear,Normal day,6,4,1,0,87
2024-12-31,Mumbai,Technician,Clear,Normal day,1,12,0,1,97
2023-01-29,Mumbai,Electrician,Clear,Normal day,6,1,1,1,115
2025-09-11,Hyderabad,Electrician,Clear,Normal day,3,9,0,0,93
2023-05-15,Bengaluru,Plumber,Clear,Normal day,0,5,0,0,95
2025-08-26,Hyderabad,Domestic Helper,Clear,Normal day,1,8,0,1,119
2023-03-29,Hyderabad,Caregiver,Clear,Normal day,2,3,0,1,66
2023-10-12,Mumbai,Painter,Clear,Normal day,3,10,0,0,92
2025-04-30,Mumbai,Plumber,Extreme heat,Normal day,2,4,0,1,139
2024-04-13,Delhi,Plumber,Extreme heat,Major event,5,4,1,0,169
2025-08-02,Hyderabad,Plumber,Rain,Normal day,5,8,1,0,127
2025-10-31,Bengaluru,Technician,Rain,Holiday,4,10,0,1,158
2025-06-09,Bengaluru,Plumber,Clear,Normal day,0,6,0,0,111
2023-10-07,Hyderabad,Technician,Rain,Holiday,5,10,1,0,138
2023-09-20,Mumbai,Plumber,Rain,Normal day,2,9,0,0,151
2023-04-28,Bengaluru,Plumber,Clear,Normal day,4,4,0,1,131
2024-04-01,Bengaluru,Carpenter,Extreme heat,Normal day,0,4,0,0,117
2025-03-28,Hyderabad,Caregiver,Clear,Normal day,4,3,0,1,85
2023-07-12,Delhi,Plumber,Clear,Normal day,2,7,0,0,100
2024-11-27,Hyderabad,Carpenter,Clear,Normal day,2,11,0,1,77
2025-04-29,Mumbai,Technician,Extreme heat,Normal day,1,4,0,1,121
2025-08-01,Delhi,Plumber,Rain,Normal day,4,8,0,0,153
2024-06-13,Mumbai,Plumber,Clear,Normal day,3,6,0,0,115
2023-08-15,Delhi,Plumber,Rain,Normal day,1,8,0,0,114
2025-04-29,Delhi,Carpenter,Extreme heat,Normal day,1,4,0,1,105
2023-05-10,Hyderabad,Painter,Clear,Normal day,2,5,0,0,84
2023-04-07,Mumbai,Plumber,Clear,Normal day,4,4,0,0,114
2025-11-17,Bengaluru,Painter,Clear,Normal day,0,11,0,0,71
2023-06-21,Delhi,Carpenter,Rain,Normal day,2,6,0,0,118
2023-06-29,Mumbai,Technician,Rain,Holiday,3,6,0,1,145
2023-08-01,Mumbai,Caregiver,Clear,Major event,1,8,0,0,110
2023-06-09,Hyderabad,Domestic Helper,Rain,Normal day,4,6,0,0,132
2024-09-14,Delhi,Caregiver,Rain,Normal day,5,9,1,0,113
2025-08-27,Hyderabad,Caregiver,Clear,Normal day,2,8,0,1,79
2025-02-10,Mumbai,Carpenter,Clear,Normal day,0,2,0,0,78
2023-07-31,Bengaluru,Painter,Clear,Normal day,0,7,0,1,77
2024-04-12,Delhi,Carpenter,Extreme heat,Normal day,4,4,0,0,92
2024-07-03,Bengaluru,Caregiver,Extreme heat,Normal day,2,7,0,0,96
2025-02-18,Delhi,Technician,Clear,Normal day,1,2,0,0,80
2023-12-20,Mumbai,Electrician,Clear,Holiday,2,12,0,0,111
2024-08-22,Mumbai,Plumber,Clear,Normal day,3,8,0,0,132
2023-07-07,Hyderabad,Painter,Clear,Normal day,4,7,0,0,63
2024-01-30,Delhi,Electrician,Clear,Normal day,1,1,0,1,117
2025-07-13,Mumbai,Electrician,Clear,Normal day,6,7,1,0,160
2023-11-28,Hyderabad,Technician,Clear,Normal day,1,11,0,1,91
2024-03-10,Bengaluru,Painter,Clear,Normal day,6,3,1,0,88
2024-06-09,Mumbai,Electrician,Rain,Normal day,6,6,1,0,136
2023-08-27,Bengaluru,Painter,Rain,Normal day,6,8,1,1,108
2024-05-17,Bengaluru,Electrician,Clear,Normal day,4,5,0,0,105
2023-08-23,Bengaluru,Caregiver,Rain,Normal day,2,8,0,0,111
2023-04-09,Delhi,Plumber,Extreme heat,Holiday,6,4,1,0,163
2024-11-28,Hyderabad,Painter,Clear,Normal day,3,11,0,1,71
2024-12-10,Bengaluru,Electrician,Clear,Normal day,1,12,0,0,123
2025-01-03,Mumbai,Painter,Clear,Holiday,4,1,0,0,124
2025-07-29,Mumbai,Technician,Rain,Normal day,1,7,0,1,120
2023-01-17,Mumbai,Carpenter,Clear,Holiday,1,1,0,0,99
2024-07-02,Bengaluru,Painter,Rain,Normal day,1,7,0,0,84
2025-06-11,Delhi,Painter,Rain,Normal day,2,6,0,0,92
2024-09-30,Mumbai,Domestic Helper,Clear,Normal day,0,9,0,1,98
2023-12-03,Bengaluru,Carpenter,Clear,Normal day,6,12,1,0,95
2023-12-07,Delhi,Carpenter,Clear,Normal day,3,12,0,0,85
2024-06-19,Bengaluru,Electrician,Clear,Normal day,2,6,0,0,93
2024-06-27,Hyderabad,Domestic Helper,Rain,Normal day,3,6,0,1,116
2023-11-20,Mumbai,Plumber,Clear,Normal day,0,11,0,0,124
2024-07-09,Delhi,Carpenter,Rain,Normal day,1,7,0,0,106
2024-09-10,Delhi,Domestic Helper,Clear,Normal day,1,9,0,0,125
2024-09-27,Delhi,Carpenter,Clear,Normal day,4,9,0,1,106
2023-08-30,Delhi,Painter,Clear,Normal day,2,8,0,1,93
2023-07-10,Delhi,Plumber,Clear,Holiday,0,7,0,0,144
2023-05-12,Mumbai,Plumber,Extreme heat,Holiday,4,5,0,0,145
2024-04-24,Mumbai,Painter,Clear,Normal day,2,4,0,0,81
2025-03-23,Bengaluru,Technician,Clear,Normal day,6,3,1,0,96
2024-12-21,Delhi,Carpenter,Clear,Normal day,5,12,1,0,91
2023-10-29,Delhi,Caregiver,Clear,Holiday,6,10,1,1,127
2024-03-01,Hyderabad,Plumber,Clear,Major event,4,3,0,0,120
2025-04-26,Hyderabad,Painter,Extreme heat,Normal day,5,4,1,1,91
2023-05-04,Hyderabad,Domestic Helper,Clear,Normal day,3,5,0,0,90
2024-03-13,Delhi,Painter,Clear,Normal day,2,3,0,0,79
2025-09-07,Delhi,Plumber,Rain,Normal day,6,9,1,0,169
2023-06-28,Mumbai,Domestic Helper,Rain,Normal day,2,6,0,1,156
2023-06-21,Mumbai,Caregiver,Clear,Normal day,2,6,0,0,80
2025-10-21,Delhi,Domestic Helper,Clear,Normal day,1,10,0,0,116
2023-01-23,Delhi,Electrician,Clear,Holiday,0,1,0,0,115
2023-07-12,Bengaluru,Carpenter,Clear,Normal day,2,7,0,0,99
2025-10-25,Delhi,Painter,Clear,Normal day,5,10,1,0,96
2023-11-26,Bengaluru,Painter,Rain,Normal day,6,11,1,1,108
2025-03-15,Mumbai,Caregiver,Clear,Normal day,5,3,1,0,92
2024-09-26,Mumbai,Technician,Rain,Normal day,3,9,0,1,116
2024-09-16,Delhi,Technician,Clear,Normal day,0,9,0,0,95
2024-12-19,Bengaluru,Caregiver,Clear,Normal day,3,12,0,0,69
2025-07-15,Delhi,Plumber,Rain,Holiday,1,7,0,0,165
2024-06-15,Hyderabad,Caregiver,Clear,Normal day,5,6,1,0,94
2024-10-20,Delhi,Carpenter,Clear,Major event,6,10,1,0,122
2023-09-14,Mumbai,Plumber,Clear,Normal day,3,9,0,0,116
2025-12-03,Delhi,Domestic Helper,Clear,Holiday,2,12,0,0,128
2023-04-20,Delhi,Domestic Helper,Clear,Normal day,3,4,0,0,100
2025-12-01,Mumbai,Electrician,Extreme heat,Normal day,0,12,0,0,128
2024-01-15,Mumbai,Caregiver,Clear,Normal day,0,1,0,0,75
2024-09-24,Bengaluru,Technician,Rain,Normal day,1,9,0,0,123
2025-06-17,Bengaluru,Technician,Rain,Normal day,1,6,0,0,115
2025-04-07,Mumbai,Caregiver,Clear,Normal day,0,4,0,0,75
2025-02-13,Hyderabad,Painter,Clear,Normal day,3,2,0,0,63
2023-02-07,Bengaluru,Domestic Helper,Rain,Normal day,1,2,0,0,110
2025-09-25,Mumbai,Carpenter,Rain,Normal day,3,9,0,0,113
2025-04-18,Mumbai,Carpenter,Extreme heat,Normal day,4,4,0,0,115
2023-02-07,Bengaluru,Plumber,Clear,Normal day,1,2,0,0,89
2024-01-22,Bengaluru,Electrician,Clear,Normal day,0,1,0,0,87
2024-02-11,Hyderabad,Caregiver,Clear,Normal day,6,2,1,0,80
2024-03-31,Hyderabad,Electrician,Clear,Normal day,6,3,1,1,104
2025-06-09,Delhi,Carpenter,Clear,Normal day,0,6,0,0,114
2024-07-02,Mumbai,Plumber,Clear,Normal day,1,7,0,0,110
2024-06-17,Delhi,Technician,Rain,Normal day,0,6,0,0,95
2024-12-11,Delhi,Carpenter,Extreme heat,Holiday,2,12,0,0,95
2025-03-23,Delhi,Technician,Clear,Major event,6,3,1,0,153
2025-03-04,Delhi,Technician,Clear,Normal day,1,3,0,0,85
2025-12-06,Mumbai,Caregiver,Clear,Normal day,5,12,1,0,105
2023-11-01,Delhi,Technician,Clear,Holiday,2,11,0,0,128
2023-11-03,Hyderabad,Painter,Clear,Normal day,4,11,0,0,62
2023-07-20,Bengaluru,Painter,Rain,Normal day,3,7,0,0,93
2024-01-04,Delhi,Carpenter,Extreme heat,Normal day,3,1,0,0,86
2023-03-07,Delhi,Plumber,Clear,Normal day,1,3,0,0,112
2025-05-20,Bengaluru,Carpenter,Extreme heat,Normal day,1,5,0,0,105
2025-06-04,Mumbai,Caregiver,Clear,Normal day,2,6,0,0,78
2023-11-28,Hyderabad,Carpenter,Clear,Normal day,1,11,0,1,66
2023-04-03,Delhi,Electrician,Clear,Normal day,0,4,0,0,115
2023-01-10,Hyderabad,Domestic Helper,Clear,Normal day,1,1,0,0,90
2025-06-25,Hyderabad,Caregiver,Rain,Normal day,2,6,0,0,92
2023-04-07,Delhi,Domestic Helper,Clear,Holiday,4,4,0,0,124
2024-12-13,Bengaluru,Caregiver,Clear,Normal day,4,12,0,0,86
2024-08-29,Hyderabad,Domestic Helper,Clear,Holiday,3,8,0,1,113
2023-08-03,Delhi,Painter,Extreme heat,Normal day,3,8,0,0,103
2025-11-15,Hyderabad,Painter,Clear,Normal day,5,11,1,0,76
2023-06-08,Delhi,Caregiver,Rain,Normal day,3,6,0,0,138
2023-11-25,Mumbai,Domestic Helper,Clear,Normal day,5,11,1,0,127
2025-07-23,Bengaluru,Caregiver,Clear,Normal day,2,7,0,0,91
2024-07-31,Bengaluru,Carpenter,Rain,Normal day,2,7,0,1,111
2024-04-27,Mumbai,Electrician,Extreme heat,Normal day,5,4,1,1,167
2024-09-26,Hyderabad,Technician,Rain,Holiday,3,9,0,1,142
2023-07-29,Delhi,Caregiver,Extreme heat,Normal day,5,7,1,1,113
2025-10-23,Delhi,Plumber,Clear,Normal day,3,10,0,0,102
2025-02-17,Hyderabad,Technician,Clear,Normal day,0,2,0,0,72
2025-06-06,Delhi,Plumber,Rain,Normal day,4,6,0,0,144
2025-04-15,Hyderabad,Technician,Extreme heat,Normal day,1,4,0,0,83
2025-05-08,Mumbai,Caregiver,Clear,Normal day,3,5,0,0,92
2024-04-29,Hyderabad,Electrician,Extreme heat,Normal day,0,4,0,1,107
2023-07-13,Hyderabad,Technician,Rain,Normal day,3,7,0,0,125
2025-01-30,Mumbai,Carpenter,Clear,Normal day,3,1,0,1,86
2025-05-31,Hyderabad,Carpenter,Clear,Normal day,5,5,1,1,107
2025-04-13,Mumbai,Carpenter,Extreme heat,Normal day,6,4,1,0,119
2024-10-26,Bengaluru,Electrician,Clear,Holiday,5,10,1,1,129
2023-12-06,Mumbai,Caregiver,Clear,Normal day,2,12,0,0,91
2023-05-19,Delhi,Electrician,Clear,Holiday,4,5,0,0,127
2023-09-22,Bengaluru,Technician,Clear,Normal day,4,9,0,0,103
2024-09-17,Hyderabad,Carpenter,Rain,Holiday,1,9,0,0,108
2024-10-03,Hyderabad,Domestic Helper,Clear,Normal day,3,10,0,0,85
2024-07-15,Mumbai,Plumber,Rain,Holiday,0,7,0,0,153
2023-05-19,Mumbai,Carpenter,Clear,Normal day,4,5,0,0,105
2023-11-12,Delhi,Technician,Clear,Normal day,6,11,1,0,93
2025-11-08,Bengaluru,Caregiver,Clear,Normal day,5,11,1,0,74
2025-08-02,Delhi,Painter,Clear,Holiday,5,8,1,0,120
2024-08-13,Mumbai,Carpenter,Clear,Normal day,1,8,0,0,107
2025-08-03,Bengaluru,Plumber,Clear,Normal day,6,8,1,0,100
2024-10-14,Delhi,Painter,Clear,Normal day,0,10,0,0,75
2023-09-27,Bengaluru,Painter,Rain,Normal day,2,9,0,1,100
2025-07-29,Mumbai,Plumber,Rain,Normal day,1,7,0,1,146
2023-08-26,Hyderabad,Electrician,Rain,Normal day,5,8,1,1,149
2024-05-08,Mumbai,Technician,Extreme heat,Normal day,2,5,0,0,130
2024-07-20,Delhi,Plumber,Rain,Normal day,5,7,1,0,185
2023-04-06,Mumbai,Domestic Helper,Extreme heat,Major event,3,4,0,0,147
2024-02-16,Delhi,Painter,Clear,Normal day,4,2,0,0,75
2023-04-05,Mumbai,Domestic Helper,Clear,Major event,2,4,0,0,119
2023-11-11,Hyderabad,Domestic Helper,Clear,Normal day,5,11,1,0,101
2025-02-14,Delhi,Domestic Helper,Rain,Holiday,4,2,0,0,126
2024-08-23,Hyderabad,Domestic Helper,Clear,Normal day,4,8,0,0,97
2024-10-30,Bengaluru,Carpenter,Clear,Normal day,2,10,0,1,85
2023-12-08,Hyderabad,Caregiver,Clear,Normal day,4,12,0,0,77
2023-02-13,Mumbai,Plumber,Clear,Normal day,0,2,0,0,109
2023-02-03,Bengaluru,Caregiver,Clear,Normal day,4,2,0,0,71
2023-01-18,Hyderabad,Caregiver,Clear,Normal day,2,1,0,0,53
2023-10-12,Delhi,Painter,Clear,Normal day,3,10,0,0,84
2023-01-10,Mumbai,Plumber,Clear,Holiday,1,1,0,0,111
2023-09-19,Bengaluru,Painter,Rain,Normal day,1,9,0,0,106
2024-10-17,Mumbai,Technician,Extreme heat,Holiday,3,10,0,0,156
2023-11-03,Mumbai,Plumber,Clear,Normal day,4,11,0,0,138
2024-06-14,Mumbai,Carpenter,Clear,Normal day,4,6,0,0,105
2025-03-13,Bengaluru,Domestic Helper,Clear,Normal day,3,3,0,0,102
2023-06-16,Delhi,Technician,Rain,Normal day,4,6,0,0,128
2024-07-09,Mumbai,Caregiver,Clear,Normal day,1,7,0,0,110
2024-01-28,Mumbai,Plumber,Clear,Normal day,6,1,1,1,118
2025-05-20,Hyderabad,Electrician,Extreme heat,Normal day,1,5,0,0,108
2023-06-16,Bengaluru,Domestic Helper,Rain,Normal day,4,6,0,0,137
2025-03-30,Mumbai,Plumber,Rain,Normal day,6,3,1,1,158
2024-05-06,Mumbai,Painter,Extreme heat,Normal day,0,5,0,0,89
2024-01-01,Bengaluru,Technician,Clear,Normal day,0,1,0,0,85
2024-09-10,Delhi,Painter,Clear,Normal day,1,9,0,0,65
2023-04-16,Delhi,Domestic Helper,Extreme heat,Normal day,6,4,1,0,129
2025-10-05,Delhi,Technician,Clear,Normal day,6,10,1,0,111
2024-12-03,Hyderabad,Plumber,Clear,Normal day,1,12,0,0,91
2025-11-20,Delhi,Caregiver,Clear,Normal day,3,11,0,0,74
2025-06-15,Delhi,Technician,Clear,Normal day,6,6,1,0,108
2023-04-17,Hyderabad,Caregiver,Clear,Normal day,0,4,0,0,79
2024-05-19,Bengaluru,Caregiver,Extreme heat,Normal day,6,5,1,0,107
2025-06-09,Hyderabad,Painter,Rain,Normal day,0,6,0,0,77
2024-12-29,Hyderabad,Painter,Extreme heat,Normal day,6,12,1,1,79
2024-10-11,Hyderabad,Technician,Clear,Normal day,4,10,0,0,106
2024-03-31,Mumbai,Painter,Clear,Normal day,6,3,1,1,115
2023-03-18,Mumbai,Plumber,Clear,Normal day,5,3,1,0,142
2024-08-19,Bengaluru,Carpenter,Clear,Normal day,0,8,0,0,79
2025-07-28,Hyderabad,Technician,Clear,Normal day,0,7,0,1,87
2025-08-06,Bengaluru,Plumber,Rain,Normal day,2,8,0,0,145
2025-08-02,Hyderabad,Plumber,Clear,Major event,5,8,1,0,132
2024-12-24,Mumbai,Plumber,Clear,Holiday,1,12,0,0,135
2025-07-19,Delhi,Painter,Clear,Normal day,5,7,1,0,98
2024-05-17,Hyderabad,Plumber,Clear,Normal day,4,5,0,0,106
2023-02-16,Bengaluru,Electrician,Clear,Normal day,3,2,0,0,104
2024-11-12,Hyderabad,Painter,Clear,Normal day,1,11,0,0,71
2024-05-22,Delhi,Electrician,Clear,Normal day,2,5,0,0,124
2024-09-13,Delhi,Carpenter,Rain,Normal day,4,9,0,0,120
2025-11-06,Bengaluru,Technician,Clear,Normal day,3,11,0,0,119
2025-03-27,Hyderabad,Caregiver,Clear,Normal day,3,3,0,1,90
2025-11-21,Bengaluru,Plumber,Clear,Holiday,4,11,0,0,128
2024-08-09,Mumbai,Plumber,Rain,Normal day,4,8,0,0,155
2023-01-20,Mumbai,Plumber,Clear,Normal day,4,1,0,0,114
2025-09-09,Bengaluru,Technician,Clear,Normal day,1,9,0,0,87
2023-02-07,Mumbai,Domestic Helper,Clear,Holiday,1,2,0,0,91
2024-04-15,Bengaluru,Plumber,Extreme heat,Normal day,0,4,0,0,126
2023-08-04,Mumbai,Painter,Rain,Holiday,4,8,0,0,113
2025-01-26,Bengaluru,Technician,Clear,Normal day,6,1,1,1,90
2025-11-20,Bengaluru,Technician,Clear,Normal day,3,11,0,0,89
2025-01-17,Hyderabad,Plumber,Clear,Holiday,4,1,0,0,116
2023-09-30,Hyderabad,Domestic Helper,Clear,Normal day,5,9,1,1,108
2025-12-04,Mumbai,Technician,Clear,Normal day,3,12,0,0,95
2025-03-22,Mumbai,Technician,Clear,Normal day,5,3,1,0,118
2025-05-09,Mumbai,Electrician,Clear,Normal day,4,5,0,0,106
2025-07-31,Hyderabad,Plumber,Rain,Normal day,3,7,0,1,139
2023-05-11,Hyderabad,Domestic Helper,Clear,Normal day,3,5,0,0,107
2024-06-11,Hyderabad,Painter,Clear,Normal day,1,6,0,0,94
2025-04-13,Delhi,Carpenter,Extreme heat,Normal day,6,4,1,0,108
2023-09-03,Delhi,Electrician,Clear,Normal day,6,9,1,0,96
2023-12-07,Hyderabad,Technician,Extreme heat,Normal day,3,12,0,0,106
2025-07-29,Mumbai,Electrician,Rain,Normal day,1,7,0,1,162
2023-04-06,Hyderabad,Plumber,Clear,Normal day,3,4,0,0,102
2024-04-04,Bengaluru,Plumber,Clear,Normal day,3,4,0,0,106
2024-01-04,Hyderabad,Caregiver,Rain,Normal day,3,1,0,0,92
2023-08-23,Delhi,Technician,Extreme heat,Normal day,2,8,0,0,94
2023-10-29,Mumbai,Electrician,Rain,Normal day,6,10,1,1,173
2024-03-29,Delhi,Electrician,Clear,Normal day,4,3,0,1,114
2024-04-23,Mumbai,Painter,Clear,Normal day,1,4,0,0,89
2025-06-18,Mumbai,Painter,Clear,Holiday,2,6,0,0,109
2025-11-08,Delhi,Painter,Clear,Holiday,5,11,1,0,111
2024-09-08,Hyderabad,Caregiver,Clear,Normal day,6,9,1,0,79
2024-08-09,Bengaluru,Domestic Helper,Clear,Normal day,4,8,0,0,110
2024-06-15,Hyderabad,Technician,Rain,Normal day,5,6,1,0,96
2023-07-12,Hyderabad,Caregiver,Clear,Normal day,2,7,0,0,71
2023-11-21,Mumbai,Domestic Helper,Clear,Normal day,1,11,0,0,88
2024-01-31,Hyderabad,Technician,Clear,Normal day,2,1,0,1,83
2023-01-05,Bengaluru,Electrician,Clear,Major event,3,1,0,0,114
2025-09-14,Hyderabad,Domestic Helper,Clear,Normal day,6,9,1,0,89
2025-11-27,Mumbai,Caregiver,Clear,Normal day,3,11,0,1,110
2024-05-27,Bengaluru,Domestic Helper,Clear,Normal day,0,5,0,1,94
2023-04-08,Mumbai,Plumber,Clear,Holiday,5,4,1,0,143
2025-11-21,Bengaluru,Domestic Helper,Clear,Normal day,4,11,0,0,91
2023-11-04,Mumbai,Painter,Extreme heat,Normal day,5,11,1,0,89
2024-08-19,Delhi,Carpenter,Rain,Normal day,0,8,0,0,116
2024-08-03,Delhi,Painter,Rain,Normal day,5,8,1,0,103
2025-10-09,Mumbai,Carpenter,Clear,Normal day,3,10,0,0,100
2025-07-30,Bengaluru,Painter,Clear,Normal day,2,7,0,1,84
2025-03-13,Hyderabad,Painter,Clear,Normal day,3,3,0,0,73
2024-06-18,Mumbai,Technician,Clear,Normal day,1,6,0,0,104
2023-09-05,Mumbai,Painter,Clear,Normal day,1,9,0,0,81
2023-12-05,Mumbai,Painter,Clear,Normal day,1,12,0,0,80
2023-09-26,Delhi,Caregiver,Rain,Normal day,1,9,0,1,119
2024-02-23,Bengaluru,Domestic Helper,Clear,Normal day,4,2,0,0,98
2025-10-08,Bengaluru,Domestic Helper,Clear,Normal day,2,10,0,0,105
2023-06-07,Mumbai,Electrician,Rain,Normal day,2,6,0,0,133
2024-03-20,Delhi,Technician,Rain,Normal day,2,3,0,0,128
2023-08-17,Delhi,Painter,Rain,Major event,3,8,0,0,162
2025-03-07,Mumbai,Plumber,Clear,Normal day,4,3,0,0,139
2023-07-29,Mumbai,Plumber,Clear,Normal day,5,7,1,1,152
2025-11-05,Delhi,Carpenter,Clear,Normal day,2,11,0,0,101
2024-01-12,Delhi,Electrician,Clear,Holiday,4,1,0,0,122
2023-12-10,Delhi,Caregiver,Clear,Holiday,6,12,1,0,103
2024-05-17,Mumbai,Electrician,Rain,Holiday,4,5,0,0,144
2023-11-17,Bengaluru,Plumber,Clear,Normal day,4,11,0,0,104
2025-03-24,Hyderabad,Painter,Rain,Normal day,0,3,0,0,94
2025-11-16,Mumbai,Electrician,Clear,Holiday,6,11,1,0,140
2023-12-14,Delhi,Electrician,Clear,Normal day,3,12,0,0,96
2025-08-31,Delhi,Electrician,Clear,Normal day,6,8,1,1,111
2024-06-12,Bengaluru,Carpenter,Rain,Holiday,2,6,0,0,105
2025-02-18,Hyderabad,Domestic Helper,Clear,Normal day,1,2,0,0,86
2023-07-24,Delhi,Technician,Clear,Normal day,0,7,0,0,103
2023-01-06,Delhi,Domestic Helper,Clear,Normal day,4,1,0,0,113
2025-11-16,Delhi,Electrician,Rain,Normal day,6,11,1,0,141
2025-02-03,Hyderabad,Domestic Helper,Clear,Normal day,0,2,0,0,80
2024-03-14,Delhi,Electrician,Rain,Holiday,3,3,0,0,135
2025-08-03,Delhi,Technician,Clear,Normal day,6,8,1,0,100
2025-08-28,Mumbai,Plumber,Rain,Normal day,3,8,0,1,166
2025-08-25,Delhi,Electrician,Clear,Holiday,0,8,0,0,168
2024-05-23,Bengaluru,Caregiver,Clear,Normal day,3,5,0,0,95
2025-08-30,Mumbai,Carpenter,Clear,Normal day,5,8,1,1,129
2025-01-19,Delhi,Caregiver,Clear,Normal day,6,1,1,0,88
2025-07-16,Delhi,Domestic Helper,Clear,Normal day,2,7,0,0,103
2025-05-26,Hyderabad,Painter,Clear,Normal day,0,5,0,1,65
2025-06-23,Hyderabad,Domestic Helper,Clear,Major event,0,6,0,0,122
2025-06-27,Delhi,Electrician,Clear,Normal day,4,6,0,1,117
2025-03-31,Hyderabad,Plumber,Clear,Normal day,0,3,0,1,124
2024-09-04,Bengaluru,Domestic Helper,Rain,Normal day,2,9,0,0,115
2023-03-20,Hyderabad,Plumber,Clear,Normal day,0,3,0,0,85
2023-08-17,Hyderabad,Painter,Clear,Major event,3,8,0,0,110
2025-03-30,Bengaluru,Carpenter,Clear,Normal day,6,3,1,1,105
2024-09-13,Delhi,Electrician,Rain,Normal day,4,9,0,0,141
2023-06-13,Delhi,Painter,Clear,Normal day,1,6,0,0,72
2024-10-27,Delhi,Domestic Helper,Clear,Normal day,6,10,1,1,111
2024-07-09,Mumbai,Technician,Clear,Normal day,1,7,0,0,110
2024-11-02,Hyderabad,Electrician,Clear,Holiday,5,11,1,0,130
2024-04-24,Delhi,Electrician,Clear,Normal day,2,4,0,0,96
2024-09-06,Hyderabad,Plumber,Clear,Normal day,4,9,0,0,102
2023-04-05,Delhi,Domestic Helper,Clear,Normal day,2,4,0,0,86
2025-08-29,Bengaluru,Caregiver,Rain,Normal day,4,8,0,1,118
2024-04-13,Delhi,Caregiver,Extreme heat,Normal day,5,4,1,0,113
2024-01-28,Bengaluru,Painter,Clear,Normal day,6,1,1,1,80
2023-05-15,Bengaluru,Domestic Helper,Extreme heat,Normal day,0,5,0,0,101
2025-03-24,Mumbai,Caregiver,Clear,Normal day,0,3,0,0,81
2025-07-04,Hyderabad,Electrician,Rain,Normal day,4,7,0,0,145
2023-04-13,Hyderabad,Carpenter,Extreme heat,Normal day,3,4,0,0,88
2024-10-17,Mumbai,Painter,Clear,Normal day,3,10,0,0,78
2025-11-13,Bengaluru,Painter,Clear,Normal day,3,11,0,0,69
2023-03-30,Hyderabad,Carpenter,Clear,Normal day,3,3,0,1,84
2025-11-05,Hyderabad,Carpenter,Clear,Normal day,2,11,0,0,100
2024-02-02,Mumbai,Electrician,Clear,Normal day,4,2,0,0,100
2025-11-08,Delhi,Carpenter,Clear,Normal day,5,11,1,0,93
2025-09-03,Hyderabad,Electrician,Clear,Normal day,2,9,0,0,80
2024-12-01,Delhi,Domestic Helper,Clear,Normal day,6,12,1,0,120
2024-10-01,Delhi,Technician,Clear,Normal day,1,10,0,0,89
2024-04-19,Mumbai,Technician,Clear,Normal day,4,4,0,0,116
2023-06-18,Bengaluru,Caregiver,Rain,Normal day,6,6,1,0,97
2023-11-04,Hyderabad,Painter,Clear,Holiday,5,11,1,0,104
2024-12-06,Hyderabad,Plumber,Clear,Normal day,4,12,0,0,100
2023-06-16,Bengaluru,Technician,Clear,Normal day,4,6,0,0,89
2023-11-03,Bengaluru,Electrician,Clear,Normal day,4,11,0,0,102
2024-05-02,Bengaluru,Painter,Extreme heat,Normal day,3,5,0,0,88
2025-04-17,Bengaluru,Painter,Extreme heat,Normal day,3,4,0,0,106
2024-09-24,Mumbai,Technician,Clear,Normal day,1,9,0,0,106
2024-11-04,Mumbai,Domestic Helper,Clear,Normal day,0,11,0,0,107
2024-04-05,Mumbai,Caregiver,Clear,Normal day,4,4,0,0,88
2023-11-13,Delhi,Technician,Clear,Normal day,0,11,0,0,101
2023-12-04,Mumbai,Caregiver,Clear,Normal day,0,12,0,0,93
2025-03-17,Hyderabad,Painter,Clear,Normal day,0,3,0,0,59
2025-07-07,Bengaluru,Electrician,Rain,Major event,0,7,0,0,142
2023-06-18,Bengaluru,Electrician,Clear,Normal day,6,6,1,0,115
2025-05-06,Hyderabad,Painter,Extreme heat,Normal day,1,5,0,0,74
2023-01-27,Hyderabad,Technician,Clear,Normal day,4,1,0,1,81
2023-05-23,Hyderabad,Plumber,Extreme heat,Normal day,1,5,0,0,93
2025-04-27,Delhi,Electrician,Clear,Normal day,6,4,1,1,124
2024-08-27,Mumbai,Carpenter,Clear,Holiday,1,8,0,1,94
2023-09-30,Bengaluru,Carpenter,Extreme heat,Normal day,5,9,1,1,110
2025-07-23,Delhi,Domestic Helper,Extreme heat,Normal day,2,7,0,0,108
2025-09-12,Bengaluru,Domestic Helper,Rain,Normal day,4,9,0,0,119
2025-03-18,Bengaluru,Painter,Clear,Normal day,1,3,0,0,61
2024-01-24,Mumbai,Domestic Helper,Clear,Normal day,2,1,0,0,79
2023-04-10,Hyderabad,Caregiver,Clear,Normal day,0,4,0,0,69
2024-08-24,Delhi,Painter,Clear,Normal day,5,8,1,0,87
2025-02-07,Delhi,Domestic Helper,Clear,Normal day,4,2,0,0,91
2023-01-20,Hyderabad,Domestic Helper,Clear,Normal day,4,1,0,0,82
2023-07-14,Mumbai,Plumber,Clear,Normal day,4,7,0,0,131
2024-04-08,Delhi,Domestic Helper,Clear,Normal day,0,4,0,0,86
2025-09-30,Delhi,Electrician,Rain,Normal day,1,9,0,1,124
2024-03-29,Hyderabad,Carpenter,Clear,Holiday,4,3,0,1,101
2024-07-27,Hyderabad,Caregiver,Clear,Normal day,5,7,1,1,87
2024-01-18,Mumbai,Domestic Helper,Clear,Normal day,3,1,0,0,95
2024-01-30,Mumbai,Painter,Clear,Major event,1,1,0,1,107
2025-12-12,Delhi,Caregiver,Clear,Normal day,4,12,0,0,92
2025-04-26,Mumbai,Carpenter,Clear,Normal day,5,4,1,1,116
2023-02-04,Bengaluru,Plumber,Clear,Normal day,5,2,1,0,105
2023-06-15,Delhi,Caregiver,Rain,Normal day,3,6,0,0,113
2023-09-22,Delhi,Plumber,Rain,Normal day,4,9,0,0,159
2025-01-18,Mumbai,Electrician,Clear,Normal day,5,1,1,0,101
2025-01-17,Delhi,Domestic Helper,Clear,Holiday,4,1,0,0,128
2024-08-16,Delhi,Carpenter,Rain,Normal day,4,8,0,0,121
2023-07-25,Delhi,Carpenter,Clear,Normal day,1,7,0,0,88
2023-01-10,Mumbai,Electrician,Clear,Normal day,1,1,0,0,85
2025-09-02,Bengaluru,Caregiver,Rain,Normal day,1,9,0,0,100
2025-05-29,Bengaluru,Technician,Clear,Normal day,3,5,0,1,105
2023-10-17,Bengaluru,Technician,Rain,Major event,1,10,0,0,161
2025-04-14,Hyderabad,Domestic Helper,Clear,Normal day,0,4,0,0,96
2023-03-24,Bengaluru,Domestic Helper,Clear,Normal day,4,3,0,0,108
2024-09-05,Mumbai,Carpenter,Rain,Normal day,3,9,0,0,100
2025-06-06,Hyderabad,Technician,Clear,Normal day,4,6,0,0,88
2023-04-23,Delhi,Technician,Clear,Normal day,6,4,1,0,79
2025-07-31,Bengaluru,Electrician,Clear,Normal day,3,7,0,1,103
2025-10-16,Mumbai,Domestic Helper,Clear,Normal day,3,10,0,0,114
2025-04-22,Bengaluru,Painter,Extreme heat,Normal day,1,4,0,0,78
2024-05-29,Hyderabad,Plumber,Extreme heat,Normal day,2,5,0,1,117
2025-12-10,Mumbai,Domestic Helper,Clear,Normal day,2,12,0,0,90
2024-11-14,Bengaluru,Painter,Rain,Normal day,3,11,0,0,78
2023-04-22,Delhi,Painter,Clear,Major event,5,4,1,0,119
2025-12-03,Mumbai,Caregiver,Clear,Normal day,2,12,0,0,80
2025-03-11,Mumbai,Painter,Rain,Normal day,1,3,0,0,97
2025-01-11,Delhi,Plumber,Clear,Normal day,5,1,1,0,116
2024-09-20,Mumbai,Domestic Helper,Clear,Normal day,4,9,0,0,98
2025-03-19,Mumbai,Technician,Clear,Holiday,2,3,0,0,116
2024-03-02,Delhi,Domestic Helper,Clear,Normal day,5,3,1,0,110
2023-10-08,Mumbai,Technician,Clear,Normal day,6,10,1,0,106
2025-04-21,Delhi,Painter,Clear,Normal day,0,4,0,0,80
2023-03-03,Mumbai,Domestic Helper,Clear,Normal day,4,3,0,0,105
2024-10-31,Delhi,Electrician,Clear,Normal day,3,10,0,1,126
2023-05-07,Mumbai,Domestic Helper,Clear,Normal day,6,5,1,0,114
2023-09-05,Bengaluru,Carpenter,Rain,Normal day,1,9,0,0,100
2023-03-15,Delhi,Technician,Clear,Normal day,2,3,0,0,92
2024-05-09,Delhi,Electrician,Extreme heat,Normal day,3,5,0,0,124
2023-02-10,Bengaluru,Caregiver,Clear,Normal day,4,2,0,0,95
2025-04-07,Delhi,Caregiver,Clear,Normal day,0,4,0,0,67
2025-12-03,Delhi,Plumber,Clear,Holiday,2,12,0,0,117
2025-08-09,Hyderabad,Painter,Rain,Normal day,5,8,1,0,92
2025-01-20,Hyderabad,Technician,Clear,Normal day,0,1,0,0,93
2023-10-17,Mumbai,Painter,Clear,Major event,1,10,0,0,122
2024-03-06,Mumbai,Technician,Clear,Normal day,2,3,0,0,101
2025-06-22,Delhi,Domestic Helper,Clear,Normal day,6,6,1,0,90
2023-12-21,Bengaluru,Painter,Clear,Normal day,3,12,0,0,70
2024-12-28,Mumbai,Plumber,Clear,Holiday,5,12,1,1,147
2024-07-16,Hyderabad,Electrician,Rain,Normal day,1,7,0,0,125
2023-02-14,Mumbai,Caregiver,Clear,Normal day,1,2,0,0,79
2025-07-09,Mumbai,Electrician,Clear,Holiday,2,7,0,0,125
2024-05-17,Hyderabad,Caregiver,Extreme heat,Normal day,4,5,0,0,108
2024-04-14,Bengaluru,Painter,Clear,Normal day,6,4,1,0,87
2024-03-22,Hyderabad,Plumber,Clear,Normal day,4,3,0,0,106
2025-08-16,Hyderabad,Plumber,Clear,Normal day,5,8,1,0,124
2025-06-08,Delhi,Domestic Helper,Clear,Normal day,6,6,1,0,103
2025-06-01,Delhi,Carpenter,Rain,Normal day,6,6,1,0,139
2025-03-06,Bengaluru,Carpenter,Clear,Normal day,3,3,0,0,72
2025-09-29,Mumbai,Caregiver,Clear,Normal day,0,9,0,1,76
2025-10-03,Delhi,Domestic Helper,Rain,Normal day,4,10,0,0,127
2024-09-30,Mumbai,Domestic Helper,Rain,Normal day,0,9,0,1,118
2025-04-16,Hyderabad,Painter,Clear,Major event,2,4,0,0,93
2024-10-03,Bengaluru,Carpenter,Clear,Holiday,3,10,0,0,92
2024-12-11,Delhi,Carpenter,Clear,Holiday,2,12,0,0,92
2024-09-04,Bengaluru,Domestic Helper,Rain,Normal day,2,9,0,0,121
2025-02-19,Bengaluru,Electrician,Clear,Normal day,2,2,0,0,102
2023-02-26,Bengaluru,Painter,Clear,Normal day,6,2,1,1,60
2023-09-16,Hyderabad,Electrician,Rain,Normal day,5,9,1,0,113
2025-04-29,Mumbai,Caregiver,Clear,Normal day,1,4,0,1,87
2023-12-12,Delhi,Plumber,Clear,Holiday,1,12,0,0,132
2023-05-22,Bengaluru,Painter,Extreme heat,Normal day,0,5,0,0,82
2025-05-04,Bengaluru,Carpenter,Clear,Normal day,6,5,1,0,96
2023-11-08,Hyderabad,Domestic Helper,Clear,Normal day,2,11,0,0,88
2023-05-18,Delhi,Caregiver,Clear,Normal day,3,5,0,0,91
2023-01-03,Mumbai,Caregiver,Clear,Normal day,1,1,0,0,84
2023-08-04,Bengaluru,Technician,Rain,Normal day,4,8,0,0,114
2023-09-16,Delhi,Painter,Clear,Normal day,5,9,1,0,100
2023-09-04,Mumbai,Plumber,Rain,Normal day,0,9,0,0,122
2024-02-20,Delhi,Domestic Helper,Clear,Normal day,1,2,0,0,106
2023-05-06,Delhi,Painter,Extreme heat,Normal day,5,5,1,0,110
2024-02-23,Bengaluru,Painter,Clear,Normal day,4,2,0,0,74
2023-04-28,Delhi,Technician,Extreme heat,Normal day,4,4,0,1,105
2023-05-17,Bengaluru,Domestic Helper,Extreme heat,Normal day,2,5,0,0,97
2025-07-20,Bengaluru,Caregiver,Clear,Normal day,6,7,1,0,100
2025-12-30,Mumbai,Carpenter,Clear,Normal day,1,12,0,1,94
2024-08-27,Delhi,Domestic Helper,Clear,Normal day,1,8,0,1,111
2024-03-31,Bengaluru,Plumber,Clear,Normal day,6,3,1,1,102
2023-01-08,Hyderabad,Plumber,Clear,Holiday,6,1,1,0,98
2025-01-02,Bengaluru,Carpenter,Clear,Major event,3,1,0,0,96
2025-04-23,Delhi,Technician,Extreme heat,Holiday,2,4,0,0,125
2025-02-26,Mumbai,Caregiver,Clear,Normal day,2,2,0,1,93
2023-08-15,Mumbai,Electrician,Clear,Normal day,1,8,0,0,100
2024-04-24,Delhi,Domestic Helper,Extreme heat,Normal day,2,4,0,0,87
2023-10-01,Bengaluru,Technician,Clear,Normal day,6,10,1,0,93
2024-05-27,Delhi,Caregiver,Extreme heat,Normal day,0,5,0,1,109
2024-09-09,Bengaluru,Plumber,Clear,Normal day,0,9,0,0,103
2025-09-17,Hyderabad,Caregiver,Clear,Holiday,2,9,0,0,73
2023-04-22,Hyderabad,Technician,Clear,Normal day,5,4,1,0,99
2024-11-18,Mumbai,Painter,Clear,Normal day,0,11,0,0,70
2024-08-04,Delhi,Carpenter,Clear,Normal day,6,8,1,0,98
2023-03-20,Hyderabad,Painter,Clear,Normal day,0,3,0,0,59
2023-05-14,Bengaluru,Technician,Extreme heat,Normal day,6,5,1,0,128
2023-01-31,Hyderabad,Plumber,Clear,Normal day,1,1,0,1,104
2025-09-30,Bengaluru,Electrician,Rain,Normal day,1,9,0,1,111
2023-12-09,Delhi,Painter,Rain,Normal day,5,12,1,0,109
2024-07-06,Mumbai,Technician,Clear,Normal day,5,7,1,0,117
2024-11-22,Mumbai,Caregiver,Clear,Normal day,4,11,0,0,102
2023-09-15,Delhi,Domestic Helper,Clear,Normal day,4,9,0,0,97
2025-11-09,Mumbai,Plumber,Clear,Normal day,6,11,1,0,146
2024-03-28,Delhi,Electrician,Clear,Normal day,3,3,0,1,117
2025-07-05,Hyderabad,Carpenter,Rain,Normal day,5,7,1,0,116
2023-01-16,Mumbai,Plumber,Clear,Normal day,0,1,0,0,112
2023-08-15,Mumbai,Painter,Rain,Normal day,1,8,0,0,95
2025-10-08,Hyderabad,Caregiver,Clear,Holiday,2,10,0,0,102
2023-06-18,Mumbai,Caregiver,Rain,Major event,6,6,1,0,175
2024-09-17,Bengaluru,Caregiver,Clear,Normal day,1,9,0,0,80
2024-07-29,Mumbai,Electrician,Clear,Normal day,0,7,0,1,121
2025-09-07,Mumbai,Domestic Helper,Clear,Normal day,6,9,1,0,109
2024-03-06,Delhi,Technician,Clear,Holiday,2,3,0,0,103
2023-07-18,Delhi,Caregiver,Rain,Normal day,1,7,0,0,115
2024-02-11,Hyderabad,Painter,Clear,Normal day,6,2,1,0,58
2024-01-22,Hyderabad,Technician,Clear,Normal day,0,1,0,0,74
2024-09-14,Bengaluru,Domestic Helper,Rain,Normal day,5,9,1,0,140
2024-10-19,Bengaluru,Technician,Clear,Normal day,5,10,1,0,111
2024-09-26,Delhi,Technician,Clear,Normal day,3,9,0,1,86
2023-11-27,Hyderabad,Painter,Clear,Normal day,0,11,0,1,99
2024-10-07,Delhi,Technician,Rain,Normal day,0,10,0,0,96
2023-07-01,Hyderabad,Electrician,Clear,Normal day,5,7,1,0,129
2024-04-15,Mumbai,Technician,Clear,Normal day,0,4,0,0,105
2023-03-13,Bengaluru,Electrician,Clear,Normal day,0,3,0,0,77
2025-02-15,Mumbai,Carpenter,Clear,Normal day,5,2,1,0,94
2023-01-12,Delhi,Caregiver,Extreme heat,Normal day,3,1,0,0,101
2023-08-22,Bengaluru,Caregiver,Rain,Normal day,1,8,0,0,80
2023-03-06,Hyderabad,Carpenter,Clear,Normal day,0,3,0,0,62
2025-03-23,Delhi,Electrician,Extreme heat,Normal day,6,3,1,0,130
2025-05-18,Hyderabad,Caregiver,Extreme heat,Normal day,6,5,1,0,79
2024-07-14,Bengaluru,Painter,Clear,Normal day,6,7,1,0,81
2023-07-27,Mumbai,Domestic Helper,Clear,Normal day,3,7,0,1,119
2025-04-26,Mumbai,Technician,Rain,Normal day,5,4,1,1,153
2024-10-28,Hyderabad,Technician,Clear,Normal day,0,10,0,1,100
2025-12-25,Mumbai,Plumber,Clear,Normal day,3,12,0,0,129
2023-04-18,Delhi,Painter,Clear,Normal day,1,4,0,0,80
2025-05-24,Hyderabad,Painter,Extreme heat,Normal day,5,5,1,0,99
2025-06-05,Bengaluru,Plumber,Clear,Normal day,3,6,0,0,102
2024-03-23,Mumbai,Technician,Rain,Normal day,5,3,1,0,135
2024-10-01,Hyderabad,Painter,Clear,Normal day,1,10,0,0,65
2024-02-24,Mumbai,Carpenter,Clear,Normal day,5,2,1,0,104
2023-07-26,Delhi,Caregiver,Rain,Normal day,2,7,0,1,108
2024-03-12,Delhi,Caregiver,Clear,Normal day,1,3,0,0,86
2023-04-08,Mumbai,Electrician,Extreme heat,Holiday,5,4,1,0,177
2025-03-11,Hyderabad,Painter,Clear,Normal day,1,3,0,0,77
2024-06-23,Hyderabad,Domestic Helper,Extreme heat,Normal day,6,6,1,0,121
2025-07-11,Mumbai,Plumber,Clear,Holiday,4,7,0,0,130
2023-06-27,Bengaluru,Painter,Rain,Normal day,1,6,0,1,107
2023-08-23,Mumbai,Painter,Rain,Normal day,2,8,0,0,109
2023-06-18,Hyderabad,Caregiver,Clear,Normal day,6,6,1,0,84
2024-04-12,Hyderabad,Carpenter,Extreme heat,Major event,4,4,0,0,129
2024-07-10,Bengaluru,Domestic Helper,Clear,Normal day,2,7,0,0,112
2024-09-04,Delhi,Caregiver,Rain,Normal day,2,9,0,0,96
